entity_id,entity_type,declared_annual_income,kyc_status,age,geography_tier
ENT_00000,INDIVIDUAL,0,VERIFIED,35.0,metro
ENT_00001,INDIVIDUAL,1400000,VERIFIED,52.0,metro
ENT_00002,INDIVIDUAL,0,VERIFIED,31.0,metro
ENT_00003,INDIVIDUAL,9300000,VERIFIED,62.0,tier2
ENT_00004,INDIVIDUAL,1000000,VERIFIED,28.0,tier2
ENT_00005,INDIVIDUAL,1500000,VERIFIED,39.0,metro
ENT_00006,INDIVIDUAL,800000,VERIFIED,56.0,metro
ENT_00007,INDIVIDUAL,400000,VERIFIED,42.0,metro
ENT_00008,INDIVIDUAL,5600000,VERIFIED,54.0,metro
ENT_00009,INDIVIDUAL,4700000,VERIFIED,23.0,rural
ENT_00010,BUSINESS,75000000,VERIFIED,,rural
ENT_00011,INDIVIDUAL,1300000,VERIFIED,35.0,tier2
ENT_00012,INDIVIDUAL,0,VERIFIED,58.0,metro
ENT_00013,INDIVIDUAL,900000,VERIFIED,35.0,rural
ENT_00014,INDIVIDUAL,9700000,VERIFIED,38.0,rural
ENT_00015,INDIVIDUAL,300000,VERIFIED,38.0,metro
ENT_00016,INDIVIDUAL,68000000,VERIFIED,63.0,metro
ENT_00017,INDIVIDUAL,1300000,VERIFIED,47.0,metro
ENT_00018,INDIVIDUAL,7800000,VERIFIED,34.0,tier2
ENT_00019,INDIVIDUAL,5600000,VERIFIED,32.0,rural
ENT_00020,INDIVIDUAL,1500000,VERIFIED,21.0,rural
ENT_00021,INDIVIDUAL,1300000,VERIFIED,45.0,tier2
ENT_00022,INDIVIDUAL,6900000,VERIFIED,51.0,metro
ENT_00023,INDIVIDUAL,79600000,VERIFIED,64.0,metro
ENT_00024,BUSINESS,21400000,VERIFIED,,metro
ENT_00025,INDIVIDUAL,0,VERIFIED,64.0,rural
ENT_00026,INDIVIDUAL,3200000,VERIFIED,50.0,rural
ENT_00027,BUSINESS,2900000,VERIFIED,,metro
ENT_00028,INDIVIDUAL,64300000,VERIFIED,18.0,tier2
ENT_00029,INDIVIDUAL,800000,VERIFIED,37.0,metro
ENT_00030,INDIVIDUAL,2000000,VERIFIED,23.0,tier2
ENT_00031,BUSINESS,2600000,VERIFIED,,tier2
ENT_00032,BUSINESS,31600000,VERIFIED,,rural
ENT_00033,INDIVIDUAL,4900000,VERIFIED,43.0,rural
ENT_00034,INDIVIDUAL,1100000,VERIFIED,46.0,metro
ENT_00035,INDIVIDUAL,1200000,VERIFIED,53.0,metro
ENT_00036,INDIVIDUAL,0,VERIFIED,58.0,metro
ENT_00037,INDIVIDUAL,0,VERIFIED,39.0,metro
ENT_00038,INDIVIDUAL,3700000,VERIFIED,52.0,metro
ENT_00039,BUSINESS,34800000,VERIFIED,,tier2
ENT_00040,BUSINESS,9400000,VERIFIED,,metro
ENT_00041,INDIVIDUAL,1400000,VERIFIED,21.0,tier2
ENT_00042,TRUST,84500000,VERIFIED,,metro
ENT_00043,BUSINESS,7800000,VERIFIED,,metro
ENT_00044,INDIVIDUAL,600000,VERIFIED,22.0,metro
ENT_00045,BUSINESS,9300000,VERIFIED,,rural
ENT_00046,BUSINESS,3100000,VERIFIED,,metro
ENT_00047,INDIVIDUAL,1700000,VERIFIED,28.0,metro
ENT_00048,TRUST,39200000,VERIFIED,,metro
ENT_00049,TRUST,25800000,VERIFIED,,metro
ENT_00050,INDIVIDUAL,0,VERIFIED,65.0,tier2
ENT_00051,INDIVIDUAL,0,VERIFIED,55.0,metro
ENT_00052,BUSINESS,7500000,VERIFIED,,metro
ENT_00053,INDIVIDUAL,9600000,VERIFIED,33.0,metro
ENT_00054,BUSINESS,8900000,VERIFIED,,metro
ENT_00055,INDIVIDUAL,5000000,VERIFIED,34.0,metro
ENT_00056,INDIVIDUAL,900000,VERIFIED,26.0,tier2
ENT_00057,INDIVIDUAL,1500000,VERIFIED,22.0,metro
ENT_00058,INDIVIDUAL,2200000,VERIFIED,22.0,tier2
ENT_00059,INDIVIDUAL,800000,VERIFIED,22.0,rural
ENT_00060,INDIVIDUAL,1100000,VERIFIED,63.0,metro
ENT_00061,TRUST,9500000,VERIFIED,,rural
ENT_00062,INDIVIDUAL,2700000,VERIFIED,34.0,metro
ENT_00063,INDIVIDUAL,4400000,VERIFIED,36.0,tier2
ENT_00064,INDIVIDUAL,1300000,VERIFIED,34.0,tier2
ENT_00065,INDIVIDUAL,15200000,VERIFIED,23.0,tier2
ENT_00066,BUSINESS,88900000,VERIFIED,,metro
ENT_00067,TRUST,66400000,VERIFIED,,tier2
ENT_00068,INDIVIDUAL,1400000,VERIFIED,27.0,tier2
ENT_00069,BUSINESS,6500000,VERIFIED,,metro
ENT_00070,INDIVIDUAL,1500000,VERIFIED,40.0,metro
ENT_00071,INDIVIDUAL,1500000,VERIFIED,53.0,rural
ENT_00072,INDIVIDUAL,2900000,VERIFIED,33.0,rural
ENT_00073,TRUST,12500000,VERIFIED,,metro
ENT_00074,BUSINESS,92100000,VERIFIED,,tier2
ENT_00075,INDIVIDUAL,500000,VERIFIED,62.0,metro
ENT_00076,BUSINESS,3500000,VERIFIED,,rural
ENT_00077,INDIVIDUAL,1500000,VERIFIED,32.0,metro
ENT_00078,INDIVIDUAL,700000,VERIFIED,22.0,rural
ENT_00079,INDIVIDUAL,6100000,VERIFIED,61.0,rural
ENT_00080,INDIVIDUAL,21800000,VERIFIED,34.0,metro
ENT_00081,TRUST,8600000,VERIFIED,,metro
ENT_00082,INDIVIDUAL,1200000,VERIFIED,50.0,metro
ENT_00083,BUSINESS,10000000,VERIFIED,,metro
ENT_00084,INDIVIDUAL,9700000,VERIFIED,64.0,rural
ENT_00085,INDIVIDUAL,900000,VERIFIED,22.0,rural
ENT_00086,BUSINESS,4800000,VERIFIED,,tier2
ENT_00087,INDIVIDUAL,1400000,VERIFIED,36.0,tier2
ENT_00088,INDIVIDUAL,5800000,VERIFIED,61.0,tier2
ENT_00089,INDIVIDUAL,6100000,VERIFIED,53.0,rural
ENT_00090,INDIVIDUAL,1500000,VERIFIED,55.0,tier2
ENT_00091,INDIVIDUAL,1300000,VERIFIED,31.0,tier2
ENT_00092,INDIVIDUAL,85300000,VERIFIED,28.0,tier2
ENT_00093,INDIVIDUAL,8900000,VERIFIED,39.0,metro
ENT_00094,TRUST,33000000,VERIFIED,,rural
ENT_00095,INDIVIDUAL,0,VERIFIED,48.0,tier2
ENT_00096,INDIVIDUAL,1300000,VERIFIED,54.0,metro
ENT_00097,INDIVIDUAL,600000,VERIFIED,27.0,tier2
ENT_00098,INDIVIDUAL,2300000,VERIFIED,45.0,metro
ENT_00099,BUSINESS,15100000,VERIFIED,,tier2
ENT_00100,BUSINESS,6900000,VERIFIED,,tier2
ENT_00101,TRUST,72700000,VERIFIED,,rural
ENT_00102,BUSINESS,26200000,VERIFIED,,tier2
ENT_00103,INDIVIDUAL,600000,VERIFIED,58.0,metro
ENT_00104,INDIVIDUAL,600000,VERIFIED,35.0,metro
ENT_00105,INDIVIDUAL,800000,VERIFIED,38.0,rural
ENT_00106,INDIVIDUAL,900000,VERIFIED,62.0,metro
ENT_00107,INDIVIDUAL,800000,VERIFIED,52.0,metro
ENT_00108,INDIVIDUAL,5900000,VERIFIED,55.0,rural
ENT_00109,INDIVIDUAL,8300000,VERIFIED,42.0,metro
ENT_00110,BUSINESS,97300000,VERIFIED,,rural
ENT_00111,BUSINESS,7200000,VERIFIED,,metro
ENT_00112,INDIVIDUAL,0,VERIFIED,39.0,tier2
ENT_00113,INDIVIDUAL,6900000,VERIFIED,26.0,rural
ENT_00114,INDIVIDUAL,70600000,VERIFIED,54.0,tier2
ENT_00115,INDIVIDUAL,1000000,VERIFIED,29.0,metro
ENT_00116,INDIVIDUAL,800000,VERIFIED,39.0,tier2
ENT_00117,INDIVIDUAL,6300000,VERIFIED,34.0,rural
ENT_00118,INDIVIDUAL,1600000,VERIFIED,40.0,metro
ENT_00119,INDIVIDUAL,14100000,VERIFIED,19.0,rural
ENT_00120,INDIVIDUAL,0,VERIFIED,27.0,metro
ENT_00121,INDIVIDUAL,600000,VERIFIED,47.0,tier2
ENT_00122,INDIVIDUAL,1200000,VERIFIED,65.0,tier2
ENT_00123,INDIVIDUAL,700000,VERIFIED,24.0,tier2
ENT_00124,BUSINESS,50600000,VERIFIED,,rural
ENT_00125,INDIVIDUAL,9000000,VERIFIED,33.0,metro
ENT_00126,INDIVIDUAL,8600000,VERIFIED,25.0,tier2
ENT_00127,INDIVIDUAL,0,VERIFIED,52.0,metro
ENT_00128,INDIVIDUAL,5300000,VERIFIED,18.0,rural
ENT_00129,BUSINESS,75000000,VERIFIED,,rural
ENT_00130,INDIVIDUAL,500000,VERIFIED,64.0,tier2
ENT_00131,INDIVIDUAL,7800000,VERIFIED,48.0,metro
ENT_00132,BUSINESS,97200000,VERIFIED,,metro
ENT_00133,BUSINESS,34900000,VERIFIED,,tier2
ENT_00134,INDIVIDUAL,5300000,VERIFIED,19.0,metro
ENT_00135,INDIVIDUAL,800000,VERIFIED,34.0,metro
ENT_00136,BUSINESS,66900000,VERIFIED,,metro
ENT_00137,BUSINESS,60000000,VERIFIED,,tier2
ENT_00138,INDIVIDUAL,1400000,VERIFIED,49.0,metro
ENT_00139,INDIVIDUAL,900000,VERIFIED,62.0,metro
ENT_00140,INDIVIDUAL,1100000,VERIFIED,51.0,metro
ENT_00141,TRUST,81900000,VERIFIED,,metro
ENT_00142,INDIVIDUAL,1400000,VERIFIED,30.0,metro
ENT_00143,INDIVIDUAL,80600000,VERIFIED,29.0,metro
ENT_00144,INDIVIDUAL,1200000,VERIFIED,51.0,tier2
ENT_00145,TRUST,33200000,VERIFIED,,metro
ENT_00146,INDIVIDUAL,2600000,VERIFIED,35.0,metro
ENT_00147,INDIVIDUAL,500000,VERIFIED,58.0,rural
ENT_00148,INDIVIDUAL,8300000,VERIFIED,36.0,metro
ENT_00149,INDIVIDUAL,300000,VERIFIED,34.0,rural
ENT_00150,INDIVIDUAL,6100000,VERIFIED,49.0,metro
ENT_00151,INDIVIDUAL,0,VERIFIED,27.0,rural
ENT_00152,BUSINESS,2500000,VERIFIED,,tier2
ENT_00153,INDIVIDUAL,8900000,VERIFIED,32.0,tier2
ENT_00154,INDIVIDUAL,40400000,VERIFIED,55.0,rural
ENT_00155,INDIVIDUAL,8800000,VERIFIED,65.0,metro
ENT_00156,INDIVIDUAL,4300000,VERIFIED,60.0,metro
ENT_00157,INDIVIDUAL,3000000,VERIFIED,18.0,metro
ENT_00158,INDIVIDUAL,300000,VERIFIED,32.0,metro
ENT_00159,INDIVIDUAL,1900000,VERIFIED,61.0,metro
ENT_00160,INDIVIDUAL,8500000,VERIFIED,60.0,rural
ENT_00161,INDIVIDUAL,600000,VERIFIED,59.0,metro
ENT_00162,INDIVIDUAL,300000,VERIFIED,28.0,tier2
ENT_00163,INDIVIDUAL,4600000,VERIFIED,46.0,metro
ENT_00164,INDIVIDUAL,4400000,VERIFIED,50.0,tier2
ENT_00165,INDIVIDUAL,6500000,VERIFIED,65.0,metro
ENT_00166,INDIVIDUAL,0,VERIFIED,61.0,rural
ENT_00167,INDIVIDUAL,88300000,VERIFIED,61.0,rural
ENT_00168,INDIVIDUAL,3200000,VERIFIED,48.0,tier2
ENT_00169,INDIVIDUAL,1200000,VERIFIED,45.0,tier2
ENT_00170,INDIVIDUAL,0,VERIFIED,40.0,metro
ENT_00171,INDIVIDUAL,500000,VERIFIED,39.0,metro
ENT_00172,INDIVIDUAL,6100000,VERIFIED,53.0,metro
ENT_00173,INDIVIDUAL,400000,VERIFIED,43.0,rural
ENT_00174,BUSINESS,52300000,VERIFIED,,metro
ENT_00175,INDIVIDUAL,7300000,VERIFIED,58.0,metro
ENT_00176,INDIVIDUAL,500000,VERIFIED,36.0,metro
ENT_00177,INDIVIDUAL,1300000,VERIFIED,56.0,tier2
ENT_00178,INDIVIDUAL,300000,VERIFIED,53.0,metro
ENT_00179,INDIVIDUAL,2400000,VERIFIED,47.0,rural
ENT_00180,INDIVIDUAL,1400000,VERIFIED,36.0,tier2
ENT_00181,INDIVIDUAL,7000000,VERIFIED,33.0,metro
ENT_00182,INDIVIDUAL,1200000,VERIFIED,50.0,tier2
ENT_00183,INDIVIDUAL,0,VERIFIED,44.0,metro
ENT_00184,INDIVIDUAL,300000,VERIFIED,36.0,tier2
ENT_00185,BUSINESS,98600000,VERIFIED,,metro
ENT_00186,INDIVIDUAL,1100000,VERIFIED,52.0,metro
ENT_00187,BUSINESS,8300000,VERIFIED,,metro
ENT_00188,BUSINESS,86200000,VERIFIED,,metro
ENT_00189,BUSINESS,7300000,VERIFIED,,rural
ENT_00190,INDIVIDUAL,43900000,VERIFIED,24.0,rural
ENT_00191,INDIVIDUAL,6800000,VERIFIED,18.0,tier2
ENT_00192,INDIVIDUAL,2900000,VERIFIED,22.0,metro
ENT_00193,TRUST,76500000,VERIFIED,,metro
ENT_00194,INDIVIDUAL,7800000,VERIFIED,42.0,rural
ENT_00195,INDIVIDUAL,7200000,VERIFIED,52.0,metro
ENT_00196,INDIVIDUAL,4600000,VERIFIED,32.0,tier2
ENT_00197,INDIVIDUAL,0,VERIFIED,58.0,tier2
ENT_00198,INDIVIDUAL,700000,VERIFIED,19.0,metro
ENT_00199,INDIVIDUAL,800000,VERIFIED,45.0,metro
ENT_00200,INDIVIDUAL,3300000,VERIFIED,28.0,metro
ENT_00201,INDIVIDUAL,1300000,VERIFIED,33.0,metro
ENT_00202,INDIVIDUAL,1300000,VERIFIED,34.0,metro
ENT_00203,INDIVIDUAL,6900000,VERIFIED,36.0,tier2
ENT_00204,INDIVIDUAL,800000,VERIFIED,55.0,metro
ENT_00205,TRUST,96500000,VERIFIED,,metro
ENT_00206,TRUST,4000000,VERIFIED,,metro
ENT_00207,INDIVIDUAL,1400000,VERIFIED,36.0,metro
ENT_00208,BUSINESS,8200000,VERIFIED,,rural
ENT_00209,INDIVIDUAL,72000000,VERIFIED,65.0,metro
ENT_00210,BUSINESS,8700000,VERIFIED,,rural
ENT_00211,INDIVIDUAL,700000,VERIFIED,61.0,tier2
ENT_00212,INDIVIDUAL,2700000,VERIFIED,58.0,metro
ENT_00213,INDIVIDUAL,0,VERIFIED,46.0,metro
ENT_00214,INDIVIDUAL,700000,VERIFIED,38.0,tier2
ENT_00215,INDIVIDUAL,1100000,VERIFIED,41.0,tier2
ENT_00216,BUSINESS,94400000,VERIFIED,,rural
ENT_00217,TRUST,92300000,VERIFIED,,metro
ENT_00218,TRUST,9600000,VERIFIED,,tier2
ENT_00219,TRUST,19200000,VERIFIED,,tier2
ENT_00220,INDIVIDUAL,6800000,VERIFIED,41.0,tier2
ENT_00221,INDIVIDUAL,9100000,VERIFIED,41.0,metro
ENT_00222,INDIVIDUAL,0,VERIFIED,53.0,metro
ENT_00223,INDIVIDUAL,9100000,VERIFIED,47.0,rural
ENT_00224,INDIVIDUAL,500000,VERIFIED,20.0,rural
ENT_00225,INDIVIDUAL,400000,VERIFIED,33.0,rural
ENT_00226,INDIVIDUAL,1300000,VERIFIED,65.0,tier2
ENT_00227,INDIVIDUAL,2900000,VERIFIED,44.0,tier2
ENT_00228,BUSINESS,13300000,VERIFIED,,tier2
ENT_00229,INDIVIDUAL,600000,VERIFIED,41.0,metro
ENT_00230,INDIVIDUAL,9200000,VERIFIED,40.0,metro
ENT_00231,INDIVIDUAL,96800000,VERIFIED,47.0,metro
ENT_00232,INDIVIDUAL,1200000,VERIFIED,21.0,tier2
ENT_00233,INDIVIDUAL,1200000,VERIFIED,31.0,metro
ENT_00234,INDIVIDUAL,600000,VERIFIED,32.0,metro
ENT_00235,INDIVIDUAL,10200000,VERIFIED,35.0,rural
ENT_00236,INDIVIDUAL,700000,VERIFIED,29.0,metro
ENT_00237,BUSINESS,90800000,VERIFIED,,tier2
ENT_00238,INDIVIDUAL,0,VERIFIED,34.0,metro
ENT_00239,INDIVIDUAL,1800000,VERIFIED,48.0,metro
ENT_00240,INDIVIDUAL,6700000,VERIFIED,50.0,metro
ENT_00241,INDIVIDUAL,9400000,VERIFIED,51.0,metro
ENT_00242,INDIVIDUAL,0,VERIFIED,48.0,rural
ENT_00243,INDIVIDUAL,1400000,VERIFIED,46.0,metro
ENT_00244,INDIVIDUAL,1800000,VERIFIED,26.0,metro
ENT_00245,INDIVIDUAL,5100000,VERIFIED,42.0,rural
ENT_00246,INDIVIDUAL,1200000,VERIFIED,45.0,metro
ENT_00247,INDIVIDUAL,9300000,VERIFIED,53.0,tier2
ENT_00248,INDIVIDUAL,600000,VERIFIED,44.0,metro
ENT_00249,INDIVIDUAL,400000,VERIFIED,38.0,metro
ENT_00250,INDIVIDUAL,500000,VERIFIED,61.0,rural
ENT_00251,INDIVIDUAL,2100000,VERIFIED,45.0,metro
ENT_00252,INDIVIDUAL,8100000,VERIFIED,21.0,tier2
ENT_00253,INDIVIDUAL,400000,VERIFIED,44.0,metro
ENT_00254,INDIVIDUAL,1600000,VERIFIED,36.0,tier2
ENT_00255,INDIVIDUAL,3700000,VERIFIED,27.0,tier2
ENT_00256,INDIVIDUAL,1100000,VERIFIED,41.0,metro
ENT_00257,INDIVIDUAL,900000,VERIFIED,53.0,rural
ENT_00258,BUSINESS,8700000,VERIFIED,,rural
ENT_00259,BUSINESS,4400000,VERIFIED,,tier2
ENT_00260,INDIVIDUAL,300000,VERIFIED,29.0,rural
ENT_00261,INDIVIDUAL,500000,VERIFIED,65.0,tier2
ENT_00262,INDIVIDUAL,3700000,VERIFIED,42.0,metro
ENT_00263,INDIVIDUAL,1400000,VERIFIED,38.0,tier2
ENT_00264,INDIVIDUAL,0,VERIFIED,21.0,metro
ENT_00265,INDIVIDUAL,0,VERIFIED,23.0,metro
ENT_00266,INDIVIDUAL,1000000,VERIFIED,44.0,metro
ENT_00267,INDIVIDUAL,900000,VERIFIED,25.0,metro
ENT_00268,INDIVIDUAL,1300000,VERIFIED,37.0,metro
ENT_00269,INDIVIDUAL,1000000,VERIFIED,31.0,metro
ENT_00270,INDIVIDUAL,700000,VERIFIED,36.0,metro
ENT_00271,INDIVIDUAL,3200000,VERIFIED,26.0,metro
ENT_00272,INDIVIDUAL,9500000,VERIFIED,40.0,metro
ENT_00273,BUSINESS,6800000,VERIFIED,,rural
ENT_00274,BUSINESS,82600000,VERIFIED,,tier2
ENT_00275,INDIVIDUAL,800000,VERIFIED,28.0,rural
ENT_00276,INDIVIDUAL,5600000,VERIFIED,23.0,metro
ENT_00277,INDIVIDUAL,900000,VERIFIED,51.0,metro
ENT_00278,BUSINESS,5200000,VERIFIED,,tier2
ENT_00279,INDIVIDUAL,7700000,VERIFIED,50.0,metro
ENT_00280,INDIVIDUAL,1300000,VERIFIED,27.0,metro
ENT_00281,INDIVIDUAL,1200000,VERIFIED,27.0,tier2
ENT_00282,INDIVIDUAL,1500000,VERIFIED,58.0,metro
ENT_00283,INDIVIDUAL,6700000,VERIFIED,61.0,rural
ENT_00284,INDIVIDUAL,8900000,VERIFIED,38.0,rural
ENT_00285,INDIVIDUAL,400000,VERIFIED,48.0,metro
ENT_00286,INDIVIDUAL,300000,VERIFIED,40.0,tier2
ENT_00287,INDIVIDUAL,300000,VERIFIED,41.0,rural
ENT_00288,INDIVIDUAL,2100000,VERIFIED,57.0,tier2
ENT_00289,INDIVIDUAL,1500000,VERIFIED,46.0,rural
ENT_00290,INDIVIDUAL,1200000,VERIFIED,48.0,tier2
ENT_00291,TRUST,83100000,VERIFIED,,metro
ENT_00292,INDIVIDUAL,0,VERIFIED,63.0,metro
ENT_00293,INDIVIDUAL,3000000,VERIFIED,41.0,metro
ENT_00294,INDIVIDUAL,800000,VERIFIED,61.0,tier2
ENT_00295,INDIVIDUAL,1800000,VERIFIED,39.0,metro
ENT_00296,INDIVIDUAL,1400000,VERIFIED,60.0,rural
ENT_00297,INDIVIDUAL,400000,VERIFIED,55.0,tier2
ENT_00298,BUSINESS,23200000,VERIFIED,,tier2
ENT_00299,BUSINESS,75800000,VERIFIED,,tier2
ENT_00300,BUSINESS,9200000,VERIFIED,,tier2
ENT_00301,INDIVIDUAL,0,VERIFIED,37.0,metro
ENT_00302,INDIVIDUAL,59700000,VERIFIED,30.0,metro
ENT_00303,INDIVIDUAL,0,VERIFIED,24.0,tier2
ENT_00304,INDIVIDUAL,7700000,VERIFIED,20.0,tier2
ENT_00305,BUSINESS,25700000,VERIFIED,,metro
ENT_00306,BUSINESS,6600000,VERIFIED,,metro
ENT_00307,INDIVIDUAL,6600000,VERIFIED,57.0,metro
ENT_00308,INDIVIDUAL,1100000,VERIFIED,33.0,metro
ENT_00309,BUSINESS,5700000,VERIFIED,,tier2
ENT_00310,INDIVIDUAL,1500000,VERIFIED,36.0,tier2
ENT_00311,INDIVIDUAL,500000,VERIFIED,30.0,rural
ENT_00312,INDIVIDUAL,1300000,VERIFIED,48.0,rural
ENT_00313,INDIVIDUAL,1100000,VERIFIED,25.0,metro
ENT_00314,INDIVIDUAL,1100000,VERIFIED,27.0,rural
ENT_00315,INDIVIDUAL,93600000,VERIFIED,46.0,rural
ENT_00316,BUSINESS,61400000,VERIFIED,,metro
ENT_00317,INDIVIDUAL,0,VERIFIED,32.0,metro
ENT_00318,BUSINESS,91000000,VERIFIED,,metro
ENT_00319,INDIVIDUAL,58300000,VERIFIED,62.0,rural
ENT_00320,INDIVIDUAL,1200000,VERIFIED,18.0,rural
ENT_00321,INDIVIDUAL,500000,VERIFIED,53.0,rural
ENT_00322,INDIVIDUAL,1500000,VERIFIED,36.0,metro
ENT_00323,INDIVIDUAL,1300000,VERIFIED,57.0,metro
ENT_00324,INDIVIDUAL,71100000,VERIFIED,52.0,metro
ENT_00325,INDIVIDUAL,500000,VERIFIED,36.0,metro
ENT_00326,INDIVIDUAL,900000,VERIFIED,29.0,tier2
ENT_00327,INDIVIDUAL,16900000,VERIFIED,51.0,tier2
ENT_00328,INDIVIDUAL,1200000,VERIFIED,42.0,rural
ENT_00329,INDIVIDUAL,800000,VERIFIED,34.0,tier2
ENT_00330,INDIVIDUAL,0,VERIFIED,33.0,tier2
ENT_00331,INDIVIDUAL,5200000,VERIFIED,26.0,metro
ENT_00332,INDIVIDUAL,3200000,VERIFIED,61.0,metro
ENT_00333,INDIVIDUAL,2700000,VERIFIED,22.0,tier2
ENT_00334,BUSINESS,1500000,VERIFIED,,tier2
ENT_00335,BUSINESS,62700000,VERIFIED,,metro
ENT_00336,BUSINESS,9200000,VERIFIED,,metro
ENT_00337,INDIVIDUAL,9300000,VERIFIED,39.0,metro
ENT_00338,INDIVIDUAL,900000,VERIFIED,65.0,metro
ENT_00339,TRUST,7300000,VERIFIED,,tier2
ENT_00340,INDIVIDUAL,4400000,VERIFIED,23.0,tier2
ENT_00341,INDIVIDUAL,3300000,VERIFIED,52.0,metro
ENT_00342,INDIVIDUAL,700000,VERIFIED,37.0,metro
ENT_00343,INDIVIDUAL,1000000,VERIFIED,40.0,metro
ENT_00344,INDIVIDUAL,72900000,VERIFIED,45.0,metro
ENT_00345,TRUST,9500000,VERIFIED,,tier2
ENT_00346,INDIVIDUAL,9600000,VERIFIED,28.0,rural
ENT_00347,INDIVIDUAL,6600000,VERIFIED,20.0,metro
ENT_00348,INDIVIDUAL,5600000,VERIFIED,42.0,rural
ENT_00349,INDIVIDUAL,1000000,VERIFIED,41.0,metro
ENT_00350,INDIVIDUAL,7700000,VERIFIED,41.0,metro
ENT_00351,INDIVIDUAL,400000,VERIFIED,19.0,tier2
ENT_00352,INDIVIDUAL,1100000,VERIFIED,25.0,metro
ENT_00353,INDIVIDUAL,1200000,VERIFIED,36.0,tier2
ENT_00354,TRUST,1900000,VERIFIED,,metro
ENT_00355,BUSINESS,9700000,VERIFIED,,rural
ENT_00356,TRUST,8000000,VERIFIED,,tier2
ENT_00357,BUSINESS,5600000,VERIFIED,,tier2
ENT_00358,INDIVIDUAL,500000,VERIFIED,33.0,tier2
ENT_00359,INDIVIDUAL,5700000,VERIFIED,47.0,rural
ENT_00360,INDIVIDUAL,2100000,VERIFIED,22.0,metro
ENT_00361,TRUST,88700000,VERIFIED,,metro
ENT_00362,INDIVIDUAL,800000,VERIFIED,59.0,metro
ENT_00363,INDIVIDUAL,2600000,VERIFIED,53.0,tier2
ENT_00364,INDIVIDUAL,54300000,VERIFIED,50.0,rural
ENT_00365,INDIVIDUAL,500000,VERIFIED,37.0,metro
ENT_00366,INDIVIDUAL,5400000,VERIFIED,51.0,rural
ENT_00367,BUSINESS,22800000,VERIFIED,,tier2
ENT_00368,INDIVIDUAL,0,VERIFIED,59.0,metro
ENT_00369,BUSINESS,96200000,VERIFIED,,rural
ENT_00370,INDIVIDUAL,2000000,VERIFIED,20.0,rural
ENT_00371,INDIVIDUAL,600000,VERIFIED,54.0,metro
ENT_00372,INDIVIDUAL,1300000,VERIFIED,52.0,metro
ENT_00373,TRUST,40400000,VERIFIED,,metro
ENT_00374,INDIVIDUAL,900000,VERIFIED,48.0,metro
ENT_00375,INDIVIDUAL,1400000,VERIFIED,38.0,tier2
ENT_00376,BUSINESS,5700000,VERIFIED,,tier2
ENT_00377,INDIVIDUAL,400000,VERIFIED,35.0,metro
ENT_00378,INDIVIDUAL,0,VERIFIED,42.0,rural
ENT_00379,INDIVIDUAL,26300000,VERIFIED,38.0,rural
ENT_00380,INDIVIDUAL,500000,VERIFIED,49.0,rural
ENT_00381,INDIVIDUAL,7300000,VERIFIED,19.0,metro
ENT_00382,INDIVIDUAL,600000,VERIFIED,31.0,tier2
ENT_00383,INDIVIDUAL,1200000,VERIFIED,59.0,tier2
ENT_00384,INDIVIDUAL,0,VERIFIED,24.0,metro
ENT_00385,BUSINESS,47400000,VERIFIED,,metro
ENT_00386,INDIVIDUAL,5600000,VERIFIED,53.0,metro
ENT_00387,INDIVIDUAL,1100000,VERIFIED,35.0,rural
ENT_00388,INDIVIDUAL,2600000,VERIFIED,24.0,metro
ENT_00389,INDIVIDUAL,800000,VERIFIED,27.0,metro
ENT_00390,INDIVIDUAL,1500000,VERIFIED,20.0,metro
ENT_00391,INDIVIDUAL,1000000,VERIFIED,27.0,tier2
ENT_00392,INDIVIDUAL,1200000,VERIFIED,38.0,metro
ENT_00393,TRUST,70700000,VERIFIED,,metro
ENT_00394,BUSINESS,58600000,VERIFIED,,rural
ENT_00395,INDIVIDUAL,6300000,VERIFIED,55.0,metro
ENT_00396,BUSINESS,8600000,VERIFIED,,metro
ENT_00397,TRUST,1600000,VERIFIED,,tier2
ENT_00398,INDIVIDUAL,8900000,VERIFIED,42.0,metro
ENT_00399,INDIVIDUAL,0,VERIFIED,62.0,metro
ENT_00400,INDIVIDUAL,500000,VERIFIED,44.0,tier2
ENT_00401,INDIVIDUAL,7000000,VERIFIED,65.0,tier2
ENT_00402,INDIVIDUAL,8100000,VERIFIED,38.0,rural
ENT_00403,INDIVIDUAL,500000,VERIFIED,47.0,rural
ENT_00404,INDIVIDUAL,1500000,VERIFIED,64.0,tier2
ENT_00405,BUSINESS,29600000,VERIFIED,,rural
ENT_00406,INDIVIDUAL,700000,VERIFIED,36.0,tier2
ENT_00407,INDIVIDUAL,1000000,VERIFIED,40.0,tier2
ENT_00408,BUSINESS,22400000,VERIFIED,,tier2
ENT_00409,INDIVIDUAL,6000000,VERIFIED,40.0,rural
ENT_00410,BUSINESS,83100000,VERIFIED,,metro
ENT_00411,BUSINESS,31900000,VERIFIED,,metro
ENT_00412,INDIVIDUAL,81200000,VERIFIED,35.0,metro
ENT_00413,INDIVIDUAL,4100000,VERIFIED,21.0,tier2
ENT_00414,INDIVIDUAL,1600000,VERIFIED,24.0,metro
ENT_00415,INDIVIDUAL,1500000,VERIFIED,26.0,metro
ENT_00416,INDIVIDUAL,51600000,VERIFIED,59.0,rural
ENT_00417,BUSINESS,4600000,VERIFIED,,metro
ENT_00418,INDIVIDUAL,19100000,VERIFIED,59.0,tier2
ENT_00419,INDIVIDUAL,1400000,VERIFIED,29.0,metro
ENT_00420,BUSINESS,6000000,VERIFIED,,tier2
ENT_00421,INDIVIDUAL,4700000,VERIFIED,20.0,metro
ENT_00422,INDIVIDUAL,800000,VERIFIED,36.0,metro
ENT_00423,INDIVIDUAL,2700000,VERIFIED,50.0,metro
ENT_00424,INDIVIDUAL,500000,VERIFIED,64.0,metro
ENT_00425,INDIVIDUAL,1400000,VERIFIED,39.0,tier2
ENT_00426,INDIVIDUAL,3200000,VERIFIED,57.0,rural
ENT_00427,BUSINESS,18800000,VERIFIED,,metro
ENT_00428,INDIVIDUAL,58800000,VERIFIED,38.0,rural
ENT_00429,INDIVIDUAL,1000000,VERIFIED,35.0,rural
ENT_00430,INDIVIDUAL,1100000,VERIFIED,34.0,tier2
ENT_00431,INDIVIDUAL,0,VERIFIED,25.0,metro
ENT_00432,INDIVIDUAL,10000000,VERIFIED,37.0,tier2
ENT_00433,INDIVIDUAL,47600000,VERIFIED,57.0,metro
ENT_00434,TRUST,86500000,VERIFIED,,rural
ENT_00435,INDIVIDUAL,7000000,VERIFIED,52.0,rural
ENT_00436,BUSINESS,7700000,VERIFIED,,metro
ENT_00437,INDIVIDUAL,0,VERIFIED,54.0,metro
ENT_00438,BUSINESS,8300000,VERIFIED,,tier2
ENT_00439,INDIVIDUAL,6600000,VERIFIED,25.0,tier2
ENT_00440,INDIVIDUAL,1100000,VERIFIED,46.0,rural
ENT_00441,INDIVIDUAL,6800000,VERIFIED,54.0,metro
ENT_00442,INDIVIDUAL,1200000,VERIFIED,43.0,metro
ENT_00443,INDIVIDUAL,400000,VERIFIED,20.0,metro
ENT_00444,INDIVIDUAL,1700000,VERIFIED,22.0,rural
ENT_00445,INDIVIDUAL,500000,VERIFIED,26.0,tier2
ENT_00446,TRUST,48300000,VERIFIED,,rural
ENT_00447,INDIVIDUAL,5800000,VERIFIED,42.0,metro
ENT_00448,TRUST,9300000,VERIFIED,,rural
ENT_00449,INDIVIDUAL,50200000,VERIFIED,51.0,metro
ENT_00450,TRUST,4800000,VERIFIED,,metro
ENT_00451,INDIVIDUAL,900000,VERIFIED,32.0,metro
ENT_00452,INDIVIDUAL,1400000,VERIFIED,25.0,metro
ENT_00453,INDIVIDUAL,1200000,VERIFIED,33.0,metro
ENT_00454,INDIVIDUAL,0,VERIFIED,56.0,tier2
ENT_00455,BUSINESS,6100000,VERIFIED,,metro
ENT_00456,INDIVIDUAL,1700000,VERIFIED,26.0,tier2
ENT_00457,INDIVIDUAL,8300000,VERIFIED,38.0,tier2
ENT_00458,INDIVIDUAL,4000000,VERIFIED,37.0,rural
ENT_00459,TRUST,40700000,VERIFIED,,metro
ENT_00460,INDIVIDUAL,3200000,VERIFIED,58.0,tier2
ENT_00461,INDIVIDUAL,0,VERIFIED,40.0,rural
ENT_00462,INDIVIDUAL,5000000,VERIFIED,62.0,metro
ENT_00463,INDIVIDUAL,1500000,VERIFIED,52.0,metro
ENT_00464,BUSINESS,6900000,VERIFIED,,rural
ENT_00465,INDIVIDUAL,67000000,VERIFIED,51.0,metro
ENT_00466,INDIVIDUAL,1300000,VERIFIED,23.0,rural
ENT_00467,BUSINESS,1600000,VERIFIED,,metro
ENT_00468,INDIVIDUAL,1900000,VERIFIED,30.0,rural
ENT_00469,INDIVIDUAL,3700000,VERIFIED,48.0,metro
ENT_00470,BUSINESS,3700000,VERIFIED,,rural
ENT_00471,TRUST,34800000,VERIFIED,,tier2
ENT_00472,INDIVIDUAL,600000,VERIFIED,53.0,metro
ENT_00473,INDIVIDUAL,1300000,VERIFIED,40.0,metro
ENT_00474,INDIVIDUAL,6900000,VERIFIED,24.0,rural
ENT_00475,INDIVIDUAL,5000000,VERIFIED,31.0,metro
ENT_00476,INDIVIDUAL,3800000,VERIFIED,65.0,metro
ENT_00477,INDIVIDUAL,69300000,VERIFIED,64.0,metro
ENT_00478,INDIVIDUAL,900000,VERIFIED,54.0,rural
ENT_00479,INDIVIDUAL,9700000,VERIFIED,39.0,metro
ENT_00480,BUSINESS,57100000,VERIFIED,,metro
ENT_00481,INDIVIDUAL,1400000,VERIFIED,52.0,metro
ENT_00482,BUSINESS,7700000,VERIFIED,,metro
ENT_00483,BUSINESS,1000000,VERIFIED,,metro
ENT_00484,BUSINESS,1100000,VERIFIED,,metro
ENT_00485,INDIVIDUAL,0,VERIFIED,58.0,tier2
ENT_00486,INDIVIDUAL,1000000,VERIFIED,19.0,metro
ENT_00487,INDIVIDUAL,0,VERIFIED,51.0,tier2
ENT_00488,INDIVIDUAL,1100000,VERIFIED,62.0,tier2
ENT_00489,BUSINESS,2200000,VERIFIED,,tier2
ENT_00490,INDIVIDUAL,4200000,VERIFIED,40.0,metro
ENT_00491,INDIVIDUAL,900000,VERIFIED,47.0,tier2
ENT_00492,TRUST,9300000,VERIFIED,,rural
ENT_00493,INDIVIDUAL,0,VERIFIED,43.0,metro
ENT_00494,INDIVIDUAL,0,VERIFIED,18.0,tier2
ENT_00495,INDIVIDUAL,9200000,VERIFIED,39.0,tier2
ENT_00496,BUSINESS,3900000,VERIFIED,,metro
ENT_00497,BUSINESS,37700000,VERIFIED,,metro
ENT_00498,INDIVIDUAL,65600000,VERIFIED,54.0,tier2
ENT_00499,INDIVIDUAL,1200000,VERIFIED,31.0,tier2
ENT_00500,INDIVIDUAL,6000000,VERIFIED,22.0,metro
ENT_00501,INDIVIDUAL,5900000,VERIFIED,61.0,rural
ENT_00502,INDIVIDUAL,2700000,VERIFIED,62.0,tier2
ENT_00503,INDIVIDUAL,15400000,VERIFIED,24.0,metro
ENT_00504,BUSINESS,89200000,VERIFIED,,metro
ENT_00505,INDIVIDUAL,6700000,VERIFIED,49.0,metro
ENT_00506,INDIVIDUAL,500000,VERIFIED,61.0,tier2
ENT_00507,INDIVIDUAL,4700000,VERIFIED,33.0,tier2
ENT_00508,INDIVIDUAL,1400000,VERIFIED,58.0,metro
ENT_00509,INDIVIDUAL,400000,VERIFIED,18.0,rural
ENT_00510,INDIVIDUAL,2300000,VERIFIED,26.0,metro
ENT_00511,INDIVIDUAL,7500000,VERIFIED,44.0,metro
ENT_00512,INDIVIDUAL,8600000,VERIFIED,56.0,tier2
ENT_00513,BUSINESS,49700000,VERIFIED,,tier2
ENT_00514,INDIVIDUAL,4100000,VERIFIED,54.0,tier2
ENT_00515,INDIVIDUAL,700000,VERIFIED,37.0,metro
ENT_00516,INDIVIDUAL,700000,VERIFIED,44.0,metro
ENT_00517,INDIVIDUAL,600000,VERIFIED,64.0,tier2
ENT_00518,INDIVIDUAL,400000,VERIFIED,26.0,metro
ENT_00519,BUSINESS,92300000,VERIFIED,,rural
ENT_00520,INDIVIDUAL,1300000,VERIFIED,56.0,metro
ENT_00521,INDIVIDUAL,30500000,VERIFIED,48.0,metro
ENT_00522,TRUST,85200000,VERIFIED,,tier2
ENT_00523,INDIVIDUAL,4100000,VERIFIED,38.0,metro
ENT_00524,BUSINESS,8200000,VERIFIED,,metro
ENT_00525,TRUST,6900000,VERIFIED,,rural
ENT_00526,INDIVIDUAL,9800000,VERIFIED,22.0,rural
ENT_00527,INDIVIDUAL,1000000,VERIFIED,26.0,tier2
ENT_00528,INDIVIDUAL,6400000,VERIFIED,42.0,metro
ENT_00529,TRUST,64700000,VERIFIED,,tier2
ENT_00530,BUSINESS,5600000,VERIFIED,,tier2
ENT_00531,BUSINESS,2300000,VERIFIED,,tier2
ENT_00532,INDIVIDUAL,1300000,VERIFIED,57.0,metro
ENT_00533,TRUST,87000000,VERIFIED,,metro
ENT_00534,INDIVIDUAL,400000,VERIFIED,34.0,metro
ENT_00535,INDIVIDUAL,9800000,VERIFIED,54.0,metro
ENT_00536,INDIVIDUAL,1300000,VERIFIED,55.0,tier2
ENT_00537,INDIVIDUAL,59400000,VERIFIED,24.0,metro
ENT_00538,BUSINESS,5400000,VERIFIED,,metro
ENT_00539,INDIVIDUAL,1000000,VERIFIED,40.0,metro
ENT_00540,INDIVIDUAL,5000000,VERIFIED,22.0,metro
ENT_00541,BUSINESS,76300000,VERIFIED,,metro
ENT_00542,BUSINESS,7600000,VERIFIED,,metro
ENT_00543,INDIVIDUAL,6900000,VERIFIED,32.0,tier2
ENT_00544,INDIVIDUAL,1300000,VERIFIED,45.0,metro
ENT_00545,INDIVIDUAL,6700000,VERIFIED,55.0,metro
ENT_00546,INDIVIDUAL,700000,VERIFIED,63.0,rural
ENT_00547,INDIVIDUAL,1100000,VERIFIED,29.0,metro
ENT_00548,INDIVIDUAL,1300000,VERIFIED,49.0,tier2
ENT_00549,INDIVIDUAL,8800000,VERIFIED,43.0,tier2
ENT_00550,INDIVIDUAL,8900000,VERIFIED,29.0,rural
ENT_00551,INDIVIDUAL,1200000,VERIFIED,55.0,metro
ENT_00552,INDIVIDUAL,700000,VERIFIED,25.0,metro
ENT_00553,INDIVIDUAL,6300000,VERIFIED,56.0,metro
ENT_00554,INDIVIDUAL,1300000,VERIFIED,52.0,tier2
ENT_00555,INDIVIDUAL,66800000,VERIFIED,28.0,metro
ENT_00556,INDIVIDUAL,1000000,VERIFIED,57.0,metro
ENT_00557,INDIVIDUAL,0,VERIFIED,26.0,metro
ENT_00558,INDIVIDUAL,9300000,VERIFIED,49.0,metro
ENT_00559,INDIVIDUAL,6600000,VERIFIED,49.0,metro
ENT_00560,INDIVIDUAL,3800000,VERIFIED,36.0,metro
ENT_00561,INDIVIDUAL,1500000,VERIFIED,47.0,tier2
ENT_00562,INDIVIDUAL,1100000,VERIFIED,25.0,tier2
ENT_00563,INDIVIDUAL,5600000,VERIFIED,52.0,rural
ENT_00564,INDIVIDUAL,7900000,VERIFIED,31.0,rural
ENT_00565,INDIVIDUAL,4100000,VERIFIED,37.0,rural
ENT_00566,INDIVIDUAL,400000,VERIFIED,46.0,rural
ENT_00567,INDIVIDUAL,3600000,VERIFIED,65.0,tier2
ENT_00568,INDIVIDUAL,9000000,VERIFIED,45.0,metro
ENT_00569,INDIVIDUAL,600000,VERIFIED,21.0,tier2
ENT_00570,INDIVIDUAL,3100000,VERIFIED,38.0,rural
ENT_00571,INDIVIDUAL,7500000,VERIFIED,61.0,rural
ENT_00572,INDIVIDUAL,6200000,VERIFIED,21.0,rural
ENT_00573,BUSINESS,4100000,VERIFIED,,metro
ENT_00574,INDIVIDUAL,1300000,VERIFIED,43.0,metro
ENT_00575,INDIVIDUAL,900000,VERIFIED,42.0,metro
ENT_00576,INDIVIDUAL,2100000,VERIFIED,43.0,tier2
ENT_00577,INDIVIDUAL,47700000,VERIFIED,47.0,rural
ENT_00578,INDIVIDUAL,0,VERIFIED,64.0,metro
ENT_00579,TRUST,97000000,VERIFIED,,metro
ENT_00580,INDIVIDUAL,900000,VERIFIED,31.0,metro
ENT_00581,INDIVIDUAL,1100000,VERIFIED,54.0,metro
ENT_00582,BUSINESS,1500000,VERIFIED,,metro
ENT_00583,INDIVIDUAL,400000,VERIFIED,28.0,metro
ENT_00584,INDIVIDUAL,30700000,VERIFIED,62.0,rural
ENT_00585,BUSINESS,19500000,VERIFIED,,tier2
ENT_00586,INDIVIDUAL,1300000,VERIFIED,28.0,metro
ENT_00587,INDIVIDUAL,3900000,VERIFIED,45.0,tier2
ENT_00588,INDIVIDUAL,0,VERIFIED,48.0,metro
ENT_00589,INDIVIDUAL,6600000,VERIFIED,18.0,metro
ENT_00590,INDIVIDUAL,900000,VERIFIED,62.0,metro
ENT_00591,INDIVIDUAL,1400000,VERIFIED,24.0,metro
ENT_00592,INDIVIDUAL,900000,VERIFIED,26.0,tier2
ENT_00593,INDIVIDUAL,0,VERIFIED,54.0,metro
ENT_00594,INDIVIDUAL,1400000,VERIFIED,31.0,tier2
ENT_00595,INDIVIDUAL,1300000,VERIFIED,46.0,rural
ENT_00596,INDIVIDUAL,1500000,VERIFIED,25.0,tier2
ENT_00597,INDIVIDUAL,42200000,VERIFIED,26.0,metro
ENT_00598,INDIVIDUAL,1200000,VERIFIED,56.0,tier2
ENT_00599,INDIVIDUAL,12700000,VERIFIED,60.0,rural
ENT_00600,INDIVIDUAL,3400000,VERIFIED,65.0,metro
ENT_00601,INDIVIDUAL,4000000,VERIFIED,49.0,metro
ENT_00602,INDIVIDUAL,1900000,VERIFIED,51.0,rural
ENT_00603,INDIVIDUAL,800000,VERIFIED,26.0,metro
ENT_00604,BUSINESS,7000000,VERIFIED,,rural
ENT_00605,INDIVIDUAL,0,VERIFIED,22.0,metro
ENT_00606,INDIVIDUAL,90800000,VERIFIED,43.0,tier2
ENT_00607,INDIVIDUAL,6300000,VERIFIED,45.0,tier2
ENT_00608,INDIVIDUAL,8800000,VERIFIED,27.0,metro
ENT_00609,INDIVIDUAL,3600000,VERIFIED,27.0,tier2
ENT_00610,INDIVIDUAL,9300000,VERIFIED,61.0,tier2
ENT_00611,INDIVIDUAL,600000,VERIFIED,21.0,metro
ENT_00612,BUSINESS,4900000,VERIFIED,,tier2
ENT_00613,INDIVIDUAL,300000,VERIFIED,63.0,metro
ENT_00614,INDIVIDUAL,800000,VERIFIED,51.0,tier2
ENT_00615,BUSINESS,22900000,VERIFIED,,tier2
ENT_00616,BUSINESS,1300000,VERIFIED,,metro
ENT_00617,INDIVIDUAL,4300000,VERIFIED,63.0,rural
ENT_00618,INDIVIDUAL,1100000,VERIFIED,41.0,metro
ENT_00619,BUSINESS,4200000,VERIFIED,,tier2
ENT_00620,BUSINESS,3900000,VERIFIED,,tier2
ENT_00621,INDIVIDUAL,1100000,VERIFIED,33.0,metro
ENT_00622,INDIVIDUAL,28300000,VERIFIED,20.0,tier2
ENT_00623,BUSINESS,32900000,VERIFIED,,metro
ENT_00624,INDIVIDUAL,4400000,VERIFIED,22.0,tier2
ENT_00625,INDIVIDUAL,1600000,VERIFIED,29.0,metro
ENT_00626,INDIVIDUAL,0,VERIFIED,43.0,metro
ENT_00627,INDIVIDUAL,700000,VERIFIED,38.0,metro
ENT_00628,INDIVIDUAL,700000,VERIFIED,54.0,tier2
ENT_00629,INDIVIDUAL,800000,VERIFIED,55.0,rural
ENT_00630,TRUST,2900000,VERIFIED,,metro
ENT_00631,INDIVIDUAL,800000,VERIFIED,58.0,rural
ENT_00632,BUSINESS,9400000,VERIFIED,,metro
ENT_00633,INDIVIDUAL,600000,VERIFIED,51.0,rural
ENT_00634,INDIVIDUAL,24500000,VERIFIED,63.0,metro
ENT_00635,INDIVIDUAL,1100000,VERIFIED,44.0,tier2
ENT_00636,INDIVIDUAL,18600000,VERIFIED,55.0,metro
ENT_00637,INDIVIDUAL,1900000,VERIFIED,55.0,tier2
ENT_00638,INDIVIDUAL,34200000,VERIFIED,36.0,metro
ENT_00639,INDIVIDUAL,9900000,VERIFIED,65.0,metro
ENT_00640,INDIVIDUAL,600000,VERIFIED,26.0,tier2
ENT_00641,INDIVIDUAL,500000,VERIFIED,46.0,metro
ENT_00642,INDIVIDUAL,3600000,VERIFIED,46.0,metro
ENT_00643,INDIVIDUAL,500000,VERIFIED,61.0,metro
ENT_00644,INDIVIDUAL,3700000,VERIFIED,38.0,metro
ENT_00645,INDIVIDUAL,50500000,VERIFIED,50.0,metro
ENT_00646,INDIVIDUAL,3200000,VERIFIED,19.0,rural
ENT_00647,BUSINESS,2200000,VERIFIED,,metro
ENT_00648,BUSINESS,1700000,VERIFIED,,rural
ENT_00649,TRUST,48100000,VERIFIED,,tier2
ENT_00650,BUSINESS,93200000,VERIFIED,,metro
ENT_00651,TRUST,92800000,VERIFIED,,metro
ENT_00652,BUSINESS,22500000,VERIFIED,,metro
ENT_00653,INDIVIDUAL,1200000,VERIFIED,45.0,rural
ENT_00654,INDIVIDUAL,0,VERIFIED,61.0,metro
ENT_00655,INDIVIDUAL,38100000,VERIFIED,35.0,metro
ENT_00656,INDIVIDUAL,8800000,VERIFIED,33.0,tier2
ENT_00657,INDIVIDUAL,7100000,VERIFIED,21.0,metro
ENT_00658,INDIVIDUAL,1300000,VERIFIED,51.0,metro
ENT_00659,TRUST,5800000,VERIFIED,,tier2
ENT_00660,INDIVIDUAL,7200000,VERIFIED,40.0,rural
ENT_00661,INDIVIDUAL,500000,VERIFIED,19.0,metro
ENT_00662,INDIVIDUAL,4500000,VERIFIED,21.0,rural
ENT_00663,INDIVIDUAL,1200000,VERIFIED,32.0,rural
ENT_00664,INDIVIDUAL,4400000,VERIFIED,52.0,rural
ENT_00665,BUSINESS,8300000,VERIFIED,,rural
ENT_00666,INDIVIDUAL,500000,VERIFIED,29.0,metro
ENT_00667,INDIVIDUAL,5500000,VERIFIED,55.0,metro
ENT_00668,INDIVIDUAL,67700000,VERIFIED,27.0,tier2
ENT_00669,INDIVIDUAL,60400000,VERIFIED,52.0,metro
ENT_00670,INDIVIDUAL,0,VERIFIED,32.0,tier2
ENT_00671,INDIVIDUAL,800000,VERIFIED,57.0,metro
ENT_00672,INDIVIDUAL,5100000,VERIFIED,21.0,metro
ENT_00673,INDIVIDUAL,89200000,VERIFIED,25.0,rural
ENT_00674,BUSINESS,82100000,VERIFIED,,rural
ENT_00675,INDIVIDUAL,700000,VERIFIED,38.0,metro
ENT_00676,INDIVIDUAL,91000000,VERIFIED,58.0,rural
ENT_00677,INDIVIDUAL,1100000,VERIFIED,62.0,rural
ENT_00678,INDIVIDUAL,1300000,VERIFIED,55.0,rural
ENT_00679,INDIVIDUAL,4700000,VERIFIED,26.0,metro
ENT_00680,INDIVIDUAL,8300000,VERIFIED,43.0,rural
ENT_00681,INDIVIDUAL,3300000,VERIFIED,56.0,metro
ENT_00682,BUSINESS,7300000,VERIFIED,,metro
ENT_00683,INDIVIDUAL,800000,VERIFIED,28.0,tier2
ENT_00684,TRUST,55700000,VERIFIED,,metro
ENT_00685,INDIVIDUAL,5400000,VERIFIED,34.0,tier2
ENT_00686,INDIVIDUAL,0,VERIFIED,46.0,tier2
ENT_00687,TRUST,48700000,VERIFIED,,metro
ENT_00688,INDIVIDUAL,8300000,VERIFIED,59.0,tier2
ENT_00689,INDIVIDUAL,1500000,VERIFIED,20.0,metro
ENT_00690,INDIVIDUAL,17500000,VERIFIED,39.0,metro
ENT_00691,INDIVIDUAL,8000000,VERIFIED,23.0,metro
ENT_00692,TRUST,6500000,VERIFIED,,rural
ENT_00693,INDIVIDUAL,3000000,VERIFIED,21.0,metro
ENT_00694,INDIVIDUAL,1400000,VERIFIED,53.0,tier2
ENT_00695,INDIVIDUAL,700000,VERIFIED,37.0,metro
ENT_00696,INDIVIDUAL,7200000,VERIFIED,27.0,metro
ENT_00697,INDIVIDUAL,0,VERIFIED,60.0,tier2
ENT_00698,INDIVIDUAL,0,VERIFIED,31.0,metro
ENT_00699,INDIVIDUAL,0,VERIFIED,25.0,metro
ENT_00700,INDIVIDUAL,1300000,VERIFIED,34.0,metro
ENT_00701,INDIVIDUAL,900000,VERIFIED,41.0,metro
ENT_00702,INDIVIDUAL,700000,VERIFIED,32.0,rural
ENT_00703,INDIVIDUAL,1400000,VERIFIED,60.0,metro
ENT_00704,INDIVIDUAL,6200000,VERIFIED,55.0,metro
ENT_00705,INDIVIDUAL,1100000,VERIFIED,44.0,rural
ENT_00706,INDIVIDUAL,68600000,VERIFIED,33.0,metro
ENT_00707,INDIVIDUAL,83100000,VERIFIED,20.0,tier2
ENT_00708,BUSINESS,2500000,VERIFIED,,rural
ENT_00709,INDIVIDUAL,27100000,VERIFIED,31.0,rural
ENT_00710,INDIVIDUAL,1300000,VERIFIED,45.0,metro
ENT_00711,BUSINESS,42700000,VERIFIED,,rural
ENT_00712,BUSINESS,66900000,VERIFIED,,metro
ENT_00713,INDIVIDUAL,1000000,VERIFIED,18.0,tier2
ENT_00714,INDIVIDUAL,6300000,VERIFIED,25.0,metro
ENT_00715,INDIVIDUAL,2200000,VERIFIED,24.0,tier2
ENT_00716,INDIVIDUAL,1100000,VERIFIED,40.0,rural
ENT_00717,INDIVIDUAL,8300000,VERIFIED,56.0,metro
ENT_00718,INDIVIDUAL,1200000,VERIFIED,56.0,tier2
ENT_00719,INDIVIDUAL,800000,VERIFIED,62.0,metro
ENT_00720,INDIVIDUAL,48100000,VERIFIED,19.0,metro
ENT_00721,INDIVIDUAL,1000000,VERIFIED,62.0,tier2
ENT_00722,TRUST,86100000,VERIFIED,,metro
ENT_00723,BUSINESS,71900000,VERIFIED,,tier2
ENT_00724,INDIVIDUAL,900000,VERIFIED,65.0,metro
ENT_00725,INDIVIDUAL,300000,VERIFIED,50.0,tier2
ENT_00726,INDIVIDUAL,6100000,VERIFIED,26.0,tier2
ENT_00727,INDIVIDUAL,3200000,VERIFIED,30.0,rural
ENT_00728,INDIVIDUAL,0,VERIFIED,20.0,metro
ENT_00729,BUSINESS,47700000,VERIFIED,,rural
ENT_00730,INDIVIDUAL,2500000,VERIFIED,61.0,metro
ENT_00731,INDIVIDUAL,3200000,VERIFIED,48.0,tier2
ENT_00732,INDIVIDUAL,700000,VERIFIED,65.0,rural
ENT_00733,INDIVIDUAL,0,VERIFIED,21.0,metro
ENT_00734,INDIVIDUAL,97700000,VERIFIED,32.0,tier2
ENT_00735,INDIVIDUAL,900000,VERIFIED,50.0,metro
ENT_00736,INDIVIDUAL,1100000,VERIFIED,48.0,rural
ENT_00737,INDIVIDUAL,1100000,VERIFIED,32.0,metro
ENT_00738,BUSINESS,53300000,VERIFIED,,rural
ENT_00739,BUSINESS,6900000,VERIFIED,,metro
ENT_00740,INDIVIDUAL,8400000,VERIFIED,24.0,metro
ENT_00741,TRUST,67400000,VERIFIED,,tier2
ENT_00742,INDIVIDUAL,400000,VERIFIED,48.0,metro
ENT_00743,TRUST,36700000,VERIFIED,,tier2
ENT_00744,TRUST,2900000,VERIFIED,,tier2
ENT_00745,INDIVIDUAL,0,VERIFIED,56.0,metro
ENT_00746,INDIVIDUAL,300000,VERIFIED,59.0,metro
ENT_00747,INDIVIDUAL,51400000,VERIFIED,42.0,tier2
ENT_00748,INDIVIDUAL,93500000,VERIFIED,30.0,metro
ENT_00749,INDIVIDUAL,9100000,VERIFIED,48.0,rural
ENT_00750,INDIVIDUAL,3100000,VERIFIED,60.0,rural
ENT_00751,INDIVIDUAL,0,VERIFIED,26.0,tier2
ENT_00752,INDIVIDUAL,3300000,VERIFIED,61.0,rural
ENT_00753,INDIVIDUAL,600000,VERIFIED,65.0,rural
ENT_00754,INDIVIDUAL,5700000,VERIFIED,34.0,tier2
ENT_00755,INDIVIDUAL,300000,VERIFIED,58.0,tier2
ENT_00756,BUSINESS,7400000,VERIFIED,,metro
ENT_00757,INDIVIDUAL,6200000,VERIFIED,21.0,rural
ENT_00758,INDIVIDUAL,45000000,VERIFIED,44.0,rural
ENT_00759,BUSINESS,5000000,VERIFIED,,rural
ENT_00760,INDIVIDUAL,0,VERIFIED,39.0,tier2
ENT_00761,INDIVIDUAL,1000000,VERIFIED,46.0,metro
ENT_00762,INDIVIDUAL,1500000,VERIFIED,28.0,metro
ENT_00763,INDIVIDUAL,0,VERIFIED,57.0,metro
ENT_00764,INDIVIDUAL,1000000,VERIFIED,42.0,metro
ENT_00765,INDIVIDUAL,1100000,VERIFIED,38.0,tier2
ENT_00766,INDIVIDUAL,0,VERIFIED,18.0,tier2
ENT_00767,INDIVIDUAL,5400000,VERIFIED,37.0,metro
ENT_00768,INDIVIDUAL,3100000,VERIFIED,22.0,rural
ENT_00769,INDIVIDUAL,1400000,VERIFIED,51.0,tier2
ENT_00770,INDIVIDUAL,2700000,VERIFIED,39.0,rural
ENT_00771,INDIVIDUAL,3100000,VERIFIED,43.0,metro
ENT_00772,INDIVIDUAL,31600000,VERIFIED,64.0,metro
ENT_00773,INDIVIDUAL,1400000,VERIFIED,59.0,tier2
ENT_00774,INDIVIDUAL,7800000,VERIFIED,57.0,metro
ENT_00775,TRUST,1600000,VERIFIED,,tier2
ENT_00776,INDIVIDUAL,1100000,VERIFIED,34.0,metro
ENT_00777,INDIVIDUAL,9000000,VERIFIED,18.0,metro
ENT_00778,INDIVIDUAL,4400000,VERIFIED,57.0,tier2
ENT_00779,INDIVIDUAL,2300000,VERIFIED,50.0,tier2
ENT_00780,INDIVIDUAL,400000,VERIFIED,49.0,metro
ENT_00781,INDIVIDUAL,1100000,VERIFIED,30.0,metro
ENT_00782,INDIVIDUAL,1100000,VERIFIED,49.0,rural
ENT_00783,INDIVIDUAL,600000,VERIFIED,18.0,metro
ENT_00784,INDIVIDUAL,1200000,VERIFIED,60.0,metro
ENT_00785,BUSINESS,2200000,VERIFIED,,rural
ENT_00786,INDIVIDUAL,700000,VERIFIED,34.0,metro
ENT_00787,INDIVIDUAL,300000,VERIFIED,36.0,metro
ENT_00788,INDIVIDUAL,400000,VERIFIED,24.0,rural
ENT_00789,BUSINESS,9400000,VERIFIED,,tier2
ENT_00790,INDIVIDUAL,8900000,VERIFIED,35.0,rural
ENT_00791,INDIVIDUAL,3300000,VERIFIED,25.0,metro
ENT_00792,TRUST,80600000,VERIFIED,,rural
ENT_00793,INDIVIDUAL,3100000,VERIFIED,25.0,metro
ENT_00794,INDIVIDUAL,96400000,VERIFIED,28.0,metro
ENT_00795,BUSINESS,28500000,VERIFIED,,tier2
ENT_00796,INDIVIDUAL,9700000,VERIFIED,64.0,rural
ENT_00797,INDIVIDUAL,21500000,VERIFIED,44.0,metro
ENT_00798,INDIVIDUAL,1100000,VERIFIED,63.0,rural
ENT_00799,INDIVIDUAL,8200000,VERIFIED,32.0,rural
ENT_00800,INDIVIDUAL,1100000,VERIFIED,62.0,tier2
ENT_00801,INDIVIDUAL,4100000,VERIFIED,48.0,metro
ENT_00802,INDIVIDUAL,1100000,VERIFIED,57.0,metro
ENT_00803,INDIVIDUAL,1000000,VERIFIED,49.0,rural
ENT_00804,INDIVIDUAL,600000,VERIFIED,39.0,rural
ENT_00805,INDIVIDUAL,1300000,VERIFIED,42.0,metro
ENT_00806,INDIVIDUAL,1500000,VERIFIED,54.0,metro
ENT_00807,BUSINESS,7300000,VERIFIED,,tier2
ENT_00808,INDIVIDUAL,300000,VERIFIED,53.0,tier2
ENT_00809,BUSINESS,62000000,VERIFIED,,tier2
ENT_00810,INDIVIDUAL,800000,VERIFIED,41.0,rural
ENT_00811,BUSINESS,67300000,VERIFIED,,tier2
ENT_00812,INDIVIDUAL,5600000,VERIFIED,63.0,metro
ENT_00813,INDIVIDUAL,1000000,VERIFIED,39.0,metro
ENT_00814,INDIVIDUAL,8000000,VERIFIED,51.0,metro
ENT_00815,INDIVIDUAL,7300000,VERIFIED,26.0,rural
ENT_00816,INDIVIDUAL,700000,VERIFIED,57.0,metro
ENT_00817,INDIVIDUAL,3700000,VERIFIED,47.0,rural
ENT_00818,INDIVIDUAL,1500000,VERIFIED,44.0,metro
ENT_00819,INDIVIDUAL,2500000,VERIFIED,46.0,metro
ENT_00820,INDIVIDUAL,7300000,VERIFIED,18.0,tier2
ENT_00821,INDIVIDUAL,95800000,VERIFIED,55.0,metro
ENT_00822,INDIVIDUAL,28100000,VERIFIED,62.0,tier2
ENT_00823,INDIVIDUAL,900000,VERIFIED,60.0,tier2
ENT_00824,BUSINESS,52800000,VERIFIED,,rural
ENT_00825,BUSINESS,50700000,VERIFIED,,rural
ENT_00826,TRUST,2700000,VERIFIED,,metro
ENT_00827,INDIVIDUAL,4800000,VERIFIED,62.0,tier2
ENT_00828,INDIVIDUAL,8000000,VERIFIED,58.0,metro
ENT_00829,INDIVIDUAL,9700000,VERIFIED,40.0,rural
ENT_00830,INDIVIDUAL,3200000,VERIFIED,50.0,tier2
ENT_00831,INDIVIDUAL,5500000,VERIFIED,53.0,metro
ENT_00832,INDIVIDUAL,6300000,VERIFIED,61.0,tier2
ENT_00833,BUSINESS,92700000,VERIFIED,,metro
ENT_00834,INDIVIDUAL,300000,VERIFIED,60.0,metro
ENT_00835,INDIVIDUAL,4600000,VERIFIED,61.0,metro
ENT_00836,BUSINESS,30800000,VERIFIED,,tier2
ENT_00837,INDIVIDUAL,2300000,VERIFIED,57.0,rural
ENT_00838,INDIVIDUAL,9200000,VERIFIED,53.0,metro
ENT_00839,INDIVIDUAL,9900000,VERIFIED,36.0,tier2
ENT_00840,INDIVIDUAL,900000,VERIFIED,61.0,metro
ENT_00841,INDIVIDUAL,0,VERIFIED,34.0,metro
ENT_00842,BUSINESS,94900000,VERIFIED,,metro
ENT_00843,INDIVIDUAL,5700000,VERIFIED,55.0,tier2
ENT_00844,INDIVIDUAL,3400000,VERIFIED,36.0,metro
ENT_00845,TRUST,7500000,VERIFIED,,metro
ENT_00846,INDIVIDUAL,700000,VERIFIED,26.0,metro
ENT_00847,BUSINESS,82600000,VERIFIED,,rural
ENT_00848,INDIVIDUAL,71100000,VERIFIED,21.0,tier2
ENT_00849,INDIVIDUAL,4800000,VERIFIED,49.0,tier2
ENT_00850,INDIVIDUAL,0,VERIFIED,63.0,metro
ENT_00851,INDIVIDUAL,400000,VERIFIED,50.0,metro
ENT_00852,INDIVIDUAL,800000,VERIFIED,32.0,rural
ENT_00853,INDIVIDUAL,700000,VERIFIED,31.0,rural
ENT_00854,INDIVIDUAL,1100000,VERIFIED,59.0,metro
ENT_00855,INDIVIDUAL,1300000,VERIFIED,57.0,rural
ENT_00856,INDIVIDUAL,0,VERIFIED,38.0,metro
ENT_00857,INDIVIDUAL,700000,VERIFIED,52.0,tier2
ENT_00858,INDIVIDUAL,5700000,VERIFIED,50.0,rural
ENT_00859,INDIVIDUAL,0,VERIFIED,59.0,metro
ENT_00860,INDIVIDUAL,27100000,VERIFIED,52.0,tier2
ENT_00861,INDIVIDUAL,1300000,VERIFIED,31.0,rural
ENT_00862,INDIVIDUAL,1100000,VERIFIED,62.0,rural
ENT_00863,INDIVIDUAL,400000,VERIFIED,65.0,tier2
ENT_00864,INDIVIDUAL,1400000,VERIFIED,23.0,metro
ENT_00865,INDIVIDUAL,400000,VERIFIED,54.0,rural
ENT_00866,BUSINESS,74500000,VERIFIED,,metro
ENT_00867,INDIVIDUAL,400000,VERIFIED,52.0,metro
ENT_00868,INDIVIDUAL,0,VERIFIED,65.0,tier2
ENT_00869,INDIVIDUAL,0,VERIFIED,50.0,metro
ENT_00870,INDIVIDUAL,400000,VERIFIED,36.0,tier2
ENT_00871,INDIVIDUAL,1300000,VERIFIED,19.0,metro
ENT_00872,INDIVIDUAL,900000,VERIFIED,52.0,metro
ENT_00873,INDIVIDUAL,1500000,VERIFIED,64.0,tier2
ENT_00874,TRUST,2500000,VERIFIED,,metro
ENT_00875,INDIVIDUAL,1100000,VERIFIED,23.0,metro
ENT_00876,INDIVIDUAL,45200000,VERIFIED,31.0,metro
ENT_00877,INDIVIDUAL,3000000,VERIFIED,29.0,metro
ENT_00878,BUSINESS,9500000,VERIFIED,,tier2
ENT_00879,BUSINESS,76000000,VERIFIED,,tier2
ENT_00880,INDIVIDUAL,0,VERIFIED,24.0,metro
ENT_00881,INDIVIDUAL,46500000,VERIFIED,26.0,tier2
ENT_00882,INDIVIDUAL,400000,VERIFIED,30.0,metro
ENT_00883,INDIVIDUAL,4900000,VERIFIED,62.0,tier2
ENT_00884,INDIVIDUAL,800000,VERIFIED,45.0,metro
ENT_00885,INDIVIDUAL,9200000,VERIFIED,45.0,metro
ENT_00886,INDIVIDUAL,5200000,VERIFIED,48.0,metro
ENT_00887,INDIVIDUAL,1100000,VERIFIED,24.0,metro
ENT_00888,INDIVIDUAL,2700000,VERIFIED,52.0,metro
ENT_00889,INDIVIDUAL,1900000,VERIFIED,19.0,rural
ENT_00890,INDIVIDUAL,8400000,VERIFIED,43.0,tier2
ENT_00891,INDIVIDUAL,0,VERIFIED,34.0,tier2
ENT_00892,TRUST,5600000,VERIFIED,,metro
ENT_00893,BUSINESS,23700000,VERIFIED,,metro
ENT_00894,INDIVIDUAL,1100000,VERIFIED,18.0,tier2
ENT_00895,BUSINESS,7500000,VERIFIED,,metro
ENT_00896,INDIVIDUAL,8200000,VERIFIED,60.0,rural
ENT_00897,INDIVIDUAL,5500000,VERIFIED,20.0,metro
ENT_00898,INDIVIDUAL,0,VERIFIED,41.0,metro
ENT_00899,INDIVIDUAL,5600000,VERIFIED,42.0,metro
ENT_00900,INDIVIDUAL,0,VERIFIED,59.0,metro
ENT_00901,INDIVIDUAL,4500000,VERIFIED,65.0,metro
ENT_00902,INDIVIDUAL,1300000,VERIFIED,42.0,metro
ENT_00903,INDIVIDUAL,7600000,VERIFIED,34.0,metro
ENT_00904,BUSINESS,93600000,VERIFIED,,rural
ENT_00905,INDIVIDUAL,1200000,VERIFIED,18.0,tier2
ENT_00906,INDIVIDUAL,400000,VERIFIED,50.0,tier2
ENT_00907,INDIVIDUAL,800000,VERIFIED,56.0,tier2
ENT_00908,INDIVIDUAL,1500000,VERIFIED,39.0,tier2
ENT_00909,INDIVIDUAL,600000,VERIFIED,55.0,metro
ENT_00910,BUSINESS,2600000,VERIFIED,,tier2
ENT_00911,INDIVIDUAL,1500000,VERIFIED,54.0,metro
ENT_00912,INDIVIDUAL,62900000,VERIFIED,43.0,tier2
ENT_00913,INDIVIDUAL,0,VERIFIED,64.0,tier2
ENT_00914,BUSINESS,6700000,VERIFIED,,tier2
ENT_00915,INDIVIDUAL,600000,VERIFIED,44.0,tier2
ENT_00916,INDIVIDUAL,3300000,VERIFIED,57.0,tier2
ENT_00917,INDIVIDUAL,5300000,VERIFIED,47.0,tier2
ENT_00918,INDIVIDUAL,500000,VERIFIED,24.0,metro
ENT_00919,INDIVIDUAL,80000000,VERIFIED,44.0,rural
ENT_00920,INDIVIDUAL,1200000,VERIFIED,56.0,metro
ENT_00921,INDIVIDUAL,2500000,VERIFIED,23.0,metro
ENT_00922,INDIVIDUAL,1000000,VERIFIED,61.0,tier2
ENT_00923,INDIVIDUAL,300000,VERIFIED,62.0,tier2
ENT_00924,INDIVIDUAL,5800000,VERIFIED,40.0,tier2
ENT_00925,INDIVIDUAL,9900000,VERIFIED,54.0,metro
ENT_00926,INDIVIDUAL,600000,VERIFIED,23.0,metro
ENT_00927,BUSINESS,1000000,VERIFIED,,tier2
ENT_00928,INDIVIDUAL,2500000,VERIFIED,51.0,metro
ENT_00929,INDIVIDUAL,5000000,VERIFIED,44.0,metro
ENT_00930,INDIVIDUAL,4200000,VERIFIED,34.0,rural
ENT_00931,INDIVIDUAL,700000,VERIFIED,61.0,metro
ENT_00932,INDIVIDUAL,8100000,VERIFIED,48.0,metro
ENT_00933,INDIVIDUAL,700000,VERIFIED,54.0,metro
ENT_00934,INDIVIDUAL,9400000,VERIFIED,25.0,tier2
ENT_00935,INDIVIDUAL,3000000,VERIFIED,24.0,metro
ENT_00936,INDIVIDUAL,1100000,VERIFIED,57.0,tier2
ENT_00937,INDIVIDUAL,1300000,VERIFIED,18.0,rural
ENT_00938,BUSINESS,19000000,VERIFIED,,metro
ENT_00939,INDIVIDUAL,0,VERIFIED,20.0,tier2
ENT_00940,BUSINESS,82800000,VERIFIED,,rural
ENT_00941,INDIVIDUAL,3200000,VERIFIED,58.0,metro
ENT_00942,INDIVIDUAL,7600000,VERIFIED,36.0,metro
ENT_00943,INDIVIDUAL,9900000,VERIFIED,32.0,tier2
ENT_00944,INDIVIDUAL,1300000,VERIFIED,18.0,rural
ENT_00945,INDIVIDUAL,900000,VERIFIED,40.0,tier2
ENT_00946,INDIVIDUAL,300000,VERIFIED,65.0,tier2
ENT_00947,BUSINESS,45500000,VERIFIED,,rural
ENT_00948,INDIVIDUAL,3400000,VERIFIED,47.0,rural
ENT_00949,INDIVIDUAL,900000,VERIFIED,50.0,metro
ENT_00950,INDIVIDUAL,400000,VERIFIED,50.0,rural
ENT_00951,BUSINESS,81000000,VERIFIED,,metro
ENT_00952,INDIVIDUAL,600000,VERIFIED,39.0,rural
ENT_00953,INDIVIDUAL,1200000,VERIFIED,19.0,metro
ENT_00954,INDIVIDUAL,1500000,VERIFIED,32.0,tier2
ENT_00955,INDIVIDUAL,800000,VERIFIED,51.0,tier2
ENT_00956,INDIVIDUAL,700000,VERIFIED,23.0,metro
ENT_00957,INDIVIDUAL,1100000,VERIFIED,29.0,metro
ENT_00958,INDIVIDUAL,4400000,VERIFIED,29.0,rural
ENT_00959,INDIVIDUAL,61000000,VERIFIED,65.0,metro
ENT_00960,INDIVIDUAL,3600000,VERIFIED,32.0,metro
ENT_00961,INDIVIDUAL,2900000,VERIFIED,24.0,metro
ENT_00962,INDIVIDUAL,60400000,VERIFIED,57.0,metro
ENT_00963,BUSINESS,48000000,VERIFIED,,tier2
ENT_00964,INDIVIDUAL,68800000,VERIFIED,35.0,metro
ENT_00965,TRUST,50700000,VERIFIED,,metro
ENT_00966,INDIVIDUAL,0,VERIFIED,45.0,metro
ENT_00967,INDIVIDUAL,6000000,VERIFIED,61.0,tier2
ENT_00968,INDIVIDUAL,1100000,VERIFIED,47.0,metro
ENT_00969,INDIVIDUAL,5800000,VERIFIED,55.0,metro
ENT_00970,INDIVIDUAL,3300000,VERIFIED,53.0,metro
ENT_00971,INDIVIDUAL,45100000,VERIFIED,41.0,metro
ENT_00972,INDIVIDUAL,1500000,VERIFIED,41.0,metro
ENT_00973,INDIVIDUAL,1200000,VERIFIED,26.0,rural
ENT_00974,INDIVIDUAL,4400000,VERIFIED,33.0,tier2
ENT_00975,BUSINESS,7000000,VERIFIED,,rural
ENT_00976,INDIVIDUAL,1300000,VERIFIED,51.0,tier2
ENT_00977,INDIVIDUAL,700000,VERIFIED,53.0,rural
ENT_00978,INDIVIDUAL,0,VERIFIED,28.0,metro
ENT_00979,BUSINESS,6700000,VERIFIED,,tier2
ENT_00980,INDIVIDUAL,1100000,VERIFIED,34.0,metro
ENT_00981,INDIVIDUAL,1300000,VERIFIED,56.0,metro
ENT_00982,INDIVIDUAL,3200000,VERIFIED,36.0,metro
ENT_00983,INDIVIDUAL,1400000,VERIFIED,46.0,rural
ENT_00984,INDIVIDUAL,1300000,VERIFIED,27.0,rural
ENT_00985,INDIVIDUAL,53100000,VERIFIED,58.0,tier2
ENT_00986,INDIVIDUAL,18100000,VERIFIED,28.0,metro
ENT_00987,INDIVIDUAL,10000000,VERIFIED,35.0,tier2
ENT_00988,INDIVIDUAL,5600000,VERIFIED,65.0,tier2
ENT_00989,TRUST,1200000,VERIFIED,,metro
ENT_00990,INDIVIDUAL,1400000,VERIFIED,62.0,tier2
ENT_00991,INDIVIDUAL,400000,VERIFIED,22.0,rural
ENT_00992,INDIVIDUAL,0,VERIFIED,43.0,tier2
ENT_00993,TRUST,2000000,VERIFIED,,tier2
ENT_00994,BUSINESS,4600000,VERIFIED,,metro
ENT_00995,INDIVIDUAL,3100000,VERIFIED,19.0,metro
ENT_00996,INDIVIDUAL,98400000,VERIFIED,48.0,metro
ENT_00997,BUSINESS,23800000,VERIFIED,,rural
ENT_00998,INDIVIDUAL,1200000,VERIFIED,47.0,tier2
ENT_00999,INDIVIDUAL,7700000,VERIFIED,58.0,tier2
ENT_01000,INDIVIDUAL,1100000,VERIFIED,32.0,rural
ENT_01001,INDIVIDUAL,700000,VERIFIED,27.0,metro
ENT_01002,INDIVIDUAL,2700000,VERIFIED,40.0,metro
ENT_01003,INDIVIDUAL,7200000,VERIFIED,48.0,metro
ENT_01004,INDIVIDUAL,8600000,VERIFIED,32.0,tier2
ENT_01005,INDIVIDUAL,1100000,VERIFIED,45.0,metro
ENT_01006,INDIVIDUAL,5900000,VERIFIED,42.0,metro
ENT_01007,INDIVIDUAL,7600000,VERIFIED,57.0,rural
ENT_01008,INDIVIDUAL,1400000,VERIFIED,52.0,rural
ENT_01009,INDIVIDUAL,3300000,VERIFIED,26.0,metro
ENT_01010,INDIVIDUAL,4400000,VERIFIED,62.0,tier2
ENT_01011,INDIVIDUAL,0,VERIFIED,21.0,rural
ENT_01012,INDIVIDUAL,38800000,VERIFIED,35.0,metro
ENT_01013,INDIVIDUAL,0,VERIFIED,23.0,metro
ENT_01014,INDIVIDUAL,700000,VERIFIED,49.0,rural
ENT_01015,INDIVIDUAL,5200000,VERIFIED,23.0,rural
ENT_01016,TRUST,17300000,VERIFIED,,tier2
ENT_01017,INDIVIDUAL,4200000,VERIFIED,42.0,rural
ENT_01018,INDIVIDUAL,4100000,VERIFIED,42.0,tier2
ENT_01019,INDIVIDUAL,1400000,VERIFIED,30.0,metro
ENT_01020,INDIVIDUAL,3600000,VERIFIED,48.0,metro
ENT_01021,TRUST,9000000,VERIFIED,,tier2
ENT_01022,INDIVIDUAL,2500000,VERIFIED,34.0,metro
ENT_01023,INDIVIDUAL,300000,VERIFIED,60.0,metro
ENT_01024,INDIVIDUAL,5100000,VERIFIED,18.0,metro
ENT_01025,INDIVIDUAL,1500000,VERIFIED,33.0,metro
ENT_01026,INDIVIDUAL,7000000,VERIFIED,62.0,tier2
ENT_01027,INDIVIDUAL,0,VERIFIED,28.0,metro
ENT_01028,INDIVIDUAL,1500000,VERIFIED,58.0,metro
ENT_01029,INDIVIDUAL,1100000,VERIFIED,24.0,metro
ENT_01030,INDIVIDUAL,90700000,VERIFIED,59.0,tier2
ENT_01031,BUSINESS,1200000,VERIFIED,,tier2
ENT_01032,INDIVIDUAL,300000,VERIFIED,49.0,tier2
ENT_01033,INDIVIDUAL,7200000,VERIFIED,30.0,tier2
ENT_01034,INDIVIDUAL,1000000,VERIFIED,35.0,rural
ENT_01035,INDIVIDUAL,3000000,VERIFIED,22.0,tier2
ENT_01036,INDIVIDUAL,7900000,VERIFIED,41.0,metro
ENT_01037,INDIVIDUAL,3300000,VERIFIED,19.0,tier2
ENT_01038,INDIVIDUAL,5100000,VERIFIED,64.0,metro
ENT_01039,TRUST,7700000,VERIFIED,,tier2
ENT_01040,INDIVIDUAL,700000,VERIFIED,38.0,metro
ENT_01041,INDIVIDUAL,0,VERIFIED,60.0,metro
ENT_01042,BUSINESS,3500000,VERIFIED,,metro
ENT_01043,INDIVIDUAL,0,VERIFIED,59.0,rural
ENT_01044,INDIVIDUAL,9900000,VERIFIED,55.0,metro
ENT_01045,INDIVIDUAL,1900000,VERIFIED,18.0,rural
ENT_01046,INDIVIDUAL,400000,VERIFIED,47.0,rural
ENT_01047,INDIVIDUAL,6300000,VERIFIED,41.0,tier2
ENT_01048,INDIVIDUAL,7700000,VERIFIED,20.0,tier2
ENT_01049,BUSINESS,7600000,VERIFIED,,metro
ENT_01050,INDIVIDUAL,3400000,VERIFIED,30.0,tier2
ENT_01051,INDIVIDUAL,3200000,VERIFIED,53.0,tier2
ENT_01052,INDIVIDUAL,1300000,VERIFIED,54.0,metro
ENT_01053,INDIVIDUAL,2300000,VERIFIED,28.0,tier2
ENT_01054,INDIVIDUAL,9400000,VERIFIED,28.0,tier2
ENT_01055,INDIVIDUAL,42200000,VERIFIED,53.0,rural
ENT_01056,INDIVIDUAL,1500000,VERIFIED,58.0,metro
ENT_01057,INDIVIDUAL,8200000,VERIFIED,52.0,metro
ENT_01058,INDIVIDUAL,36000000,VERIFIED,41.0,rural
ENT_01059,INDIVIDUAL,1400000,VERIFIED,20.0,rural
ENT_01060,INDIVIDUAL,4800000,VERIFIED,18.0,metro
ENT_01061,INDIVIDUAL,1200000,VERIFIED,62.0,rural
ENT_01062,BUSINESS,2200000,VERIFIED,,metro
ENT_01063,INDIVIDUAL,800000,VERIFIED,55.0,metro
ENT_01064,INDIVIDUAL,1200000,VERIFIED,43.0,tier2
ENT_01065,INDIVIDUAL,0,VERIFIED,38.0,tier2
ENT_01066,INDIVIDUAL,9800000,VERIFIED,62.0,tier2
ENT_01067,BUSINESS,13800000,VERIFIED,,tier2
ENT_01068,INDIVIDUAL,0,VERIFIED,21.0,rural
ENT_01069,INDIVIDUAL,6500000,VERIFIED,44.0,rural
ENT_01070,INDIVIDUAL,9300000,VERIFIED,56.0,rural
ENT_01071,INDIVIDUAL,1600000,VERIFIED,37.0,tier2
ENT_01072,INDIVIDUAL,5100000,VERIFIED,50.0,tier2
ENT_01073,INDIVIDUAL,6000000,VERIFIED,46.0,tier2
ENT_01074,INDIVIDUAL,0,VERIFIED,45.0,metro
ENT_01075,INDIVIDUAL,400000,VERIFIED,48.0,tier2
ENT_01076,INDIVIDUAL,400000,VERIFIED,43.0,tier2
ENT_01077,INDIVIDUAL,500000,VERIFIED,48.0,tier2
ENT_01078,INDIVIDUAL,3500000,VERIFIED,53.0,tier2
ENT_01079,INDIVIDUAL,400000,VERIFIED,35.0,tier2
ENT_01080,INDIVIDUAL,19100000,VERIFIED,25.0,tier2
ENT_01081,INDIVIDUAL,800000,VERIFIED,40.0,tier2
ENT_01082,INDIVIDUAL,800000,VERIFIED,57.0,rural
ENT_01083,BUSINESS,14500000,VERIFIED,,rural
ENT_01084,INDIVIDUAL,2900000,VERIFIED,64.0,rural
ENT_01085,INDIVIDUAL,0,VERIFIED,57.0,rural
ENT_01086,BUSINESS,5300000,VERIFIED,,tier2
ENT_01087,INDIVIDUAL,300000,VERIFIED,39.0,metro
ENT_01088,INDIVIDUAL,1100000,VERIFIED,34.0,tier2
ENT_01089,INDIVIDUAL,81100000,VERIFIED,62.0,tier2
ENT_01090,INDIVIDUAL,63900000,VERIFIED,20.0,metro
ENT_01091,INDIVIDUAL,1400000,VERIFIED,57.0,metro
ENT_01092,INDIVIDUAL,16800000,VERIFIED,42.0,tier2
ENT_01093,INDIVIDUAL,46800000,VERIFIED,24.0,metro
ENT_01094,BUSINESS,5800000,VERIFIED,,tier2
ENT_01095,INDIVIDUAL,59600000,VERIFIED,56.0,tier2
ENT_01096,INDIVIDUAL,6800000,VERIFIED,53.0,rural
ENT_01097,INDIVIDUAL,1100000,VERIFIED,37.0,metro
ENT_01098,INDIVIDUAL,800000,VERIFIED,61.0,metro
ENT_01099,INDIVIDUAL,1100000,VERIFIED,35.0,rural
ENT_01100,INDIVIDUAL,1300000,VERIFIED,53.0,rural
ENT_01101,INDIVIDUAL,900000,VERIFIED,60.0,metro
ENT_01102,INDIVIDUAL,9600000,VERIFIED,57.0,rural
ENT_01103,INDIVIDUAL,1200000,VERIFIED,27.0,metro
ENT_01104,INDIVIDUAL,6700000,VERIFIED,52.0,metro
ENT_01105,INDIVIDUAL,9700000,VERIFIED,30.0,rural
ENT_01106,INDIVIDUAL,7700000,VERIFIED,26.0,metro
ENT_01107,BUSINESS,5000000,VERIFIED,,metro
ENT_01108,INDIVIDUAL,3300000,VERIFIED,38.0,rural
ENT_01109,INDIVIDUAL,0,VERIFIED,38.0,rural
ENT_01110,INDIVIDUAL,1000000,VERIFIED,65.0,rural
ENT_01111,BUSINESS,25500000,VERIFIED,,tier2
ENT_01112,INDIVIDUAL,1500000,VERIFIED,57.0,tier2
ENT_01113,INDIVIDUAL,8600000,VERIFIED,32.0,metro
ENT_01114,INDIVIDUAL,0,VERIFIED,48.0,metro
ENT_01115,BUSINESS,28800000,VERIFIED,,rural
ENT_01116,INDIVIDUAL,600000,VERIFIED,32.0,metro
ENT_01117,INDIVIDUAL,0,VERIFIED,35.0,rural
ENT_01118,INDIVIDUAL,3500000,VERIFIED,31.0,metro
ENT_01119,BUSINESS,80400000,VERIFIED,,metro
ENT_01120,INDIVIDUAL,900000,VERIFIED,20.0,tier2
ENT_01121,BUSINESS,72600000,VERIFIED,,rural
ENT_01122,INDIVIDUAL,9200000,VERIFIED,63.0,tier2
ENT_01123,INDIVIDUAL,300000,VERIFIED,33.0,tier2
ENT_01124,INDIVIDUAL,8100000,VERIFIED,42.0,tier2
ENT_01125,INDIVIDUAL,0,VERIFIED,36.0,metro
ENT_01126,BUSINESS,57200000,VERIFIED,,metro
ENT_01127,INDIVIDUAL,80600000,VERIFIED,51.0,rural
ENT_01128,INDIVIDUAL,2100000,VERIFIED,64.0,tier2
ENT_01129,INDIVIDUAL,9900000,VERIFIED,52.0,metro
ENT_01130,INDIVIDUAL,500000,VERIFIED,47.0,tier2
ENT_01131,INDIVIDUAL,1000000,VERIFIED,23.0,metro
ENT_01132,INDIVIDUAL,91500000,VERIFIED,28.0,tier2
ENT_01133,INDIVIDUAL,1000000,VERIFIED,58.0,metro
ENT_01134,INDIVIDUAL,1500000,VERIFIED,50.0,tier2
ENT_01135,INDIVIDUAL,1500000,VERIFIED,28.0,rural
ENT_01136,INDIVIDUAL,2900000,VERIFIED,28.0,rural
ENT_01137,INDIVIDUAL,6300000,VERIFIED,37.0,metro
ENT_01138,INDIVIDUAL,1300000,VERIFIED,29.0,metro
ENT_01139,INDIVIDUAL,1200000,VERIFIED,34.0,metro
ENT_01140,INDIVIDUAL,1500000,VERIFIED,18.0,tier2
ENT_01141,INDIVIDUAL,1300000,VERIFIED,48.0,metro
ENT_01142,INDIVIDUAL,1000000,VERIFIED,33.0,rural
ENT_01143,INDIVIDUAL,3600000,VERIFIED,21.0,metro
ENT_01144,INDIVIDUAL,500000,VERIFIED,20.0,tier2
ENT_01145,BUSINESS,1600000,VERIFIED,,metro
ENT_01146,TRUST,72500000,VERIFIED,,tier2
ENT_01147,INDIVIDUAL,8100000,VERIFIED,29.0,rural
ENT_01148,INDIVIDUAL,300000,VERIFIED,23.0,tier2
ENT_01149,INDIVIDUAL,1800000,VERIFIED,45.0,rural
ENT_01150,INDIVIDUAL,400000,VERIFIED,62.0,rural
ENT_01151,INDIVIDUAL,600000,VERIFIED,62.0,metro
ENT_01152,INDIVIDUAL,9000000,VERIFIED,51.0,rural
ENT_01153,INDIVIDUAL,10000000,VERIFIED,36.0,metro
ENT_01154,BUSINESS,23200000,VERIFIED,,tier2
ENT_01155,INDIVIDUAL,7300000,VERIFIED,49.0,rural
ENT_01156,BUSINESS,29800000,VERIFIED,,metro
ENT_01157,INDIVIDUAL,2500000,VERIFIED,65.0,rural
ENT_01158,INDIVIDUAL,52300000,VERIFIED,20.0,metro
ENT_01159,INDIVIDUAL,1100000,VERIFIED,58.0,metro
ENT_01160,INDIVIDUAL,4900000,VERIFIED,37.0,tier2
ENT_01161,INDIVIDUAL,0,VERIFIED,61.0,metro
ENT_01162,INDIVIDUAL,1300000,VERIFIED,29.0,metro
ENT_01163,BUSINESS,58500000,VERIFIED,,tier2
ENT_01164,INDIVIDUAL,1300000,VERIFIED,47.0,rural
ENT_01165,INDIVIDUAL,1500000,VERIFIED,44.0,rural
ENT_01166,INDIVIDUAL,8200000,VERIFIED,64.0,tier2
ENT_01167,INDIVIDUAL,0,VERIFIED,54.0,tier2
ENT_01168,INDIVIDUAL,5500000,VERIFIED,22.0,rural
ENT_01169,INDIVIDUAL,0,VERIFIED,42.0,tier2
ENT_01170,BUSINESS,29100000,VERIFIED,,tier2
ENT_01171,BUSINESS,82600000,VERIFIED,,metro
ENT_01172,INDIVIDUAL,600000,VERIFIED,41.0,metro
ENT_01173,TRUST,27900000,VERIFIED,,metro
ENT_01174,INDIVIDUAL,2100000,VERIFIED,46.0,tier2
ENT_01175,INDIVIDUAL,25700000,VERIFIED,30.0,metro
ENT_01176,INDIVIDUAL,4900000,VERIFIED,38.0,metro
ENT_01177,BUSINESS,3600000,VERIFIED,,tier2
ENT_01178,INDIVIDUAL,7600000,VERIFIED,25.0,metro
ENT_01179,BUSINESS,5200000,VERIFIED,,metro
ENT_01180,INDIVIDUAL,9400000,VERIFIED,65.0,metro
ENT_01181,INDIVIDUAL,600000,VERIFIED,38.0,metro
ENT_01182,INDIVIDUAL,6600000,VERIFIED,60.0,metro
ENT_01183,INDIVIDUAL,300000,VERIFIED,57.0,tier2
ENT_01184,INDIVIDUAL,8000000,VERIFIED,38.0,metro
ENT_01185,BUSINESS,3100000,VERIFIED,,metro
ENT_01186,INDIVIDUAL,1000000,VERIFIED,21.0,metro
ENT_01187,INDIVIDUAL,2300000,VERIFIED,42.0,metro
ENT_01188,INDIVIDUAL,1200000,VERIFIED,55.0,tier2
ENT_01189,INDIVIDUAL,800000,VERIFIED,37.0,metro
ENT_01190,INDIVIDUAL,7800000,VERIFIED,23.0,rural
ENT_01191,INDIVIDUAL,500000,VERIFIED,23.0,rural
ENT_01192,BUSINESS,41700000,VERIFIED,,tier2
ENT_01193,INDIVIDUAL,600000,VERIFIED,32.0,metro
ENT_01194,BUSINESS,50100000,VERIFIED,,metro
ENT_01195,BUSINESS,56400000,VERIFIED,,metro
ENT_01196,INDIVIDUAL,1000000,VERIFIED,47.0,rural
ENT_01197,INDIVIDUAL,1200000,VERIFIED,26.0,tier2
ENT_01198,INDIVIDUAL,2300000,VERIFIED,38.0,tier2
ENT_01199,INDIVIDUAL,1000000,VERIFIED,43.0,tier2
ENT_01200,INDIVIDUAL,500000,VERIFIED,48.0,metro
ENT_01201,INDIVIDUAL,8500000,VERIFIED,45.0,tier2
ENT_01202,INDIVIDUAL,7900000,VERIFIED,62.0,metro
ENT_01203,INDIVIDUAL,0,VERIFIED,63.0,tier2
ENT_01204,INDIVIDUAL,6900000,VERIFIED,38.0,tier2
ENT_01205,BUSINESS,17100000,VERIFIED,,tier2
ENT_01206,INDIVIDUAL,5800000,VERIFIED,38.0,metro
ENT_01207,INDIVIDUAL,0,VERIFIED,26.0,rural
ENT_01208,BUSINESS,2800000,VERIFIED,,tier2
ENT_01209,INDIVIDUAL,1200000,VERIFIED,54.0,metro
ENT_01210,INDIVIDUAL,4800000,VERIFIED,54.0,tier2
ENT_01211,INDIVIDUAL,54500000,VERIFIED,63.0,rural
ENT_01212,INDIVIDUAL,0,VERIFIED,18.0,tier2
ENT_01213,INDIVIDUAL,4700000,VERIFIED,21.0,metro
ENT_01214,INDIVIDUAL,0,VERIFIED,63.0,tier2
ENT_01215,TRUST,98600000,VERIFIED,,metro
ENT_01216,INDIVIDUAL,9000000,VERIFIED,38.0,tier2
ENT_01217,INDIVIDUAL,600000,VERIFIED,60.0,metro
ENT_01218,INDIVIDUAL,5600000,VERIFIED,44.0,metro
ENT_01219,TRUST,1100000,VERIFIED,,metro
ENT_01220,INDIVIDUAL,7200000,VERIFIED,60.0,metro
ENT_01221,TRUST,98000000,VERIFIED,,metro
ENT_01222,INDIVIDUAL,6400000,VERIFIED,57.0,metro
ENT_01223,INDIVIDUAL,6700000,VERIFIED,42.0,metro
ENT_01224,INDIVIDUAL,8300000,VERIFIED,49.0,rural
ENT_01225,INDIVIDUAL,6200000,VERIFIED,52.0,tier2
ENT_01226,INDIVIDUAL,0,VERIFIED,48.0,tier2
ENT_01227,INDIVIDUAL,1400000,VERIFIED,23.0,metro
ENT_01228,INDIVIDUAL,86800000,VERIFIED,35.0,metro
ENT_01229,INDIVIDUAL,2100000,VERIFIED,33.0,metro
ENT_01230,INDIVIDUAL,17900000,VERIFIED,61.0,tier2
ENT_01231,INDIVIDUAL,300000,VERIFIED,39.0,tier2
ENT_01232,INDIVIDUAL,1000000,VERIFIED,54.0,tier2
ENT_01233,INDIVIDUAL,91700000,VERIFIED,36.0,metro
ENT_01234,INDIVIDUAL,86700000,VERIFIED,37.0,tier2
ENT_01235,INDIVIDUAL,0,VERIFIED,48.0,tier2
ENT_01236,INDIVIDUAL,4700000,VERIFIED,65.0,tier2
ENT_01237,INDIVIDUAL,0,VERIFIED,50.0,metro
ENT_01238,INDIVIDUAL,1200000,VERIFIED,35.0,metro
ENT_01239,INDIVIDUAL,8700000,VERIFIED,29.0,rural
ENT_01240,INDIVIDUAL,5700000,VERIFIED,29.0,metro
ENT_01241,INDIVIDUAL,1500000,VERIFIED,51.0,rural
ENT_01242,INDIVIDUAL,0,VERIFIED,27.0,tier2
ENT_01243,BUSINESS,88800000,VERIFIED,,metro
ENT_01244,INDIVIDUAL,3100000,VERIFIED,31.0,tier2
ENT_01245,BUSINESS,87300000,VERIFIED,,rural
ENT_01246,INDIVIDUAL,1000000,VERIFIED,37.0,metro
ENT_01247,BUSINESS,5800000,VERIFIED,,tier2
ENT_01248,INDIVIDUAL,1100000,VERIFIED,45.0,metro
ENT_01249,BUSINESS,64200000,VERIFIED,,tier2
ENT_01250,INDIVIDUAL,75200000,VERIFIED,40.0,rural
ENT_01251,INDIVIDUAL,97800000,VERIFIED,35.0,metro
ENT_01252,INDIVIDUAL,0,VERIFIED,59.0,tier2
ENT_01253,INDIVIDUAL,4000000,VERIFIED,64.0,tier2
ENT_01254,INDIVIDUAL,9600000,VERIFIED,62.0,rural
ENT_01255,INDIVIDUAL,0,VERIFIED,18.0,rural
ENT_01256,INDIVIDUAL,0,VERIFIED,24.0,tier2
ENT_01257,INDIVIDUAL,4200000,VERIFIED,30.0,metro
ENT_01258,INDIVIDUAL,0,VERIFIED,56.0,tier2
ENT_01259,BUSINESS,10000000,VERIFIED,,rural
ENT_01260,INDIVIDUAL,5800000,VERIFIED,60.0,tier2
ENT_01261,INDIVIDUAL,3300000,VERIFIED,25.0,tier2
ENT_01262,INDIVIDUAL,400000,VERIFIED,58.0,metro
ENT_01263,TRUST,36300000,VERIFIED,,metro
ENT_01264,INDIVIDUAL,5800000,VERIFIED,42.0,metro
ENT_01265,INDIVIDUAL,37100000,VERIFIED,29.0,metro
ENT_01266,INDIVIDUAL,72400000,VERIFIED,43.0,metro
ENT_01267,INDIVIDUAL,1500000,VERIFIED,45.0,metro
ENT_01268,INDIVIDUAL,83200000,VERIFIED,34.0,metro
ENT_01269,INDIVIDUAL,4200000,VERIFIED,46.0,metro
ENT_01270,INDIVIDUAL,1000000,VERIFIED,20.0,tier2
ENT_01271,INDIVIDUAL,6000000,VERIFIED,54.0,metro
ENT_01272,INDIVIDUAL,7100000,VERIFIED,45.0,metro
ENT_01273,INDIVIDUAL,1800000,VERIFIED,52.0,metro
ENT_01274,INDIVIDUAL,7100000,VERIFIED,25.0,tier2
ENT_01275,BUSINESS,51000000,VERIFIED,,metro
ENT_01276,TRUST,64700000,VERIFIED,,rural
ENT_01277,INDIVIDUAL,4700000,VERIFIED,59.0,metro
ENT_01278,INDIVIDUAL,77600000,VERIFIED,30.0,metro
ENT_01279,INDIVIDUAL,1400000,VERIFIED,40.0,metro
ENT_01280,BUSINESS,2700000,VERIFIED,,metro
ENT_01281,INDIVIDUAL,34400000,VERIFIED,49.0,metro
ENT_01282,INDIVIDUAL,7300000,VERIFIED,52.0,rural
ENT_01283,BUSINESS,1400000,VERIFIED,,metro
ENT_01284,INDIVIDUAL,6100000,VERIFIED,25.0,metro
ENT_01285,INDIVIDUAL,9600000,VERIFIED,52.0,metro
ENT_01286,INDIVIDUAL,13700000,VERIFIED,65.0,metro
ENT_01287,INDIVIDUAL,1200000,VERIFIED,20.0,metro
ENT_01288,INDIVIDUAL,0,VERIFIED,58.0,metro
ENT_01289,INDIVIDUAL,6800000,VERIFIED,57.0,metro
ENT_01290,INDIVIDUAL,2300000,VERIFIED,25.0,metro
ENT_01291,INDIVIDUAL,1500000,VERIFIED,30.0,metro
ENT_01292,BUSINESS,43200000,VERIFIED,,metro
ENT_01293,INDIVIDUAL,5100000,VERIFIED,31.0,tier2
ENT_01294,INDIVIDUAL,400000,VERIFIED,35.0,metro
ENT_01295,INDIVIDUAL,8000000,VERIFIED,28.0,metro
ENT_01296,BUSINESS,9000000,VERIFIED,,tier2
ENT_01297,INDIVIDUAL,0,VERIFIED,49.0,metro
ENT_01298,INDIVIDUAL,82300000,VERIFIED,59.0,tier2
ENT_01299,INDIVIDUAL,7000000,VERIFIED,62.0,metro
ENT_01300,INDIVIDUAL,1000000,VERIFIED,44.0,metro
ENT_01301,INDIVIDUAL,8600000,VERIFIED,29.0,tier2
ENT_01302,INDIVIDUAL,0,VERIFIED,37.0,metro
ENT_01303,INDIVIDUAL,400000,VERIFIED,51.0,rural
ENT_01304,INDIVIDUAL,7900000,VERIFIED,50.0,metro
ENT_01305,INDIVIDUAL,4500000,VERIFIED,21.0,metro
ENT_01306,INDIVIDUAL,7000000,VERIFIED,49.0,metro
ENT_01307,INDIVIDUAL,0,VERIFIED,59.0,metro
ENT_01308,INDIVIDUAL,1200000,VERIFIED,47.0,metro
ENT_01309,INDIVIDUAL,28000000,VERIFIED,28.0,tier2
ENT_01310,INDIVIDUAL,600000,VERIFIED,64.0,metro
ENT_01311,INDIVIDUAL,1400000,VERIFIED,61.0,rural
ENT_01312,INDIVIDUAL,600000,VERIFIED,24.0,metro
ENT_01313,INDIVIDUAL,600000,VERIFIED,22.0,metro
ENT_01314,INDIVIDUAL,2800000,VERIFIED,31.0,rural
ENT_01315,INDIVIDUAL,500000,VERIFIED,47.0,tier2
ENT_01316,INDIVIDUAL,30700000,VERIFIED,39.0,metro
ENT_01317,INDIVIDUAL,0,VERIFIED,26.0,metro
ENT_01318,INDIVIDUAL,1500000,VERIFIED,39.0,metro
ENT_01319,INDIVIDUAL,1500000,VERIFIED,58.0,rural
ENT_01320,BUSINESS,2100000,VERIFIED,,metro
ENT_01321,INDIVIDUAL,3700000,VERIFIED,55.0,metro
ENT_01322,INDIVIDUAL,0,VERIFIED,45.0,tier2
ENT_01323,INDIVIDUAL,1200000,VERIFIED,32.0,rural
ENT_01324,INDIVIDUAL,1200000,VERIFIED,18.0,metro
ENT_01325,INDIVIDUAL,85100000,VERIFIED,50.0,metro
ENT_01326,INDIVIDUAL,1500000,VERIFIED,62.0,rural
ENT_01327,INDIVIDUAL,1100000,VERIFIED,18.0,tier2
ENT_01328,INDIVIDUAL,800000,VERIFIED,36.0,metro
ENT_01329,TRUST,26500000,VERIFIED,,tier2
ENT_01330,BUSINESS,6800000,VERIFIED,,metro
ENT_01331,INDIVIDUAL,3300000,VERIFIED,41.0,tier2
ENT_01332,INDIVIDUAL,0,VERIFIED,58.0,metro
ENT_01333,BUSINESS,4700000,VERIFIED,,metro
ENT_01334,INDIVIDUAL,65500000,VERIFIED,54.0,tier2
ENT_01335,INDIVIDUAL,0,VERIFIED,39.0,tier2
ENT_01336,INDIVIDUAL,79000000,VERIFIED,41.0,rural
ENT_01337,INDIVIDUAL,1200000,VERIFIED,20.0,metro
ENT_01338,INDIVIDUAL,1800000,VERIFIED,53.0,tier2
ENT_01339,INDIVIDUAL,34400000,VERIFIED,52.0,metro
ENT_01340,INDIVIDUAL,69400000,VERIFIED,62.0,metro
ENT_01341,INDIVIDUAL,800000,VERIFIED,35.0,tier2
ENT_01342,INDIVIDUAL,0,VERIFIED,41.0,metro
ENT_01343,INDIVIDUAL,2500000,VERIFIED,48.0,tier2
ENT_01344,INDIVIDUAL,4700000,VERIFIED,46.0,tier2
ENT_01345,INDIVIDUAL,92800000,VERIFIED,22.0,metro
ENT_01346,BUSINESS,28300000,VERIFIED,,metro
ENT_01347,TRUST,21400000,VERIFIED,,tier2
ENT_01348,INDIVIDUAL,7600000,VERIFIED,58.0,metro
ENT_01349,INDIVIDUAL,2600000,VERIFIED,48.0,metro
ENT_01350,INDIVIDUAL,4700000,VERIFIED,30.0,metro
ENT_01351,BUSINESS,52100000,VERIFIED,,tier2
ENT_01352,INDIVIDUAL,7200000,VERIFIED,55.0,tier2
ENT_01353,INDIVIDUAL,6800000,VERIFIED,37.0,tier2
ENT_01354,BUSINESS,33200000,VERIFIED,,metro
ENT_01355,TRUST,2800000,VERIFIED,,metro
ENT_01356,INDIVIDUAL,500000,VERIFIED,63.0,tier2
ENT_01357,INDIVIDUAL,1400000,VERIFIED,62.0,rural
ENT_01358,INDIVIDUAL,400000,VERIFIED,20.0,rural
ENT_01359,INDIVIDUAL,800000,VERIFIED,29.0,metro
ENT_01360,INDIVIDUAL,5400000,VERIFIED,27.0,metro
ENT_01361,INDIVIDUAL,700000,VERIFIED,25.0,rural
ENT_01362,INDIVIDUAL,500000,VERIFIED,47.0,rural
ENT_01363,INDIVIDUAL,65900000,VERIFIED,50.0,metro
ENT_01364,INDIVIDUAL,700000,VERIFIED,54.0,tier2
ENT_01365,INDIVIDUAL,6600000,VERIFIED,39.0,tier2
ENT_01366,INDIVIDUAL,24200000,VERIFIED,61.0,tier2
ENT_01367,INDIVIDUAL,600000,VERIFIED,46.0,metro
ENT_01368,INDIVIDUAL,3400000,VERIFIED,55.0,tier2
ENT_01369,INDIVIDUAL,3500000,VERIFIED,19.0,metro
ENT_01370,BUSINESS,7500000,VERIFIED,,metro
ENT_01371,INDIVIDUAL,7500000,VERIFIED,21.0,rural
ENT_01372,INDIVIDUAL,900000,VERIFIED,41.0,metro
ENT_01373,INDIVIDUAL,700000,VERIFIED,46.0,rural
ENT_01374,INDIVIDUAL,6600000,VERIFIED,65.0,rural
ENT_01375,BUSINESS,84600000,VERIFIED,,rural
ENT_01376,INDIVIDUAL,2100000,VERIFIED,27.0,metro
ENT_01377,INDIVIDUAL,5200000,VERIFIED,22.0,rural
ENT_01378,INDIVIDUAL,300000,VERIFIED,44.0,tier2
ENT_01379,INDIVIDUAL,1000000,VERIFIED,63.0,tier2
ENT_01380,BUSINESS,39600000,VERIFIED,,tier2
ENT_01381,INDIVIDUAL,8400000,VERIFIED,37.0,metro
ENT_01382,INDIVIDUAL,1500000,VERIFIED,18.0,metro
ENT_01383,INDIVIDUAL,9100000,VERIFIED,48.0,metro
ENT_01384,INDIVIDUAL,500000,VERIFIED,49.0,rural
ENT_01385,INDIVIDUAL,0,VERIFIED,35.0,metro
ENT_01386,TRUST,69500000,VERIFIED,,metro
ENT_01387,INDIVIDUAL,1300000,VERIFIED,48.0,rural
ENT_01388,BUSINESS,4300000,VERIFIED,,metro
ENT_01389,INDIVIDUAL,1400000,VERIFIED,26.0,metro
ENT_01390,INDIVIDUAL,1300000,VERIFIED,40.0,metro
ENT_01391,INDIVIDUAL,1900000,VERIFIED,50.0,metro
ENT_01392,INDIVIDUAL,8600000,VERIFIED,28.0,tier2
ENT_01393,BUSINESS,37700000,VERIFIED,,tier2
ENT_01394,INDIVIDUAL,0,VERIFIED,55.0,metro
ENT_01395,INDIVIDUAL,700000,VERIFIED,41.0,tier2
ENT_01396,INDIVIDUAL,26600000,VERIFIED,24.0,metro
ENT_01397,INDIVIDUAL,8100000,VERIFIED,57.0,tier2
ENT_01398,TRUST,6300000,VERIFIED,,metro
ENT_01399,INDIVIDUAL,1200000,VERIFIED,48.0,metro
ENT_01400,INDIVIDUAL,1000000,VERIFIED,56.0,tier2
ENT_01401,TRUST,12900000,VERIFIED,,tier2
ENT_01402,INDIVIDUAL,1400000,VERIFIED,27.0,tier2
ENT_01403,INDIVIDUAL,400000,VERIFIED,45.0,tier2
ENT_01404,INDIVIDUAL,0,VERIFIED,48.0,tier2
ENT_01405,INDIVIDUAL,1500000,VERIFIED,60.0,tier2
ENT_01406,INDIVIDUAL,700000,VERIFIED,20.0,metro
ENT_01407,INDIVIDUAL,2500000,VERIFIED,56.0,metro
ENT_01408,BUSINESS,12900000,VERIFIED,,metro
ENT_01409,BUSINESS,46000000,VERIFIED,,metro
ENT_01410,INDIVIDUAL,4000000,VERIFIED,50.0,tier2
ENT_01411,INDIVIDUAL,1100000,VERIFIED,51.0,metro
ENT_01412,INDIVIDUAL,1500000,VERIFIED,52.0,metro
ENT_01413,INDIVIDUAL,61600000,VERIFIED,63.0,metro
ENT_01414,INDIVIDUAL,1300000,VERIFIED,24.0,metro
ENT_01415,INDIVIDUAL,600000,VERIFIED,50.0,metro
ENT_01416,INDIVIDUAL,22600000,VERIFIED,47.0,metro
ENT_01417,INDIVIDUAL,10000000,VERIFIED,36.0,tier2
ENT_01418,INDIVIDUAL,400000,VERIFIED,42.0,metro
ENT_01419,INDIVIDUAL,1000000,VERIFIED,32.0,tier2
ENT_01420,INDIVIDUAL,3400000,VERIFIED,22.0,rural
ENT_01421,BUSINESS,28300000,VERIFIED,,metro
ENT_01422,INDIVIDUAL,6000000,VERIFIED,46.0,tier2
ENT_01423,INDIVIDUAL,900000,VERIFIED,43.0,tier2
ENT_01424,TRUST,1800000,VERIFIED,,metro
ENT_01425,INDIVIDUAL,900000,VERIFIED,25.0,metro
ENT_01426,INDIVIDUAL,1500000,VERIFIED,63.0,tier2
ENT_01427,INDIVIDUAL,9200000,VERIFIED,43.0,metro
ENT_01428,INDIVIDUAL,59600000,VERIFIED,50.0,metro
ENT_01429,INDIVIDUAL,700000,VERIFIED,49.0,metro
ENT_01430,INDIVIDUAL,400000,VERIFIED,65.0,metro
ENT_01431,INDIVIDUAL,3200000,VERIFIED,42.0,tier2
ENT_01432,INDIVIDUAL,1200000,VERIFIED,24.0,tier2
ENT_01433,INDIVIDUAL,7300000,VERIFIED,47.0,metro
ENT_01434,INDIVIDUAL,700000,VERIFIED,52.0,metro
ENT_01435,BUSINESS,6500000,VERIFIED,,rural
ENT_01436,INDIVIDUAL,900000,VERIFIED,46.0,metro
ENT_01437,INDIVIDUAL,4800000,VERIFIED,63.0,metro
ENT_01438,INDIVIDUAL,900000,VERIFIED,49.0,tier2
ENT_01439,INDIVIDUAL,1100000,VERIFIED,61.0,tier2
ENT_01440,INDIVIDUAL,3000000,VERIFIED,50.0,metro
ENT_01441,INDIVIDUAL,5800000,VERIFIED,57.0,tier2
ENT_01442,INDIVIDUAL,300000,VERIFIED,19.0,tier2
ENT_01443,INDIVIDUAL,1500000,VERIFIED,65.0,tier2
ENT_01444,INDIVIDUAL,5800000,VERIFIED,24.0,metro
ENT_01445,TRUST,9400000,VERIFIED,,metro
ENT_01446,INDIVIDUAL,400000,VERIFIED,62.0,metro
ENT_01447,INDIVIDUAL,300000,VERIFIED,52.0,metro
ENT_01448,INDIVIDUAL,8200000,VERIFIED,50.0,rural
ENT_01449,INDIVIDUAL,8500000,VERIFIED,19.0,rural
ENT_01450,INDIVIDUAL,1200000,VERIFIED,24.0,rural
ENT_01451,INDIVIDUAL,5300000,VERIFIED,49.0,tier2
ENT_01452,INDIVIDUAL,1200000,VERIFIED,37.0,metro
ENT_01453,INDIVIDUAL,1500000,VERIFIED,22.0,rural
ENT_01454,INDIVIDUAL,300000,VERIFIED,37.0,rural
ENT_01455,INDIVIDUAL,1400000,VERIFIED,23.0,tier2
ENT_01456,INDIVIDUAL,4400000,VERIFIED,22.0,tier2
ENT_01457,INDIVIDUAL,800000,VERIFIED,22.0,tier2
ENT_01458,INDIVIDUAL,6500000,VERIFIED,60.0,tier2
ENT_01459,INDIVIDUAL,1200000,VERIFIED,50.0,metro
ENT_01460,INDIVIDUAL,300000,VERIFIED,58.0,tier2
ENT_01461,BUSINESS,9400000,VERIFIED,,rural
ENT_01462,INDIVIDUAL,1300000,VERIFIED,52.0,rural
ENT_01463,BUSINESS,7600000,VERIFIED,,metro
ENT_01464,INDIVIDUAL,1400000,VERIFIED,61.0,tier2
ENT_01465,BUSINESS,9100000,VERIFIED,,metro
ENT_01466,INDIVIDUAL,9200000,VERIFIED,28.0,metro
ENT_01467,INDIVIDUAL,400000,VERIFIED,27.0,metro
ENT_01468,INDIVIDUAL,6900000,VERIFIED,49.0,tier2
ENT_01469,INDIVIDUAL,1400000,VERIFIED,30.0,metro
ENT_01470,INDIVIDUAL,1500000,VERIFIED,35.0,tier2
ENT_01471,INDIVIDUAL,7200000,VERIFIED,19.0,metro
ENT_01472,BUSINESS,98700000,VERIFIED,,metro
ENT_01473,TRUST,6000000,VERIFIED,,rural
ENT_01474,INDIVIDUAL,400000,VERIFIED,54.0,tier2
ENT_01475,BUSINESS,60800000,VERIFIED,,rural
ENT_01476,INDIVIDUAL,1500000,VERIFIED,38.0,metro
ENT_01477,INDIVIDUAL,1400000,VERIFIED,65.0,metro
ENT_01478,INDIVIDUAL,500000,VERIFIED,31.0,rural
ENT_01479,INDIVIDUAL,1200000,VERIFIED,21.0,metro
ENT_01480,INDIVIDUAL,42400000,VERIFIED,52.0,metro
ENT_01481,INDIVIDUAL,100000000,VERIFIED,27.0,metro
ENT_01482,INDIVIDUAL,1200000,VERIFIED,59.0,rural
ENT_01483,INDIVIDUAL,9400000,VERIFIED,21.0,tier2
ENT_01484,INDIVIDUAL,1100000,VERIFIED,42.0,metro
ENT_01485,TRUST,7800000,VERIFIED,,rural
ENT_01486,BUSINESS,36100000,VERIFIED,,metro
ENT_01487,BUSINESS,31500000,VERIFIED,,rural
ENT_01488,INDIVIDUAL,800000,VERIFIED,59.0,metro
ENT_01489,INDIVIDUAL,7200000,VERIFIED,48.0,tier2
ENT_01490,BUSINESS,99700000,VERIFIED,,rural
ENT_01491,INDIVIDUAL,700000,VERIFIED,50.0,metro
ENT_01492,INDIVIDUAL,8000000,VERIFIED,65.0,metro
ENT_01493,INDIVIDUAL,9200000,VERIFIED,59.0,metro
ENT_01494,INDIVIDUAL,1000000,VERIFIED,43.0,metro
ENT_01495,INDIVIDUAL,2400000,VERIFIED,28.0,metro
ENT_01496,INDIVIDUAL,9300000,VERIFIED,26.0,rural
ENT_01497,INDIVIDUAL,5000000,VERIFIED,46.0,metro
ENT_01498,INDIVIDUAL,1300000,VERIFIED,55.0,rural
ENT_01499,INDIVIDUAL,900000,VERIFIED,41.0,metro
ENT_01500,BUSINESS,1200000,VERIFIED,,rural
ENT_01501,BUSINESS,2100000,VERIFIED,,rural
ENT_01502,INDIVIDUAL,3100000,VERIFIED,21.0,metro
ENT_01503,INDIVIDUAL,400000,VERIFIED,41.0,metro
ENT_01504,INDIVIDUAL,0,VERIFIED,51.0,metro
ENT_01505,BUSINESS,22100000,VERIFIED,,metro
ENT_01506,INDIVIDUAL,93200000,VERIFIED,35.0,metro
ENT_01507,INDIVIDUAL,600000,VERIFIED,56.0,metro
ENT_01508,BUSINESS,6300000,VERIFIED,,metro
ENT_01509,INDIVIDUAL,0,VERIFIED,34.0,metro
ENT_01510,INDIVIDUAL,1200000,VERIFIED,61.0,tier2
ENT_01511,INDIVIDUAL,800000,VERIFIED,62.0,metro
ENT_01512,INDIVIDUAL,900000,VERIFIED,65.0,tier2
ENT_01513,INDIVIDUAL,1600000,VERIFIED,39.0,rural
ENT_01514,INDIVIDUAL,1200000,VERIFIED,60.0,rural
ENT_01515,INDIVIDUAL,1500000,VERIFIED,18.0,metro
ENT_01516,INDIVIDUAL,900000,VERIFIED,60.0,metro
ENT_01517,TRUST,4300000,VERIFIED,,metro
ENT_01518,INDIVIDUAL,1000000,VERIFIED,26.0,metro
ENT_01519,INDIVIDUAL,700000,VERIFIED,25.0,metro
ENT_01520,TRUST,86500000,VERIFIED,,metro
ENT_01521,INDIVIDUAL,36900000,VERIFIED,57.0,rural
ENT_01522,BUSINESS,26800000,VERIFIED,,metro
ENT_01523,TRUST,8100000,VERIFIED,,rural
ENT_01524,INDIVIDUAL,1600000,VERIFIED,30.0,metro
ENT_01525,INDIVIDUAL,0,VERIFIED,34.0,metro
ENT_01526,INDIVIDUAL,1000000,VERIFIED,20.0,metro
ENT_01527,TRUST,60400000,VERIFIED,,metro
ENT_01528,INDIVIDUAL,800000,VERIFIED,23.0,metro
ENT_01529,INDIVIDUAL,7500000,VERIFIED,35.0,tier2
ENT_01530,INDIVIDUAL,300000,VERIFIED,51.0,tier2
ENT_01531,INDIVIDUAL,35200000,VERIFIED,49.0,tier2
ENT_01532,BUSINESS,6000000,VERIFIED,,metro
ENT_01533,BUSINESS,25700000,VERIFIED,,metro
ENT_01534,INDIVIDUAL,7100000,VERIFIED,47.0,tier2
ENT_01535,INDIVIDUAL,5200000,VERIFIED,20.0,tier2
ENT_01536,TRUST,3700000,VERIFIED,,rural
ENT_01537,BUSINESS,1900000,VERIFIED,,tier2
ENT_01538,INDIVIDUAL,0,VERIFIED,34.0,metro
ENT_01539,TRUST,1200000,VERIFIED,,rural
ENT_01540,INDIVIDUAL,4600000,VERIFIED,59.0,tier2
ENT_01541,INDIVIDUAL,1000000,VERIFIED,45.0,tier2
ENT_01542,BUSINESS,5500000,VERIFIED,,tier2
ENT_01543,BUSINESS,55600000,VERIFIED,,rural
ENT_01544,INDIVIDUAL,6400000,VERIFIED,23.0,tier2
ENT_01545,BUSINESS,74500000,VERIFIED,,metro
ENT_01546,INDIVIDUAL,1000000,VERIFIED,61.0,metro
ENT_01547,INDIVIDUAL,1000000,VERIFIED,51.0,tier2
ENT_01548,INDIVIDUAL,900000,VERIFIED,23.0,rural
ENT_01549,INDIVIDUAL,500000,VERIFIED,61.0,rural
ENT_01550,BUSINESS,68200000,VERIFIED,,metro
ENT_01551,INDIVIDUAL,0,VERIFIED,24.0,tier2
ENT_01552,INDIVIDUAL,1400000,VERIFIED,54.0,rural
ENT_01553,INDIVIDUAL,7400000,VERIFIED,19.0,metro
ENT_01554,INDIVIDUAL,500000,VERIFIED,43.0,metro
ENT_01555,INDIVIDUAL,5000000,VERIFIED,55.0,tier2
ENT_01556,INDIVIDUAL,1500000,VERIFIED,34.0,metro
ENT_01557,BUSINESS,3300000,VERIFIED,,metro
ENT_01558,TRUST,6500000,VERIFIED,,tier2
ENT_01559,INDIVIDUAL,500000,VERIFIED,59.0,metro
ENT_01560,INDIVIDUAL,8700000,VERIFIED,64.0,metro
ENT_01561,INDIVIDUAL,46900000,VERIFIED,62.0,tier2
ENT_01562,INDIVIDUAL,700000,VERIFIED,23.0,metro
ENT_01563,INDIVIDUAL,300000,VERIFIED,62.0,rural
ENT_01564,BUSINESS,9300000,VERIFIED,,metro
ENT_01565,BUSINESS,2100000,VERIFIED,,metro
ENT_01566,INDIVIDUAL,300000,VERIFIED,25.0,metro
ENT_01567,INDIVIDUAL,7200000,VERIFIED,48.0,metro
ENT_01568,INDIVIDUAL,700000,VERIFIED,54.0,rural
ENT_01569,INDIVIDUAL,400000,VERIFIED,58.0,rural
ENT_01570,INDIVIDUAL,1000000,VERIFIED,65.0,tier2
ENT_01571,INDIVIDUAL,13700000,VERIFIED,49.0,metro
ENT_01572,INDIVIDUAL,9600000,VERIFIED,49.0,metro
ENT_01573,INDIVIDUAL,0,VERIFIED,54.0,metro
ENT_01574,INDIVIDUAL,6300000,VERIFIED,48.0,metro
ENT_01575,INDIVIDUAL,6700000,VERIFIED,62.0,metro
ENT_01576,INDIVIDUAL,7000000,VERIFIED,40.0,metro
ENT_01577,INDIVIDUAL,9700000,VERIFIED,39.0,rural
ENT_01578,BUSINESS,23400000,VERIFIED,,rural
ENT_01579,INDIVIDUAL,900000,VERIFIED,61.0,tier2
ENT_01580,INDIVIDUAL,500000,VERIFIED,57.0,metro
ENT_01581,INDIVIDUAL,0,VERIFIED,48.0,metro
ENT_01582,INDIVIDUAL,2200000,VERIFIED,44.0,rural
ENT_01583,INDIVIDUAL,1100000,VERIFIED,21.0,rural
ENT_01584,INDIVIDUAL,1300000,VERIFIED,28.0,metro
ENT_01585,BUSINESS,5300000,VERIFIED,,metro
ENT_01586,INDIVIDUAL,600000,VERIFIED,49.0,metro
ENT_01587,INDIVIDUAL,300000,VERIFIED,53.0,metro
ENT_01588,INDIVIDUAL,7500000,VERIFIED,56.0,tier2
ENT_01589,INDIVIDUAL,54800000,VERIFIED,47.0,rural
ENT_01590,INDIVIDUAL,90000000,VERIFIED,57.0,tier2
ENT_01591,BUSINESS,7400000,VERIFIED,,metro
ENT_01592,INDIVIDUAL,5600000,VERIFIED,28.0,tier2
ENT_01593,INDIVIDUAL,7300000,VERIFIED,64.0,rural
ENT_01594,INDIVIDUAL,500000,VERIFIED,25.0,rural
ENT_01595,INDIVIDUAL,1500000,VERIFIED,18.0,metro
ENT_01596,BUSINESS,2000000,VERIFIED,,metro
ENT_01597,INDIVIDUAL,1300000,VERIFIED,60.0,metro
ENT_01598,INDIVIDUAL,3900000,VERIFIED,26.0,rural
ENT_01599,INDIVIDUAL,1000000,VERIFIED,51.0,tier2
ENT_01600,INDIVIDUAL,0,VERIFIED,27.0,tier2
ENT_01601,INDIVIDUAL,1800000,VERIFIED,23.0,metro
ENT_01602,INDIVIDUAL,6500000,VERIFIED,21.0,metro
ENT_01603,INDIVIDUAL,25400000,VERIFIED,54.0,metro
ENT_01604,INDIVIDUAL,9400000,VERIFIED,51.0,rural
ENT_01605,INDIVIDUAL,9900000,VERIFIED,53.0,rural
ENT_01606,INDIVIDUAL,800000,VERIFIED,18.0,rural
ENT_01607,BUSINESS,9900000,VERIFIED,,metro
ENT_01608,INDIVIDUAL,8900000,VERIFIED,57.0,tier2
ENT_01609,INDIVIDUAL,9300000,VERIFIED,43.0,tier2
ENT_01610,BUSINESS,49900000,VERIFIED,,tier2
ENT_01611,INDIVIDUAL,1100000,VERIFIED,36.0,metro
ENT_01612,INDIVIDUAL,800000,VERIFIED,58.0,metro
ENT_01613,INDIVIDUAL,8500000,VERIFIED,34.0,metro
ENT_01614,INDIVIDUAL,7400000,VERIFIED,25.0,tier2
ENT_01615,BUSINESS,22600000,VERIFIED,,metro
ENT_01616,INDIVIDUAL,700000,VERIFIED,54.0,tier2
ENT_01617,INDIVIDUAL,92400000,VERIFIED,65.0,rural
ENT_01618,INDIVIDUAL,9000000,VERIFIED,60.0,tier2
ENT_01619,INDIVIDUAL,700000,VERIFIED,60.0,tier2
ENT_01620,INDIVIDUAL,5800000,VERIFIED,51.0,tier2
ENT_01621,INDIVIDUAL,3400000,VERIFIED,41.0,metro
ENT_01622,INDIVIDUAL,900000,VERIFIED,23.0,metro
ENT_01623,INDIVIDUAL,600000,VERIFIED,46.0,metro
ENT_01624,INDIVIDUAL,1100000,VERIFIED,51.0,tier2
ENT_01625,BUSINESS,55000000,VERIFIED,,tier2
ENT_01626,BUSINESS,94300000,VERIFIED,,metro
ENT_01627,INDIVIDUAL,1000000,VERIFIED,26.0,rural
ENT_01628,INDIVIDUAL,9800000,VERIFIED,31.0,metro
ENT_01629,INDIVIDUAL,1100000,VERIFIED,41.0,rural
ENT_01630,INDIVIDUAL,2400000,VERIFIED,25.0,metro
ENT_01631,INDIVIDUAL,2500000,VERIFIED,41.0,metro
ENT_01632,INDIVIDUAL,300000,VERIFIED,27.0,metro
ENT_01633,INDIVIDUAL,0,VERIFIED,37.0,rural
ENT_01634,INDIVIDUAL,7200000,VERIFIED,18.0,metro
ENT_01635,INDIVIDUAL,6300000,VERIFIED,48.0,tier2
ENT_01636,INDIVIDUAL,90000000,VERIFIED,42.0,metro
ENT_01637,INDIVIDUAL,2700000,VERIFIED,50.0,tier2
ENT_01638,INDIVIDUAL,2900000,VERIFIED,64.0,metro
ENT_01639,INDIVIDUAL,6200000,VERIFIED,42.0,metro
ENT_01640,INDIVIDUAL,9500000,VERIFIED,46.0,tier2
ENT_01641,INDIVIDUAL,10000000,VERIFIED,19.0,tier2
ENT_01642,INDIVIDUAL,8100000,VERIFIED,59.0,metro
ENT_01643,INDIVIDUAL,1200000,VERIFIED,52.0,tier2
ENT_01644,INDIVIDUAL,3400000,VERIFIED,48.0,tier2
ENT_01645,INDIVIDUAL,7800000,VERIFIED,29.0,rural
ENT_01646,INDIVIDUAL,1400000,VERIFIED,55.0,metro
ENT_01647,BUSINESS,70300000,VERIFIED,,metro
ENT_01648,BUSINESS,28400000,VERIFIED,,metro
ENT_01649,BUSINESS,19300000,VERIFIED,,metro
ENT_01650,INDIVIDUAL,500000,VERIFIED,29.0,metro
ENT_01651,INDIVIDUAL,900000,VERIFIED,61.0,metro
ENT_01652,INDIVIDUAL,300000,VERIFIED,63.0,metro
ENT_01653,INDIVIDUAL,900000,VERIFIED,38.0,metro
ENT_01654,BUSINESS,3500000,VERIFIED,,metro
ENT_01655,INDIVIDUAL,1100000,VERIFIED,50.0,metro
ENT_01656,INDIVIDUAL,0,VERIFIED,47.0,tier2
ENT_01657,INDIVIDUAL,0,VERIFIED,58.0,metro
ENT_01658,BUSINESS,4100000,VERIFIED,,tier2
ENT_01659,INDIVIDUAL,1200000,VERIFIED,44.0,metro
ENT_01660,BUSINESS,5700000,VERIFIED,,tier2
ENT_01661,INDIVIDUAL,900000,VERIFIED,53.0,metro
ENT_01662,INDIVIDUAL,1200000,VERIFIED,36.0,tier2
ENT_01663,INDIVIDUAL,0,VERIFIED,48.0,metro
ENT_01664,INDIVIDUAL,5400000,VERIFIED,58.0,metro
ENT_01665,BUSINESS,7800000,VERIFIED,,tier2
ENT_01666,INDIVIDUAL,400000,VERIFIED,26.0,tier2
ENT_01667,TRUST,8800000,VERIFIED,,tier2
ENT_01668,BUSINESS,75000000,VERIFIED,,metro
ENT_01669,INDIVIDUAL,600000,VERIFIED,60.0,rural
ENT_01670,INDIVIDUAL,1200000,VERIFIED,39.0,metro
ENT_01671,INDIVIDUAL,1000000,VERIFIED,56.0,metro
ENT_01672,BUSINESS,66900000,VERIFIED,,rural
ENT_01673,INDIVIDUAL,7800000,VERIFIED,23.0,tier2
ENT_01674,INDIVIDUAL,0,VERIFIED,19.0,rural
ENT_01675,BUSINESS,5500000,VERIFIED,,rural
ENT_01676,INDIVIDUAL,5900000,VERIFIED,29.0,rural
ENT_01677,BUSINESS,6900000,VERIFIED,,metro
ENT_01678,INDIVIDUAL,0,VERIFIED,65.0,metro
ENT_01679,INDIVIDUAL,46600000,VERIFIED,30.0,metro
ENT_01680,INDIVIDUAL,1400000,VERIFIED,32.0,metro
ENT_01681,INDIVIDUAL,700000,VERIFIED,49.0,rural
ENT_01682,INDIVIDUAL,600000,VERIFIED,58.0,metro
ENT_01683,BUSINESS,27400000,VERIFIED,,tier2
ENT_01684,INDIVIDUAL,9700000,VERIFIED,56.0,tier2
ENT_01685,INDIVIDUAL,400000,VERIFIED,26.0,metro
ENT_01686,INDIVIDUAL,1100000,VERIFIED,64.0,tier2
ENT_01687,INDIVIDUAL,9800000,VERIFIED,61.0,tier2
ENT_01688,INDIVIDUAL,6800000,VERIFIED,18.0,rural
ENT_01689,INDIVIDUAL,15300000,VERIFIED,38.0,metro
ENT_01690,TRUST,60700000,VERIFIED,,metro
ENT_01691,INDIVIDUAL,3800000,VERIFIED,21.0,metro
ENT_01692,INDIVIDUAL,300000,VERIFIED,43.0,metro
ENT_01693,INDIVIDUAL,1300000,VERIFIED,65.0,metro
ENT_01694,INDIVIDUAL,35500000,VERIFIED,30.0,metro
ENT_01695,INDIVIDUAL,2200000,VERIFIED,19.0,metro
ENT_01696,BUSINESS,96000000,VERIFIED,,metro
ENT_01697,INDIVIDUAL,800000,VERIFIED,21.0,rural
ENT_01698,INDIVIDUAL,400000,VERIFIED,56.0,tier2
ENT_01699,INDIVIDUAL,8400000,VERIFIED,25.0,metro
ENT_01700,INDIVIDUAL,0,VERIFIED,38.0,rural
ENT_01701,INDIVIDUAL,1700000,VERIFIED,46.0,metro
ENT_01702,INDIVIDUAL,400000,VERIFIED,61.0,metro
ENT_01703,INDIVIDUAL,6100000,VERIFIED,24.0,tier2
ENT_01704,INDIVIDUAL,9400000,VERIFIED,57.0,metro
ENT_01705,INDIVIDUAL,8900000,VERIFIED,57.0,metro
ENT_01706,INDIVIDUAL,1300000,VERIFIED,47.0,tier2
ENT_01707,INDIVIDUAL,300000,VERIFIED,56.0,tier2
ENT_01708,INDIVIDUAL,8300000,VERIFIED,26.0,tier2
ENT_01709,INDIVIDUAL,1400000,VERIFIED,57.0,metro
ENT_01710,INDIVIDUAL,1700000,VERIFIED,26.0,metro
ENT_01711,INDIVIDUAL,87200000,VERIFIED,40.0,metro
ENT_01712,BUSINESS,7000000,VERIFIED,,metro
ENT_01713,INDIVIDUAL,300000,VERIFIED,51.0,tier2
ENT_01714,INDIVIDUAL,0,VERIFIED,50.0,rural
ENT_01715,INDIVIDUAL,0,VERIFIED,40.0,metro
ENT_01716,INDIVIDUAL,90400000,VERIFIED,22.0,metro
ENT_01717,INDIVIDUAL,6900000,VERIFIED,56.0,tier2
ENT_01718,BUSINESS,73000000,VERIFIED,,metro
ENT_01719,INDIVIDUAL,1500000,VERIFIED,20.0,metro
ENT_01720,BUSINESS,6900000,VERIFIED,,tier2
ENT_01721,INDIVIDUAL,5200000,VERIFIED,65.0,metro
ENT_01722,INDIVIDUAL,1000000,VERIFIED,41.0,metro
ENT_01723,INDIVIDUAL,2800000,VERIFIED,36.0,metro
ENT_01724,INDIVIDUAL,46800000,VERIFIED,20.0,rural
ENT_01725,INDIVIDUAL,600000,VERIFIED,34.0,tier2
ENT_01726,INDIVIDUAL,3200000,VERIFIED,30.0,metro
ENT_01727,BUSINESS,9600000,VERIFIED,,metro
ENT_01728,INDIVIDUAL,5300000,VERIFIED,31.0,metro
ENT_01729,INDIVIDUAL,9400000,VERIFIED,28.0,rural
ENT_01730,TRUST,99900000,VERIFIED,,tier2
ENT_01731,INDIVIDUAL,2600000,VERIFIED,30.0,metro
ENT_01732,INDIVIDUAL,1200000,VERIFIED,45.0,rural
ENT_01733,INDIVIDUAL,0,VERIFIED,57.0,tier2
ENT_01734,BUSINESS,5100000,VERIFIED,,metro
ENT_01735,INDIVIDUAL,500000,VERIFIED,50.0,rural
ENT_01736,BUSINESS,7000000,VERIFIED,,tier2
ENT_01737,INDIVIDUAL,900000,VERIFIED,59.0,tier2
ENT_01738,INDIVIDUAL,3200000,VERIFIED,38.0,tier2
ENT_01739,INDIVIDUAL,1000000,VERIFIED,48.0,metro
ENT_01740,INDIVIDUAL,69700000,VERIFIED,59.0,metro
ENT_01741,INDIVIDUAL,600000,VERIFIED,43.0,metro
ENT_01742,INDIVIDUAL,500000,VERIFIED,41.0,metro
ENT_01743,INDIVIDUAL,4700000,VERIFIED,46.0,tier2
ENT_01744,INDIVIDUAL,0,VERIFIED,50.0,tier2
ENT_01745,INDIVIDUAL,900000,VERIFIED,41.0,rural
ENT_01746,INDIVIDUAL,500000,VERIFIED,46.0,metro
ENT_01747,INDIVIDUAL,400000,VERIFIED,36.0,rural
ENT_01748,INDIVIDUAL,4500000,VERIFIED,32.0,metro
ENT_01749,INDIVIDUAL,0,VERIFIED,30.0,metro
ENT_01750,INDIVIDUAL,1400000,VERIFIED,61.0,rural
ENT_01751,INDIVIDUAL,2700000,VERIFIED,63.0,tier2
ENT_01752,BUSINESS,38800000,VERIFIED,,rural
ENT_01753,INDIVIDUAL,900000,VERIFIED,55.0,tier2
ENT_01754,INDIVIDUAL,2900000,VERIFIED,43.0,metro
ENT_01755,INDIVIDUAL,600000,VERIFIED,51.0,tier2
ENT_01756,INDIVIDUAL,1000000,VERIFIED,39.0,tier2
ENT_01757,INDIVIDUAL,1500000,VERIFIED,62.0,metro
ENT_01758,INDIVIDUAL,1300000,VERIFIED,41.0,metro
ENT_01759,BUSINESS,7300000,VERIFIED,,rural
ENT_01760,BUSINESS,53500000,VERIFIED,,tier2
ENT_01761,INDIVIDUAL,7800000,VERIFIED,37.0,metro
ENT_01762,INDIVIDUAL,2700000,VERIFIED,27.0,rural
ENT_01763,TRUST,49000000,VERIFIED,,metro
ENT_01764,INDIVIDUAL,3400000,VERIFIED,48.0,metro
ENT_01765,INDIVIDUAL,700000,VERIFIED,23.0,metro
ENT_01766,INDIVIDUAL,1400000,VERIFIED,56.0,metro
ENT_01767,INDIVIDUAL,0,VERIFIED,42.0,metro
ENT_01768,INDIVIDUAL,1800000,VERIFIED,47.0,metro
ENT_01769,INDIVIDUAL,900000,VERIFIED,43.0,metro
ENT_01770,INDIVIDUAL,7100000,VERIFIED,65.0,metro
ENT_01771,TRUST,3600000,VERIFIED,,metro
ENT_01772,BUSINESS,8700000,VERIFIED,,tier2
ENT_01773,INDIVIDUAL,1400000,VERIFIED,61.0,metro
ENT_01774,INDIVIDUAL,55600000,VERIFIED,22.0,rural
ENT_01775,INDIVIDUAL,800000,VERIFIED,54.0,rural
ENT_01776,INDIVIDUAL,2100000,VERIFIED,36.0,tier2
ENT_01777,BUSINESS,50000000,VERIFIED,,tier2
ENT_01778,BUSINESS,3200000,VERIFIED,,rural
ENT_01779,INDIVIDUAL,1300000,VERIFIED,29.0,tier2
ENT_01780,INDIVIDUAL,1500000,VERIFIED,33.0,rural
ENT_01781,INDIVIDUAL,7800000,VERIFIED,36.0,tier2
ENT_01782,INDIVIDUAL,3700000,VERIFIED,49.0,metro
ENT_01783,INDIVIDUAL,800000,VERIFIED,22.0,tier2
ENT_01784,INDIVIDUAL,6200000,VERIFIED,46.0,metro
ENT_01785,INDIVIDUAL,0,VERIFIED,19.0,metro
ENT_01786,INDIVIDUAL,5800000,VERIFIED,39.0,tier2
ENT_01787,BUSINESS,4200000,VERIFIED,,metro
ENT_01788,BUSINESS,59600000,VERIFIED,,metro
ENT_01789,INDIVIDUAL,6600000,VERIFIED,26.0,metro
ENT_01790,INDIVIDUAL,300000,VERIFIED,56.0,metro
ENT_01791,INDIVIDUAL,6000000,VERIFIED,28.0,metro
ENT_01792,INDIVIDUAL,2900000,VERIFIED,46.0,metro
ENT_01793,INDIVIDUAL,0,VERIFIED,61.0,tier2
ENT_01794,INDIVIDUAL,0,VERIFIED,58.0,rural
ENT_01795,INDIVIDUAL,2300000,VERIFIED,42.0,tier2
ENT_01796,INDIVIDUAL,1600000,VERIFIED,42.0,tier2
ENT_01797,BUSINESS,3500000,VERIFIED,,metro
ENT_01798,INDIVIDUAL,44500000,VERIFIED,30.0,tier2
ENT_01799,INDIVIDUAL,19800000,VERIFIED,60.0,metro
ENT_01800,INDIVIDUAL,400000,VERIFIED,38.0,metro
ENT_01801,INDIVIDUAL,7900000,VERIFIED,43.0,rural
ENT_01802,INDIVIDUAL,800000,VERIFIED,38.0,metro
ENT_01803,INDIVIDUAL,900000,VERIFIED,31.0,metro
ENT_01804,INDIVIDUAL,9300000,VERIFIED,57.0,metro
ENT_01805,INDIVIDUAL,700000,VERIFIED,56.0,metro
ENT_01806,TRUST,4200000,VERIFIED,,rural
ENT_01807,INDIVIDUAL,81300000,VERIFIED,42.0,tier2
ENT_01808,TRUST,27900000,VERIFIED,,tier2
ENT_01809,BUSINESS,16900000,VERIFIED,,metro
ENT_01810,INDIVIDUAL,5800000,VERIFIED,50.0,tier2
ENT_01811,INDIVIDUAL,1100000,VERIFIED,32.0,metro
ENT_01812,INDIVIDUAL,600000,VERIFIED,65.0,metro
ENT_01813,INDIVIDUAL,0,VERIFIED,26.0,metro
ENT_01814,INDIVIDUAL,600000,VERIFIED,59.0,metro
ENT_01815,BUSINESS,85600000,VERIFIED,,rural
ENT_01816,INDIVIDUAL,1500000,VERIFIED,20.0,tier2
ENT_01817,TRUST,86800000,VERIFIED,,metro
ENT_01818,BUSINESS,3600000,VERIFIED,,tier2
ENT_01819,BUSINESS,9700000,VERIFIED,,tier2
ENT_01820,INDIVIDUAL,7600000,VERIFIED,38.0,metro
ENT_01821,INDIVIDUAL,0,VERIFIED,49.0,metro
ENT_01822,INDIVIDUAL,2800000,VERIFIED,31.0,metro
ENT_01823,INDIVIDUAL,3600000,VERIFIED,33.0,tier2
ENT_01824,INDIVIDUAL,500000,VERIFIED,64.0,metro
ENT_01825,INDIVIDUAL,4800000,VERIFIED,36.0,tier2
ENT_01826,TRUST,18100000,VERIFIED,,rural
ENT_01827,INDIVIDUAL,1000000,VERIFIED,46.0,metro
ENT_01828,INDIVIDUAL,500000,VERIFIED,48.0,metro
ENT_01829,INDIVIDUAL,4800000,VERIFIED,56.0,tier2
ENT_01830,INDIVIDUAL,900000,VERIFIED,47.0,metro
ENT_01831,INDIVIDUAL,7100000,VERIFIED,22.0,metro
ENT_01832,INDIVIDUAL,600000,VERIFIED,18.0,metro
ENT_01833,INDIVIDUAL,7200000,VERIFIED,43.0,rural
ENT_01834,BUSINESS,49300000,VERIFIED,,metro
ENT_01835,INDIVIDUAL,6200000,VERIFIED,20.0,rural
ENT_01836,INDIVIDUAL,26600000,VERIFIED,30.0,tier2
ENT_01837,TRUST,62100000,VERIFIED,,tier2
ENT_01838,INDIVIDUAL,300000,VERIFIED,59.0,metro
ENT_01839,INDIVIDUAL,1000000,VERIFIED,20.0,rural
ENT_01840,INDIVIDUAL,1300000,VERIFIED,62.0,tier2
ENT_01841,INDIVIDUAL,9700000,VERIFIED,27.0,metro
ENT_01842,INDIVIDUAL,96100000,VERIFIED,28.0,metro
ENT_01843,INDIVIDUAL,5900000,VERIFIED,43.0,tier2
ENT_01844,TRUST,6400000,VERIFIED,,metro
ENT_01845,INDIVIDUAL,7400000,VERIFIED,52.0,tier2
ENT_01846,INDIVIDUAL,900000,VERIFIED,64.0,rural
ENT_01847,INDIVIDUAL,5400000,VERIFIED,27.0,metro
ENT_01848,INDIVIDUAL,9900000,VERIFIED,37.0,metro
ENT_01849,INDIVIDUAL,400000,VERIFIED,22.0,tier2
ENT_01850,INDIVIDUAL,700000,VERIFIED,64.0,metro
ENT_01851,INDIVIDUAL,500000,VERIFIED,30.0,metro
ENT_01852,INDIVIDUAL,1200000,VERIFIED,31.0,metro
ENT_01853,INDIVIDUAL,1500000,VERIFIED,30.0,metro
ENT_01854,BUSINESS,9100000,VERIFIED,,metro
ENT_01855,INDIVIDUAL,700000,VERIFIED,22.0,metro
ENT_01856,INDIVIDUAL,1300000,VERIFIED,24.0,metro
ENT_01857,INDIVIDUAL,78100000,VERIFIED,55.0,tier2
ENT_01858,INDIVIDUAL,1500000,VERIFIED,18.0,metro
ENT_01859,INDIVIDUAL,37200000,VERIFIED,49.0,metro
ENT_01860,INDIVIDUAL,800000,VERIFIED,61.0,rural
ENT_01861,TRUST,78100000,VERIFIED,,metro
ENT_01862,INDIVIDUAL,99400000,VERIFIED,39.0,rural
ENT_01863,INDIVIDUAL,6100000,VERIFIED,64.0,rural
ENT_01864,BUSINESS,7700000,VERIFIED,,metro
ENT_01865,INDIVIDUAL,5700000,VERIFIED,46.0,tier2
ENT_01866,INDIVIDUAL,900000,VERIFIED,60.0,metro
ENT_01867,TRUST,11700000,VERIFIED,,tier2
ENT_01868,BUSINESS,79400000,VERIFIED,,metro
ENT_01869,INDIVIDUAL,1200000,VERIFIED,23.0,metro
ENT_01870,BUSINESS,77400000,VERIFIED,,rural
ENT_01871,BUSINESS,72100000,VERIFIED,,metro
ENT_01872,INDIVIDUAL,8300000,VERIFIED,63.0,tier2
ENT_01873,INDIVIDUAL,4800000,VERIFIED,61.0,rural
ENT_01874,TRUST,21800000,VERIFIED,,metro
ENT_01875,INDIVIDUAL,500000,VERIFIED,60.0,tier2
ENT_01876,INDIVIDUAL,12900000,VERIFIED,28.0,rural
ENT_01877,INDIVIDUAL,700000,VERIFIED,32.0,tier2
ENT_01878,INDIVIDUAL,78600000,VERIFIED,25.0,tier2
ENT_01879,BUSINESS,19200000,VERIFIED,,tier2
ENT_01880,INDIVIDUAL,1200000,VERIFIED,56.0,metro
ENT_01881,INDIVIDUAL,86000000,VERIFIED,65.0,tier2
ENT_01882,INDIVIDUAL,6500000,VERIFIED,32.0,metro
ENT_01883,INDIVIDUAL,0,VERIFIED,23.0,metro
ENT_01884,INDIVIDUAL,400000,VERIFIED,54.0,metro
ENT_01885,BUSINESS,4900000,VERIFIED,,metro
ENT_01886,INDIVIDUAL,6400000,VERIFIED,38.0,tier2
ENT_01887,INDIVIDUAL,22900000,VERIFIED,51.0,tier2
ENT_01888,INDIVIDUAL,300000,VERIFIED,52.0,rural
ENT_01889,INDIVIDUAL,4700000,VERIFIED,32.0,metro
ENT_01890,INDIVIDUAL,2800000,VERIFIED,65.0,tier2
ENT_01891,BUSINESS,41600000,VERIFIED,,tier2
ENT_01892,INDIVIDUAL,1400000,VERIFIED,54.0,metro
ENT_01893,BUSINESS,16000000,VERIFIED,,rural
ENT_01894,INDIVIDUAL,3600000,VERIFIED,64.0,rural
ENT_01895,INDIVIDUAL,3200000,VERIFIED,49.0,tier2
ENT_01896,INDIVIDUAL,3000000,VERIFIED,19.0,tier2
ENT_01897,INDIVIDUAL,5400000,VERIFIED,43.0,metro
ENT_01898,INDIVIDUAL,1400000,VERIFIED,30.0,tier2
ENT_01899,INDIVIDUAL,0,VERIFIED,38.0,tier2
ENT_01900,INDIVIDUAL,10000000,VERIFIED,37.0,metro
ENT_01901,INDIVIDUAL,1400000,VERIFIED,48.0,metro
ENT_01902,INDIVIDUAL,1400000,VERIFIED,30.0,tier2
ENT_01903,INDIVIDUAL,8300000,VERIFIED,24.0,tier2
ENT_01904,TRUST,79500000,VERIFIED,,rural
ENT_01905,BUSINESS,28300000,VERIFIED,,rural
ENT_01906,INDIVIDUAL,5300000,VERIFIED,55.0,metro
ENT_01907,INDIVIDUAL,4100000,VERIFIED,20.0,metro
ENT_01908,INDIVIDUAL,1200000,VERIFIED,29.0,tier2
ENT_01909,INDIVIDUAL,9500000,VERIFIED,60.0,metro
ENT_01910,INDIVIDUAL,5800000,VERIFIED,35.0,tier2
ENT_01911,INDIVIDUAL,0,VERIFIED,25.0,metro
ENT_01912,INDIVIDUAL,7500000,VERIFIED,32.0,metro
ENT_01913,INDIVIDUAL,4500000,VERIFIED,62.0,tier2
ENT_01914,INDIVIDUAL,1000000,VERIFIED,59.0,tier2
ENT_01915,INDIVIDUAL,800000,VERIFIED,22.0,tier2
ENT_01916,BUSINESS,93200000,VERIFIED,,tier2
ENT_01917,INDIVIDUAL,7700000,VERIFIED,49.0,metro
ENT_01918,BUSINESS,3600000,VERIFIED,,rural
ENT_01919,BUSINESS,1000000,VERIFIED,,tier2
ENT_01920,BUSINESS,8300000,VERIFIED,,metro
ENT_01921,INDIVIDUAL,1400000,VERIFIED,23.0,rural
ENT_01922,INDIVIDUAL,1100000,VERIFIED,28.0,metro
ENT_01923,BUSINESS,14700000,VERIFIED,,rural
ENT_01924,INDIVIDUAL,9400000,VERIFIED,52.0,metro
ENT_01925,INDIVIDUAL,7600000,VERIFIED,40.0,tier2
ENT_01926,INDIVIDUAL,9400000,VERIFIED,20.0,metro
ENT_01927,INDIVIDUAL,600000,VERIFIED,26.0,tier2
ENT_01928,INDIVIDUAL,500000,VERIFIED,64.0,tier2
ENT_01929,INDIVIDUAL,900000,VERIFIED,59.0,rural
ENT_01930,INDIVIDUAL,0,VERIFIED,34.0,tier2
ENT_01931,BUSINESS,1900000,VERIFIED,,tier2
ENT_01932,INDIVIDUAL,9200000,VERIFIED,30.0,tier2
ENT_01933,INDIVIDUAL,7500000,VERIFIED,56.0,metro
ENT_01934,BUSINESS,48800000,VERIFIED,,metro
ENT_01935,INDIVIDUAL,0,VERIFIED,25.0,tier2
ENT_01936,INDIVIDUAL,800000,VERIFIED,58.0,metro
ENT_01937,BUSINESS,3800000,VERIFIED,,metro
ENT_01938,INDIVIDUAL,32700000,VERIFIED,42.0,rural
ENT_01939,INDIVIDUAL,1100000,VERIFIED,64.0,rural
ENT_01940,INDIVIDUAL,2200000,VERIFIED,51.0,metro
ENT_01941,INDIVIDUAL,700000,VERIFIED,56.0,metro
ENT_01942,INDIVIDUAL,1500000,VERIFIED,42.0,metro
ENT_01943,BUSINESS,58800000,VERIFIED,,tier2
ENT_01944,INDIVIDUAL,2900000,VERIFIED,60.0,metro
ENT_01945,INDIVIDUAL,1600000,VERIFIED,64.0,tier2
ENT_01946,INDIVIDUAL,9600000,VERIFIED,56.0,metro
ENT_01947,INDIVIDUAL,800000,VERIFIED,47.0,tier2
ENT_01948,INDIVIDUAL,1400000,VERIFIED,32.0,metro
ENT_01949,BUSINESS,88900000,VERIFIED,,metro
ENT_01950,INDIVIDUAL,0,VERIFIED,64.0,metro
ENT_01951,INDIVIDUAL,2000000,VERIFIED,65.0,metro
ENT_01952,BUSINESS,6400000,VERIFIED,,tier2
ENT_01953,BUSINESS,62700000,VERIFIED,,tier2
ENT_01954,INDIVIDUAL,2500000,VERIFIED,43.0,metro
ENT_01955,INDIVIDUAL,1000000,VERIFIED,63.0,metro
ENT_01956,INDIVIDUAL,1400000,VERIFIED,60.0,rural
ENT_01957,BUSINESS,8700000,VERIFIED,,metro
ENT_01958,INDIVIDUAL,88200000,VERIFIED,51.0,rural
ENT_01959,INDIVIDUAL,500000,VERIFIED,50.0,metro
ENT_01960,INDIVIDUAL,500000,VERIFIED,41.0,rural
ENT_01961,INDIVIDUAL,7900000,VERIFIED,25.0,metro
ENT_01962,INDIVIDUAL,300000,VERIFIED,65.0,tier2
ENT_01963,INDIVIDUAL,75800000,VERIFIED,50.0,rural
ENT_01964,INDIVIDUAL,1200000,VERIFIED,49.0,metro
ENT_01965,INDIVIDUAL,700000,VERIFIED,40.0,metro
ENT_01966,INDIVIDUAL,6100000,VERIFIED,40.0,metro
ENT_01967,INDIVIDUAL,1100000,VERIFIED,50.0,rural
ENT_01968,INDIVIDUAL,10700000,VERIFIED,27.0,tier2
ENT_01969,INDIVIDUAL,800000,VERIFIED,37.0,metro
ENT_01970,BUSINESS,21100000,VERIFIED,,rural
ENT_01971,INDIVIDUAL,500000,VERIFIED,40.0,tier2
ENT_01972,INDIVIDUAL,10000000,VERIFIED,30.0,metro
ENT_01973,INDIVIDUAL,900000,VERIFIED,65.0,metro
ENT_01974,INDIVIDUAL,7100000,VERIFIED,60.0,rural
ENT_01975,INDIVIDUAL,1000000,VERIFIED,61.0,tier2
ENT_01976,INDIVIDUAL,6100000,VERIFIED,50.0,tier2
ENT_01977,INDIVIDUAL,2600000,VERIFIED,25.0,rural
ENT_01978,INDIVIDUAL,800000,VERIFIED,50.0,metro
ENT_01979,INDIVIDUAL,0,VERIFIED,39.0,metro
ENT_01980,INDIVIDUAL,0,VERIFIED,48.0,metro
ENT_01981,INDIVIDUAL,4100000,VERIFIED,57.0,metro
ENT_01982,INDIVIDUAL,1500000,VERIFIED,25.0,rural
ENT_01983,TRUST,30300000,VERIFIED,,metro
ENT_01984,INDIVIDUAL,1400000,VERIFIED,50.0,tier2
ENT_01985,INDIVIDUAL,9000000,VERIFIED,58.0,metro
ENT_01986,INDIVIDUAL,700000,VERIFIED,30.0,rural
ENT_01987,INDIVIDUAL,2100000,VERIFIED,21.0,metro
ENT_01988,INDIVIDUAL,3900000,VERIFIED,32.0,metro
ENT_01989,INDIVIDUAL,9200000,VERIFIED,21.0,metro
ENT_01990,INDIVIDUAL,800000,VERIFIED,63.0,metro
ENT_01991,INDIVIDUAL,0,VERIFIED,20.0,metro
ENT_01992,INDIVIDUAL,700000,VERIFIED,48.0,metro
ENT_01993,INDIVIDUAL,700000,VERIFIED,49.0,metro
ENT_01994,INDIVIDUAL,0,VERIFIED,18.0,tier2
ENT_01995,INDIVIDUAL,800000,VERIFIED,65.0,rural
ENT_01996,INDIVIDUAL,8700000,VERIFIED,41.0,metro
ENT_01997,INDIVIDUAL,2100000,VERIFIED,24.0,metro
ENT_01998,INDIVIDUAL,1200000,VERIFIED,59.0,rural
ENT_01999,INDIVIDUAL,400000,VERIFIED,22.0,rural
ENT_02000,INDIVIDUAL,1000000,VERIFIED,30.0,tier2
ENT_02001,INDIVIDUAL,900000,VERIFIED,53.0,tier2
ENT_02002,BUSINESS,47400000,VERIFIED,,metro
ENT_02003,INDIVIDUAL,16900000,VERIFIED,48.0,metro
ENT_02004,BUSINESS,3100000,VERIFIED,,tier2
ENT_02005,INDIVIDUAL,300000,VERIFIED,54.0,metro
ENT_02006,TRUST,60600000,VERIFIED,,tier2
ENT_02007,BUSINESS,6600000,VERIFIED,,tier2
ENT_02008,INDIVIDUAL,6100000,VERIFIED,56.0,metro
ENT_02009,INDIVIDUAL,600000,VERIFIED,55.0,tier2
ENT_02010,BUSINESS,61500000,VERIFIED,,tier2
ENT_02011,INDIVIDUAL,600000,VERIFIED,36.0,tier2
ENT_02012,INDIVIDUAL,300000,VERIFIED,52.0,metro
ENT_02013,INDIVIDUAL,700000,VERIFIED,26.0,metro
ENT_02014,INDIVIDUAL,4100000,VERIFIED,31.0,tier2
ENT_02015,INDIVIDUAL,1200000,VERIFIED,41.0,metro
ENT_02016,BUSINESS,83900000,VERIFIED,,metro
ENT_02017,BUSINESS,9000000,VERIFIED,,rural
ENT_02018,BUSINESS,28000000,VERIFIED,,metro
ENT_02019,INDIVIDUAL,8400000,VERIFIED,24.0,tier2
ENT_02020,INDIVIDUAL,36300000,VERIFIED,58.0,tier2
ENT_02021,INDIVIDUAL,3800000,VERIFIED,38.0,metro
ENT_02022,INDIVIDUAL,6000000,VERIFIED,27.0,metro
ENT_02023,INDIVIDUAL,500000,VERIFIED,48.0,metro
ENT_02024,INDIVIDUAL,500000,VERIFIED,30.0,tier2
ENT_02025,BUSINESS,12100000,VERIFIED,,metro
ENT_02026,BUSINESS,1800000,VERIFIED,,metro
ENT_02027,INDIVIDUAL,1300000,VERIFIED,43.0,metro
ENT_02028,INDIVIDUAL,1100000,VERIFIED,56.0,metro
ENT_02029,INDIVIDUAL,300000,VERIFIED,59.0,rural
ENT_02030,INDIVIDUAL,4400000,VERIFIED,27.0,rural
ENT_02031,INDIVIDUAL,1100000,VERIFIED,24.0,tier2
ENT_02032,BUSINESS,3500000,VERIFIED,,metro
ENT_02033,INDIVIDUAL,3000000,VERIFIED,37.0,metro
ENT_02034,INDIVIDUAL,0,VERIFIED,62.0,metro
ENT_02035,INDIVIDUAL,0,VERIFIED,20.0,metro
ENT_02036,INDIVIDUAL,6300000,VERIFIED,27.0,metro
ENT_02037,INDIVIDUAL,900000,VERIFIED,27.0,metro
ENT_02038,INDIVIDUAL,80000000,VERIFIED,42.0,tier2
ENT_02039,INDIVIDUAL,60300000,VERIFIED,28.0,rural
ENT_02040,INDIVIDUAL,38800000,VERIFIED,40.0,metro
ENT_02041,INDIVIDUAL,400000,VERIFIED,20.0,tier2
ENT_02042,INDIVIDUAL,8600000,VERIFIED,29.0,tier2
ENT_02043,INDIVIDUAL,4800000,VERIFIED,57.0,rural
ENT_02044,INDIVIDUAL,1000000,VERIFIED,60.0,metro
ENT_02045,INDIVIDUAL,91700000,VERIFIED,22.0,tier2
ENT_02046,BUSINESS,5000000,VERIFIED,,metro
ENT_02047,INDIVIDUAL,7100000,VERIFIED,22.0,metro
ENT_02048,INDIVIDUAL,2800000,VERIFIED,23.0,metro
ENT_02049,INDIVIDUAL,5500000,VERIFIED,38.0,metro
ENT_02050,INDIVIDUAL,71600000,VERIFIED,58.0,metro
ENT_02051,BUSINESS,5900000,VERIFIED,,metro
ENT_02052,INDIVIDUAL,7800000,VERIFIED,52.0,rural
ENT_02053,INDIVIDUAL,6300000,VERIFIED,51.0,tier2
ENT_02054,INDIVIDUAL,9900000,VERIFIED,23.0,metro
ENT_02055,INDIVIDUAL,11700000,VERIFIED,41.0,tier2
ENT_02056,TRUST,5400000,VERIFIED,,metro
ENT_02057,BUSINESS,4700000,VERIFIED,,metro
ENT_02058,BUSINESS,34800000,VERIFIED,,metro
ENT_02059,INDIVIDUAL,2500000,VERIFIED,62.0,tier2
ENT_02060,INDIVIDUAL,0,VERIFIED,45.0,metro
ENT_02061,INDIVIDUAL,1900000,VERIFIED,48.0,rural
ENT_02062,BUSINESS,24400000,VERIFIED,,metro
ENT_02063,INDIVIDUAL,6300000,VERIFIED,27.0,tier2
ENT_02064,INDIVIDUAL,1100000,VERIFIED,62.0,rural
ENT_02065,INDIVIDUAL,6600000,VERIFIED,59.0,tier2
ENT_02066,INDIVIDUAL,1300000,VERIFIED,20.0,tier2
ENT_02067,INDIVIDUAL,900000,VERIFIED,45.0,tier2
ENT_02068,BUSINESS,68500000,VERIFIED,,tier2
ENT_02069,INDIVIDUAL,500000,VERIFIED,35.0,rural
ENT_02070,INDIVIDUAL,22800000,VERIFIED,65.0,metro
ENT_02071,INDIVIDUAL,500000,VERIFIED,65.0,rural
ENT_02072,INDIVIDUAL,0,VERIFIED,62.0,metro
ENT_02073,INDIVIDUAL,5800000,VERIFIED,28.0,metro
ENT_02074,INDIVIDUAL,700000,VERIFIED,24.0,metro
ENT_02075,INDIVIDUAL,5200000,VERIFIED,19.0,metro
ENT_02076,INDIVIDUAL,600000,VERIFIED,56.0,metro
ENT_02077,BUSINESS,9100000,VERIFIED,,rural
ENT_02078,INDIVIDUAL,0,VERIFIED,54.0,tier2
ENT_02079,INDIVIDUAL,1500000,VERIFIED,21.0,metro
ENT_02080,BUSINESS,86900000,VERIFIED,,metro
ENT_02081,INDIVIDUAL,1500000,VERIFIED,43.0,tier2
ENT_02082,TRUST,5200000,VERIFIED,,metro
ENT_02083,INDIVIDUAL,1500000,VERIFIED,27.0,metro
ENT_02084,INDIVIDUAL,300000,VERIFIED,36.0,metro
ENT_02085,INDIVIDUAL,0,VERIFIED,58.0,metro
ENT_02086,INDIVIDUAL,9700000,VERIFIED,59.0,metro
ENT_02087,INDIVIDUAL,61300000,VERIFIED,51.0,rural
ENT_02088,INDIVIDUAL,5300000,VERIFIED,46.0,tier2
ENT_02089,INDIVIDUAL,900000,VERIFIED,20.0,rural
ENT_02090,INDIVIDUAL,600000,VERIFIED,57.0,tier2
ENT_02091,TRUST,19900000,VERIFIED,,rural
ENT_02092,INDIVIDUAL,8000000,VERIFIED,23.0,metro
ENT_02093,INDIVIDUAL,700000,VERIFIED,28.0,metro
ENT_02094,INDIVIDUAL,400000,VERIFIED,29.0,tier2
ENT_02095,INDIVIDUAL,36200000,VERIFIED,46.0,tier2
ENT_02096,INDIVIDUAL,1200000,VERIFIED,49.0,metro
ENT_02097,BUSINESS,6600000,VERIFIED,,metro
ENT_02098,BUSINESS,18500000,VERIFIED,,tier2
ENT_02099,INDIVIDUAL,1300000,VERIFIED,20.0,tier2
ENT_02100,INDIVIDUAL,4100000,VERIFIED,62.0,rural
ENT_02101,INDIVIDUAL,4700000,VERIFIED,42.0,metro
ENT_02102,INDIVIDUAL,0,VERIFIED,42.0,rural
ENT_02103,INDIVIDUAL,1000000,VERIFIED,59.0,tier2
ENT_02104,BUSINESS,2300000,VERIFIED,,rural
ENT_02105,BUSINESS,6100000,VERIFIED,,metro
ENT_02106,INDIVIDUAL,59700000,VERIFIED,31.0,tier2
ENT_02107,INDIVIDUAL,300000,VERIFIED,52.0,metro
ENT_02108,INDIVIDUAL,5000000,VERIFIED,54.0,metro
ENT_02109,INDIVIDUAL,1500000,VERIFIED,41.0,tier2
ENT_02110,TRUST,1200000,VERIFIED,,rural
ENT_02111,INDIVIDUAL,1300000,VERIFIED,29.0,metro
ENT_02112,INDIVIDUAL,700000,VERIFIED,63.0,metro
ENT_02113,INDIVIDUAL,700000,VERIFIED,29.0,rural
ENT_02114,INDIVIDUAL,45000000,VERIFIED,37.0,metro
ENT_02115,INDIVIDUAL,1000000,VERIFIED,52.0,tier2
ENT_02116,INDIVIDUAL,5500000,VERIFIED,62.0,tier2
ENT_02117,BUSINESS,1900000,VERIFIED,,tier2
ENT_02118,INDIVIDUAL,1300000,VERIFIED,64.0,tier2
ENT_02119,INDIVIDUAL,500000,VERIFIED,47.0,rural
ENT_02120,INDIVIDUAL,1500000,VERIFIED,61.0,metro
ENT_02121,INDIVIDUAL,0,VERIFIED,46.0,rural
ENT_02122,BUSINESS,1400000,VERIFIED,,metro
ENT_02123,TRUST,8600000,VERIFIED,,metro
ENT_02124,INDIVIDUAL,79500000,VERIFIED,54.0,rural
ENT_02125,INDIVIDUAL,700000,VERIFIED,37.0,tier2
ENT_02126,BUSINESS,52300000,VERIFIED,,metro
ENT_02127,INDIVIDUAL,7600000,VERIFIED,39.0,metro
ENT_02128,INDIVIDUAL,500000,VERIFIED,53.0,tier2
ENT_02129,INDIVIDUAL,1300000,VERIFIED,62.0,tier2
ENT_02130,INDIVIDUAL,2200000,VERIFIED,23.0,rural
ENT_02131,INDIVIDUAL,8800000,VERIFIED,44.0,metro
ENT_02132,INDIVIDUAL,7900000,VERIFIED,24.0,tier2
ENT_02133,INDIVIDUAL,9500000,VERIFIED,36.0,rural
ENT_02134,INDIVIDUAL,8000000,VERIFIED,42.0,metro
ENT_02135,BUSINESS,91200000,VERIFIED,,rural
ENT_02136,INDIVIDUAL,10000000,VERIFIED,65.0,metro
ENT_02137,BUSINESS,37400000,VERIFIED,,rural
ENT_02138,INDIVIDUAL,6300000,VERIFIED,61.0,metro
ENT_02139,BUSINESS,1300000,VERIFIED,,metro
ENT_02140,INDIVIDUAL,8600000,VERIFIED,38.0,metro
ENT_02141,TRUST,8100000,VERIFIED,,rural
ENT_02142,INDIVIDUAL,1600000,VERIFIED,54.0,metro
ENT_02143,BUSINESS,6100000,VERIFIED,,rural
ENT_02144,INDIVIDUAL,400000,VERIFIED,63.0,rural
ENT_02145,INDIVIDUAL,6000000,VERIFIED,58.0,rural
ENT_02146,BUSINESS,30800000,VERIFIED,,metro
ENT_02147,INDIVIDUAL,0,VERIFIED,55.0,metro
ENT_02148,INDIVIDUAL,2000000,VERIFIED,54.0,metro
ENT_02149,INDIVIDUAL,1000000,VERIFIED,58.0,tier2
ENT_02150,INDIVIDUAL,600000,VERIFIED,37.0,metro
ENT_02151,BUSINESS,88800000,VERIFIED,,metro
ENT_02152,INDIVIDUAL,0,VERIFIED,27.0,tier2
ENT_02153,INDIVIDUAL,2300000,VERIFIED,25.0,metro
ENT_02154,INDIVIDUAL,700000,VERIFIED,34.0,rural
ENT_02155,INDIVIDUAL,800000,VERIFIED,31.0,metro
ENT_02156,INDIVIDUAL,0,VERIFIED,22.0,metro
ENT_02157,INDIVIDUAL,900000,VERIFIED,42.0,rural
ENT_02158,INDIVIDUAL,500000,VERIFIED,29.0,metro
ENT_02159,BUSINESS,2500000,VERIFIED,,rural
ENT_02160,TRUST,3000000,VERIFIED,,tier2
ENT_02161,INDIVIDUAL,1200000,VERIFIED,19.0,tier2
ENT_02162,INDIVIDUAL,3700000,VERIFIED,41.0,metro
ENT_02163,INDIVIDUAL,600000,VERIFIED,23.0,tier2
ENT_02164,BUSINESS,30400000,VERIFIED,,rural
ENT_02165,INDIVIDUAL,4700000,VERIFIED,47.0,tier2
ENT_02166,INDIVIDUAL,6100000,VERIFIED,30.0,metro
ENT_02167,INDIVIDUAL,4500000,VERIFIED,43.0,metro
ENT_02168,INDIVIDUAL,3100000,VERIFIED,31.0,rural
ENT_02169,INDIVIDUAL,6400000,VERIFIED,56.0,tier2
ENT_02170,BUSINESS,53900000,VERIFIED,,metro
ENT_02171,INDIVIDUAL,1800000,VERIFIED,46.0,metro
ENT_02172,INDIVIDUAL,8500000,VERIFIED,44.0,metro
ENT_02173,BUSINESS,50700000,VERIFIED,,metro
ENT_02174,INDIVIDUAL,1500000,VERIFIED,29.0,metro
ENT_02175,INDIVIDUAL,5700000,VERIFIED,27.0,tier2
ENT_02176,INDIVIDUAL,300000,VERIFIED,63.0,metro
ENT_02177,INDIVIDUAL,3900000,VERIFIED,53.0,metro
ENT_02178,INDIVIDUAL,600000,VERIFIED,24.0,tier2
ENT_02179,INDIVIDUAL,92600000,VERIFIED,60.0,metro
ENT_02180,BUSINESS,42500000,VERIFIED,,rural
ENT_02181,INDIVIDUAL,0,VERIFIED,49.0,metro
ENT_02182,TRUST,6700000,VERIFIED,,metro
ENT_02183,INDIVIDUAL,1200000,VERIFIED,19.0,metro
ENT_02184,INDIVIDUAL,1000000,VERIFIED,47.0,metro
ENT_02185,BUSINESS,5300000,VERIFIED,,tier2
ENT_02186,INDIVIDUAL,0,VERIFIED,44.0,tier2
ENT_02187,INDIVIDUAL,6100000,VERIFIED,23.0,tier2
ENT_02188,INDIVIDUAL,6000000,VERIFIED,37.0,tier2
ENT_02189,INDIVIDUAL,2500000,VERIFIED,41.0,rural
ENT_02190,INDIVIDUAL,300000,VERIFIED,26.0,metro
ENT_02191,INDIVIDUAL,6500000,VERIFIED,32.0,metro
ENT_02192,INDIVIDUAL,47700000,VERIFIED,52.0,rural
ENT_02193,BUSINESS,90300000,VERIFIED,,metro
ENT_02194,INDIVIDUAL,700000,VERIFIED,39.0,tier2
ENT_02195,INDIVIDUAL,1400000,VERIFIED,28.0,rural
ENT_02196,INDIVIDUAL,800000,VERIFIED,27.0,tier2
ENT_02197,BUSINESS,75200000,VERIFIED,,metro
ENT_02198,INDIVIDUAL,8300000,VERIFIED,48.0,tier2
ENT_02199,TRUST,33100000,VERIFIED,,metro
ENT_02200,INDIVIDUAL,5500000,VERIFIED,53.0,rural
ENT_02201,INDIVIDUAL,3600000,VERIFIED,62.0,metro
ENT_02202,TRUST,9500000,VERIFIED,,metro
ENT_02203,BUSINESS,5300000,VERIFIED,,metro
ENT_02204,INDIVIDUAL,5000000,VERIFIED,37.0,tier2
ENT_02205,INDIVIDUAL,2300000,VERIFIED,26.0,metro
ENT_02206,INDIVIDUAL,98800000,VERIFIED,57.0,tier2
ENT_02207,INDIVIDUAL,700000,VERIFIED,45.0,metro
ENT_02208,INDIVIDUAL,9200000,VERIFIED,24.0,metro
ENT_02209,BUSINESS,1200000,VERIFIED,,rural
ENT_02210,INDIVIDUAL,0,VERIFIED,60.0,tier2
ENT_02211,INDIVIDUAL,1100000,VERIFIED,23.0,metro
ENT_02212,INDIVIDUAL,900000,VERIFIED,50.0,metro
ENT_02213,INDIVIDUAL,300000,VERIFIED,59.0,metro
ENT_02214,BUSINESS,6100000,VERIFIED,,metro
ENT_02215,INDIVIDUAL,7600000,VERIFIED,45.0,metro
ENT_02216,INDIVIDUAL,400000,VERIFIED,32.0,metro
ENT_02217,BUSINESS,1800000,VERIFIED,,tier2
ENT_02218,INDIVIDUAL,9900000,VERIFIED,63.0,metro
ENT_02219,INDIVIDUAL,1400000,VERIFIED,35.0,metro
ENT_02220,INDIVIDUAL,1300000,VERIFIED,36.0,tier2
ENT_02221,INDIVIDUAL,0,VERIFIED,29.0,tier2
ENT_02222,INDIVIDUAL,700000,VERIFIED,62.0,metro
ENT_02223,INDIVIDUAL,0,VERIFIED,29.0,metro
ENT_02224,INDIVIDUAL,78200000,VERIFIED,48.0,metro
ENT_02225,INDIVIDUAL,17800000,VERIFIED,28.0,tier2
ENT_02226,BUSINESS,69700000,VERIFIED,,metro
ENT_02227,BUSINESS,1200000,VERIFIED,,tier2
ENT_02228,TRUST,2800000,VERIFIED,,tier2
ENT_02229,INDIVIDUAL,5200000,VERIFIED,46.0,metro
ENT_02230,INDIVIDUAL,9400000,VERIFIED,49.0,metro
ENT_02231,INDIVIDUAL,4800000,VERIFIED,63.0,metro
ENT_02232,INDIVIDUAL,8600000,VERIFIED,48.0,metro
ENT_02233,INDIVIDUAL,1200000,VERIFIED,27.0,rural
ENT_02234,BUSINESS,5500000,VERIFIED,,metro
ENT_02235,INDIVIDUAL,6500000,VERIFIED,41.0,metro
ENT_02236,INDIVIDUAL,48600000,VERIFIED,58.0,metro
ENT_02237,INDIVIDUAL,7900000,VERIFIED,46.0,rural
ENT_02238,BUSINESS,43900000,VERIFIED,,metro
ENT_02239,INDIVIDUAL,41600000,VERIFIED,30.0,metro
ENT_02240,INDIVIDUAL,1200000,VERIFIED,25.0,metro
ENT_02241,INDIVIDUAL,91100000,VERIFIED,40.0,metro
ENT_02242,TRUST,6900000,VERIFIED,,tier2
ENT_02243,INDIVIDUAL,1100000,VERIFIED,60.0,metro
ENT_02244,INDIVIDUAL,0,VERIFIED,36.0,metro
ENT_02245,INDIVIDUAL,1200000,VERIFIED,25.0,metro
ENT_02246,INDIVIDUAL,1300000,VERIFIED,18.0,metro
ENT_02247,INDIVIDUAL,7400000,VERIFIED,60.0,rural
ENT_02248,INDIVIDUAL,83000000,VERIFIED,35.0,metro
ENT_02249,INDIVIDUAL,400000,VERIFIED,36.0,metro
ENT_02250,INDIVIDUAL,1500000,VERIFIED,61.0,tier2
ENT_02251,INDIVIDUAL,20000000,VERIFIED,34.0,rural
ENT_02252,INDIVIDUAL,900000,VERIFIED,61.0,rural
ENT_02253,BUSINESS,4200000,VERIFIED,,metro
ENT_02254,INDIVIDUAL,400000,VERIFIED,37.0,tier2
ENT_02255,INDIVIDUAL,5800000,VERIFIED,45.0,metro
ENT_02256,INDIVIDUAL,7400000,VERIFIED,61.0,tier2
ENT_02257,INDIVIDUAL,900000,VERIFIED,44.0,metro
ENT_02258,BUSINESS,19000000,VERIFIED,,tier2
ENT_02259,INDIVIDUAL,600000,VERIFIED,55.0,tier2
ENT_02260,INDIVIDUAL,8200000,VERIFIED,36.0,metro
ENT_02261,BUSINESS,6900000,VERIFIED,,rural
ENT_02262,BUSINESS,2000000,VERIFIED,,metro
ENT_02263,BUSINESS,70800000,VERIFIED,,metro
ENT_02264,INDIVIDUAL,800000,VERIFIED,21.0,metro
ENT_02265,INDIVIDUAL,1600000,VERIFIED,62.0,metro
ENT_02266,INDIVIDUAL,7300000,VERIFIED,26.0,metro
ENT_02267,INDIVIDUAL,4800000,VERIFIED,58.0,metro
ENT_02268,TRUST,73800000,VERIFIED,,tier2
ENT_02269,INDIVIDUAL,0,VERIFIED,56.0,rural
ENT_02270,INDIVIDUAL,400000,VERIFIED,48.0,metro
ENT_02271,INDIVIDUAL,400000,VERIFIED,37.0,metro
ENT_02272,TRUST,94100000,VERIFIED,,tier2
ENT_02273,INDIVIDUAL,2500000,VERIFIED,45.0,metro
ENT_02274,INDIVIDUAL,1400000,VERIFIED,60.0,metro
ENT_02275,INDIVIDUAL,3500000,VERIFIED,48.0,metro
ENT_02276,INDIVIDUAL,1200000,VERIFIED,49.0,metro
ENT_02277,INDIVIDUAL,1500000,VERIFIED,24.0,metro
ENT_02278,BUSINESS,56800000,VERIFIED,,metro
ENT_02279,INDIVIDUAL,1400000,VERIFIED,59.0,tier2
ENT_02280,INDIVIDUAL,800000,VERIFIED,26.0,metro
ENT_02281,INDIVIDUAL,500000,VERIFIED,40.0,tier2
ENT_02282,BUSINESS,62500000,VERIFIED,,metro
ENT_02283,INDIVIDUAL,1400000,VERIFIED,54.0,metro
ENT_02284,INDIVIDUAL,4500000,VERIFIED,60.0,metro
ENT_02285,INDIVIDUAL,76000000,VERIFIED,48.0,metro
ENT_02286,INDIVIDUAL,8300000,VERIFIED,63.0,rural
ENT_02287,INDIVIDUAL,2600000,VERIFIED,62.0,metro
ENT_02288,TRUST,16900000,VERIFIED,,metro
ENT_02289,BUSINESS,9500000,VERIFIED,,metro
ENT_02290,BUSINESS,4000000,VERIFIED,,metro
ENT_02291,BUSINESS,87300000,VERIFIED,,rural
ENT_02292,BUSINESS,21700000,VERIFIED,,metro
ENT_02293,INDIVIDUAL,800000,VERIFIED,56.0,tier2
ENT_02294,INDIVIDUAL,400000,VERIFIED,62.0,metro
ENT_02295,INDIVIDUAL,8100000,VERIFIED,30.0,metro
ENT_02296,INDIVIDUAL,3800000,VERIFIED,30.0,tier2
ENT_02297,INDIVIDUAL,3400000,VERIFIED,23.0,tier2
ENT_02298,INDIVIDUAL,3600000,VERIFIED,20.0,rural
ENT_02299,BUSINESS,68100000,VERIFIED,,tier2
ENT_02300,INDIVIDUAL,1400000,VERIFIED,64.0,tier2
ENT_02301,INDIVIDUAL,8300000,VERIFIED,48.0,tier2
ENT_02302,INDIVIDUAL,2700000,VERIFIED,22.0,metro
ENT_02303,INDIVIDUAL,8200000,VERIFIED,23.0,metro
ENT_02304,INDIVIDUAL,1000000,VERIFIED,32.0,metro
ENT_02305,INDIVIDUAL,0,VERIFIED,36.0,rural
ENT_02306,INDIVIDUAL,1800000,VERIFIED,28.0,rural
ENT_02307,INDIVIDUAL,7600000,VERIFIED,57.0,tier2
ENT_02308,INDIVIDUAL,0,VERIFIED,62.0,rural
ENT_02309,INDIVIDUAL,36900000,VERIFIED,59.0,metro
ENT_02310,INDIVIDUAL,800000,VERIFIED,21.0,metro
ENT_02311,INDIVIDUAL,9400000,VERIFIED,21.0,metro
ENT_02312,INDIVIDUAL,72400000,VERIFIED,62.0,rural
ENT_02313,BUSINESS,6300000,VERIFIED,,tier2
ENT_02314,INDIVIDUAL,0,VERIFIED,53.0,metro
ENT_02315,INDIVIDUAL,2300000,VERIFIED,20.0,metro
ENT_02316,INDIVIDUAL,1000000,VERIFIED,37.0,tier2
ENT_02317,BUSINESS,1300000,VERIFIED,,tier2
ENT_02318,BUSINESS,79800000,VERIFIED,,tier2
ENT_02319,INDIVIDUAL,900000,VERIFIED,42.0,tier2
ENT_02320,INDIVIDUAL,500000,VERIFIED,25.0,metro
ENT_02321,BUSINESS,46000000,VERIFIED,,metro
ENT_02322,INDIVIDUAL,0,VERIFIED,32.0,metro
ENT_02323,INDIVIDUAL,1500000,VERIFIED,52.0,tier2
ENT_02324,TRUST,1700000,VERIFIED,,metro
ENT_02325,INDIVIDUAL,300000,VERIFIED,38.0,metro
ENT_02326,INDIVIDUAL,700000,VERIFIED,26.0,tier2
ENT_02327,INDIVIDUAL,400000,VERIFIED,22.0,metro
ENT_02328,INDIVIDUAL,1400000,VERIFIED,40.0,rural
ENT_02329,BUSINESS,47500000,VERIFIED,,tier2
ENT_02330,INDIVIDUAL,7700000,VERIFIED,35.0,metro
ENT_02331,INDIVIDUAL,800000,VERIFIED,44.0,tier2
ENT_02332,INDIVIDUAL,600000,VERIFIED,26.0,rural
ENT_02333,INDIVIDUAL,1100000,VERIFIED,31.0,metro
ENT_02334,INDIVIDUAL,1400000,VERIFIED,33.0,tier2
ENT_02335,INDIVIDUAL,400000,VERIFIED,19.0,metro
ENT_02336,INDIVIDUAL,900000,VERIFIED,37.0,rural
ENT_02337,INDIVIDUAL,1200000,VERIFIED,42.0,metro
ENT_02338,BUSINESS,3800000,VERIFIED,,metro
ENT_02339,INDIVIDUAL,300000,VERIFIED,60.0,metro
ENT_02340,INDIVIDUAL,300000,VERIFIED,56.0,tier2
ENT_02341,INDIVIDUAL,4300000,VERIFIED,55.0,metro
ENT_02342,INDIVIDUAL,8900000,VERIFIED,45.0,rural
ENT_02343,INDIVIDUAL,87000000,VERIFIED,21.0,rural
ENT_02344,INDIVIDUAL,79400000,VERIFIED,36.0,rural
ENT_02345,BUSINESS,26600000,VERIFIED,,rural
ENT_02346,INDIVIDUAL,34300000,VERIFIED,26.0,rural
ENT_02347,INDIVIDUAL,4500000,VERIFIED,23.0,rural
ENT_02348,INDIVIDUAL,1200000,VERIFIED,43.0,metro
ENT_02349,INDIVIDUAL,700000,VERIFIED,59.0,rural
ENT_02350,INDIVIDUAL,1200000,VERIFIED,60.0,metro
ENT_02351,INDIVIDUAL,1000000,VERIFIED,19.0,metro
ENT_02352,INDIVIDUAL,59100000,VERIFIED,58.0,rural
ENT_02353,INDIVIDUAL,0,VERIFIED,23.0,metro
ENT_02354,INDIVIDUAL,400000,VERIFIED,46.0,metro
ENT_02355,INDIVIDUAL,1000000,VERIFIED,26.0,metro
ENT_02356,INDIVIDUAL,9300000,VERIFIED,21.0,metro
ENT_02357,INDIVIDUAL,1100000,VERIFIED,46.0,tier2
ENT_02358,INDIVIDUAL,1700000,VERIFIED,63.0,rural
ENT_02359,TRUST,65300000,VERIFIED,,tier2
ENT_02360,INDIVIDUAL,400000,VERIFIED,50.0,metro
ENT_02361,INDIVIDUAL,800000,VERIFIED,54.0,metro
ENT_02362,BUSINESS,99600000,VERIFIED,,metro
ENT_02363,INDIVIDUAL,5600000,VERIFIED,39.0,rural
ENT_02364,BUSINESS,73600000,VERIFIED,,metro
ENT_02365,INDIVIDUAL,500000,VERIFIED,55.0,metro
ENT_02366,INDIVIDUAL,7500000,VERIFIED,63.0,tier2
ENT_02367,INDIVIDUAL,5400000,VERIFIED,31.0,metro
ENT_02368,INDIVIDUAL,2900000,VERIFIED,42.0,tier2
ENT_02369,INDIVIDUAL,32900000,VERIFIED,54.0,tier2
ENT_02370,INDIVIDUAL,6300000,VERIFIED,52.0,tier2
ENT_02371,BUSINESS,8700000,VERIFIED,,metro
ENT_02372,INDIVIDUAL,700000,VERIFIED,30.0,rural
ENT_02373,INDIVIDUAL,600000,VERIFIED,41.0,metro
ENT_02374,INDIVIDUAL,80900000,VERIFIED,33.0,metro
ENT_02375,TRUST,5500000,VERIFIED,,tier2
ENT_02376,INDIVIDUAL,1000000,VERIFIED,56.0,metro
ENT_02377,INDIVIDUAL,500000,VERIFIED,52.0,metro
ENT_02378,BUSINESS,8700000,VERIFIED,,metro
ENT_02379,INDIVIDUAL,400000,VERIFIED,44.0,metro
ENT_02380,TRUST,3300000,VERIFIED,,rural
ENT_02381,INDIVIDUAL,700000,VERIFIED,53.0,tier2
ENT_02382,INDIVIDUAL,300000,VERIFIED,45.0,metro
ENT_02383,INDIVIDUAL,0,VERIFIED,50.0,rural
ENT_02384,BUSINESS,23000000,VERIFIED,,metro
ENT_02385,INDIVIDUAL,2500000,VERIFIED,39.0,rural
ENT_02386,BUSINESS,1500000,VERIFIED,,metro
ENT_02387,BUSINESS,74500000,VERIFIED,,metro
ENT_02388,BUSINESS,81600000,VERIFIED,,metro
ENT_02389,INDIVIDUAL,7500000,VERIFIED,23.0,metro
ENT_02390,INDIVIDUAL,9600000,VERIFIED,59.0,metro
ENT_02391,INDIVIDUAL,1400000,VERIFIED,55.0,metro
ENT_02392,INDIVIDUAL,1000000,VERIFIED,39.0,metro
ENT_02393,INDIVIDUAL,7500000,VERIFIED,45.0,metro
ENT_02394,INDIVIDUAL,2800000,VERIFIED,20.0,rural
ENT_02395,INDIVIDUAL,31500000,VERIFIED,45.0,tier2
ENT_02396,INDIVIDUAL,2200000,VERIFIED,40.0,metro
ENT_02397,INDIVIDUAL,1000000,VERIFIED,32.0,rural
ENT_02398,INDIVIDUAL,72000000,VERIFIED,24.0,rural
ENT_02399,INDIVIDUAL,600000,VERIFIED,53.0,rural
ENT_02400,INDIVIDUAL,0,VERIFIED,20.0,rural
ENT_02401,INDIVIDUAL,1000000,VERIFIED,49.0,rural
ENT_02402,INDIVIDUAL,1200000,VERIFIED,45.0,tier2
ENT_02403,INDIVIDUAL,4700000,VERIFIED,25.0,tier2
ENT_02404,BUSINESS,60500000,VERIFIED,,metro
ENT_02405,BUSINESS,5500000,VERIFIED,,rural
ENT_02406,INDIVIDUAL,400000,VERIFIED,38.0,metro
ENT_02407,INDIVIDUAL,1400000,VERIFIED,50.0,tier2
ENT_02408,INDIVIDUAL,1400000,VERIFIED,45.0,metro
ENT_02409,INDIVIDUAL,3400000,VERIFIED,53.0,tier2
ENT_02410,BUSINESS,4100000,VERIFIED,,metro
ENT_02411,INDIVIDUAL,78900000,VERIFIED,30.0,metro
ENT_02412,INDIVIDUAL,7300000,VERIFIED,36.0,metro
ENT_02413,INDIVIDUAL,0,VERIFIED,51.0,rural
ENT_02414,INDIVIDUAL,0,VERIFIED,22.0,metro
ENT_02415,INDIVIDUAL,1400000,VERIFIED,44.0,tier2
ENT_02416,INDIVIDUAL,4000000,VERIFIED,58.0,metro
ENT_02417,INDIVIDUAL,99800000,VERIFIED,37.0,rural
ENT_02418,BUSINESS,91500000,VERIFIED,,tier2
ENT_02419,INDIVIDUAL,4700000,VERIFIED,24.0,metro
ENT_02420,TRUST,52900000,VERIFIED,,rural
ENT_02421,INDIVIDUAL,2400000,VERIFIED,29.0,metro
ENT_02422,INDIVIDUAL,1400000,VERIFIED,43.0,tier2
ENT_02423,INDIVIDUAL,1500000,VERIFIED,49.0,tier2
ENT_02424,INDIVIDUAL,0,VERIFIED,35.0,tier2
ENT_02425,BUSINESS,8100000,VERIFIED,,tier2
ENT_02426,INDIVIDUAL,900000,VERIFIED,46.0,metro
ENT_02427,INDIVIDUAL,0,VERIFIED,49.0,tier2
ENT_02428,INDIVIDUAL,4900000,VERIFIED,46.0,metro
ENT_02429,INDIVIDUAL,600000,VERIFIED,58.0,metro
ENT_02430,TRUST,8700000,VERIFIED,,tier2
ENT_02431,TRUST,19200000,VERIFIED,,tier2
ENT_02432,INDIVIDUAL,1500000,VERIFIED,53.0,metro
ENT_02433,INDIVIDUAL,1100000,VERIFIED,30.0,rural
ENT_02434,BUSINESS,4700000,VERIFIED,,rural
ENT_02435,BUSINESS,8000000,VERIFIED,,tier2
ENT_02436,BUSINESS,7700000,VERIFIED,,metro
ENT_02437,INDIVIDUAL,500000,VERIFIED,36.0,metro
ENT_02438,INDIVIDUAL,4100000,VERIFIED,20.0,metro
ENT_02439,INDIVIDUAL,9300000,VERIFIED,43.0,metro
ENT_02440,INDIVIDUAL,400000,VERIFIED,22.0,metro
ENT_02441,INDIVIDUAL,6300000,VERIFIED,19.0,metro
ENT_02442,BUSINESS,2200000,VERIFIED,,tier2
ENT_02443,INDIVIDUAL,1200000,VERIFIED,37.0,tier2
ENT_02444,INDIVIDUAL,4800000,VERIFIED,35.0,metro
ENT_02445,INDIVIDUAL,69000000,VERIFIED,48.0,metro
ENT_02446,INDIVIDUAL,900000,VERIFIED,53.0,metro
ENT_02447,INDIVIDUAL,7400000,VERIFIED,33.0,metro
ENT_02448,TRUST,88100000,VERIFIED,,tier2
ENT_02449,INDIVIDUAL,300000,VERIFIED,43.0,tier2
ENT_02450,INDIVIDUAL,400000,VERIFIED,59.0,metro
ENT_02451,INDIVIDUAL,2000000,VERIFIED,24.0,tier2
ENT_02452,INDIVIDUAL,70700000,VERIFIED,33.0,metro
ENT_02453,INDIVIDUAL,7600000,VERIFIED,64.0,rural
ENT_02454,INDIVIDUAL,0,VERIFIED,49.0,metro
ENT_02455,INDIVIDUAL,500000,VERIFIED,20.0,metro
ENT_02456,INDIVIDUAL,300000,VERIFIED,35.0,tier2
ENT_02457,INDIVIDUAL,7900000,VERIFIED,49.0,metro
ENT_02458,INDIVIDUAL,1400000,VERIFIED,48.0,tier2
ENT_02459,BUSINESS,2300000,VERIFIED,,metro
ENT_02460,INDIVIDUAL,300000,VERIFIED,28.0,tier2
ENT_02461,INDIVIDUAL,400000,VERIFIED,20.0,rural
ENT_02462,INDIVIDUAL,7700000,VERIFIED,49.0,metro
ENT_02463,BUSINESS,4700000,VERIFIED,,metro
ENT_02464,TRUST,63500000,VERIFIED,,metro
ENT_02465,BUSINESS,2800000,VERIFIED,,metro
ENT_02466,INDIVIDUAL,5700000,VERIFIED,51.0,tier2
ENT_02467,INDIVIDUAL,800000,VERIFIED,65.0,tier2
ENT_02468,BUSINESS,11000000,VERIFIED,,metro
ENT_02469,INDIVIDUAL,300000,VERIFIED,37.0,tier2
ENT_02470,INDIVIDUAL,0,VERIFIED,47.0,metro
ENT_02471,INDIVIDUAL,500000,VERIFIED,22.0,metro
ENT_02472,INDIVIDUAL,1300000,VERIFIED,18.0,rural
ENT_02473,INDIVIDUAL,6400000,VERIFIED,55.0,tier2
ENT_02474,INDIVIDUAL,4200000,VERIFIED,53.0,tier2
ENT_02475,INDIVIDUAL,0,VERIFIED,27.0,metro
ENT_02476,INDIVIDUAL,1200000,VERIFIED,24.0,metro
ENT_02477,INDIVIDUAL,5900000,VERIFIED,39.0,tier2
ENT_02478,BUSINESS,31400000,VERIFIED,,metro
ENT_02479,INDIVIDUAL,19300000,VERIFIED,57.0,metro
ENT_02480,INDIVIDUAL,5100000,VERIFIED,22.0,rural
ENT_02481,INDIVIDUAL,6600000,VERIFIED,45.0,tier2
ENT_02482,INDIVIDUAL,2500000,VERIFIED,33.0,tier2
ENT_02483,INDIVIDUAL,1000000,VERIFIED,40.0,metro
ENT_02484,INDIVIDUAL,8700000,VERIFIED,31.0,rural
ENT_02485,BUSINESS,6500000,VERIFIED,,tier2
ENT_02486,INDIVIDUAL,9700000,VERIFIED,25.0,tier2
ENT_02487,INDIVIDUAL,300000,VERIFIED,41.0,rural
ENT_02488,INDIVIDUAL,900000,VERIFIED,31.0,tier2
ENT_02489,BUSINESS,5800000,VERIFIED,,metro
ENT_02490,BUSINESS,6600000,VERIFIED,,metro
ENT_02491,INDIVIDUAL,5200000,VERIFIED,24.0,rural
ENT_02492,BUSINESS,8700000,VERIFIED,,metro
ENT_02493,INDIVIDUAL,6000000,VERIFIED,20.0,rural
ENT_02494,INDIVIDUAL,300000,VERIFIED,54.0,rural
ENT_02495,BUSINESS,60200000,VERIFIED,,metro
ENT_02496,INDIVIDUAL,7900000,VERIFIED,24.0,metro
ENT_02497,INDIVIDUAL,2900000,VERIFIED,63.0,tier2
ENT_02498,BUSINESS,95400000,VERIFIED,,rural
ENT_02499,INDIVIDUAL,1700000,VERIFIED,38.0,metro
ENT_02500,INDIVIDUAL,29800000,VERIFIED,59.0,tier2
ENT_02501,INDIVIDUAL,5000000,VERIFIED,63.0,metro
ENT_02502,TRUST,62800000,VERIFIED,,metro
ENT_02503,INDIVIDUAL,1300000,VERIFIED,60.0,metro
ENT_02504,INDIVIDUAL,2800000,VERIFIED,64.0,metro
ENT_02505,INDIVIDUAL,0,VERIFIED,56.0,metro
ENT_02506,INDIVIDUAL,1400000,VERIFIED,18.0,metro
ENT_02507,INDIVIDUAL,1000000,VERIFIED,54.0,rural
ENT_02508,INDIVIDUAL,19000000,VERIFIED,25.0,rural
ENT_02509,INDIVIDUAL,0,VERIFIED,38.0,tier2
ENT_02510,TRUST,3700000,VERIFIED,,tier2
ENT_02511,INDIVIDUAL,4100000,VERIFIED,37.0,rural
ENT_02512,INDIVIDUAL,29500000,VERIFIED,65.0,tier2
ENT_02513,INDIVIDUAL,0,VERIFIED,63.0,metro
ENT_02514,INDIVIDUAL,6200000,VERIFIED,32.0,rural
ENT_02515,INDIVIDUAL,700000,VERIFIED,34.0,tier2
ENT_02516,INDIVIDUAL,1200000,VERIFIED,41.0,metro
ENT_02517,INDIVIDUAL,1300000,VERIFIED,61.0,rural
ENT_02518,INDIVIDUAL,5900000,VERIFIED,27.0,tier2
ENT_02519,INDIVIDUAL,5400000,VERIFIED,59.0,rural
ENT_02520,INDIVIDUAL,1400000,VERIFIED,50.0,tier2
ENT_02521,INDIVIDUAL,1100000,VERIFIED,31.0,metro
ENT_02522,INDIVIDUAL,0,VERIFIED,25.0,tier2
ENT_02523,INDIVIDUAL,1000000,VERIFIED,55.0,metro
ENT_02524,INDIVIDUAL,1400000,VERIFIED,38.0,tier2
ENT_02525,INDIVIDUAL,1100000,VERIFIED,28.0,metro
ENT_02526,INDIVIDUAL,2200000,VERIFIED,29.0,rural
ENT_02527,INDIVIDUAL,500000,VERIFIED,19.0,metro
ENT_02528,INDIVIDUAL,9800000,VERIFIED,45.0,tier2
ENT_02529,INDIVIDUAL,1400000,VERIFIED,41.0,tier2
ENT_02530,INDIVIDUAL,300000,VERIFIED,32.0,tier2
ENT_02531,BUSINESS,53600000,VERIFIED,,tier2
ENT_02532,TRUST,3000000,VERIFIED,,tier2
ENT_02533,BUSINESS,8200000,VERIFIED,,tier2
ENT_02534,INDIVIDUAL,300000,VERIFIED,23.0,metro
ENT_02535,INDIVIDUAL,6800000,VERIFIED,43.0,metro
ENT_02536,INDIVIDUAL,500000,VERIFIED,37.0,metro
ENT_02537,INDIVIDUAL,6500000,VERIFIED,23.0,tier2
ENT_02538,INDIVIDUAL,5700000,VERIFIED,18.0,metro
ENT_02539,INDIVIDUAL,1300000,VERIFIED,43.0,tier2
ENT_02540,BUSINESS,82300000,VERIFIED,,metro
ENT_02541,BUSINESS,88100000,VERIFIED,,rural
ENT_02542,INDIVIDUAL,700000,VERIFIED,61.0,tier2
ENT_02543,INDIVIDUAL,400000,VERIFIED,40.0,metro
ENT_02544,INDIVIDUAL,3800000,VERIFIED,56.0,metro
ENT_02545,INDIVIDUAL,1100000,VERIFIED,18.0,tier2
ENT_02546,INDIVIDUAL,76100000,VERIFIED,32.0,metro
ENT_02547,INDIVIDUAL,900000,VERIFIED,23.0,metro
ENT_02548,INDIVIDUAL,700000,VERIFIED,37.0,metro
ENT_02549,BUSINESS,28300000,VERIFIED,,metro
ENT_02550,INDIVIDUAL,6900000,VERIFIED,23.0,metro
ENT_02551,INDIVIDUAL,6100000,VERIFIED,18.0,metro
ENT_02552,INDIVIDUAL,9700000,VERIFIED,47.0,metro
ENT_02553,INDIVIDUAL,6400000,VERIFIED,21.0,metro
ENT_02554,INDIVIDUAL,8700000,VERIFIED,46.0,tier2
ENT_02555,INDIVIDUAL,7800000,VERIFIED,41.0,metro
ENT_02556,INDIVIDUAL,1500000,VERIFIED,42.0,rural
ENT_02557,INDIVIDUAL,0,VERIFIED,63.0,tier2
ENT_02558,INDIVIDUAL,6800000,VERIFIED,45.0,metro
ENT_02559,INDIVIDUAL,1000000,VERIFIED,47.0,metro
ENT_02560,BUSINESS,53500000,VERIFIED,,metro
ENT_02561,INDIVIDUAL,7900000,VERIFIED,35.0,metro
ENT_02562,INDIVIDUAL,0,VERIFIED,38.0,metro
ENT_02563,INDIVIDUAL,1400000,VERIFIED,20.0,tier2
ENT_02564,INDIVIDUAL,1100000,VERIFIED,24.0,metro
ENT_02565,INDIVIDUAL,700000,VERIFIED,40.0,rural
ENT_02566,INDIVIDUAL,1400000,VERIFIED,51.0,tier2
ENT_02567,INDIVIDUAL,300000,VERIFIED,27.0,tier2
ENT_02568,INDIVIDUAL,2200000,VERIFIED,42.0,tier2
ENT_02569,INDIVIDUAL,1300000,VERIFIED,65.0,metro
ENT_02570,INDIVIDUAL,1400000,VERIFIED,34.0,tier2
ENT_02571,INDIVIDUAL,0,VERIFIED,45.0,rural
ENT_02572,INDIVIDUAL,4800000,VERIFIED,57.0,tier2
ENT_02573,BUSINESS,5700000,VERIFIED,,tier2
ENT_02574,INDIVIDUAL,38100000,VERIFIED,65.0,tier2
ENT_02575,INDIVIDUAL,1500000,VERIFIED,56.0,metro
ENT_02576,INDIVIDUAL,300000,VERIFIED,44.0,metro
ENT_02577,INDIVIDUAL,4500000,VERIFIED,35.0,metro
ENT_02578,INDIVIDUAL,2200000,VERIFIED,32.0,metro
ENT_02579,INDIVIDUAL,1200000,VERIFIED,36.0,tier2
ENT_02580,INDIVIDUAL,900000,VERIFIED,58.0,tier2
ENT_02581,INDIVIDUAL,1100000,VERIFIED,18.0,metro
ENT_02582,INDIVIDUAL,2900000,VERIFIED,47.0,rural
ENT_02583,INDIVIDUAL,3100000,VERIFIED,61.0,metro
ENT_02584,INDIVIDUAL,8300000,VERIFIED,23.0,tier2
ENT_02585,INDIVIDUAL,600000,VERIFIED,65.0,rural
ENT_02586,INDIVIDUAL,800000,VERIFIED,46.0,tier2
ENT_02587,INDIVIDUAL,3100000,VERIFIED,57.0,metro
ENT_02588,INDIVIDUAL,12300000,VERIFIED,36.0,tier2
ENT_02589,INDIVIDUAL,1100000,VERIFIED,26.0,metro
ENT_02590,BUSINESS,32300000,VERIFIED,,metro
ENT_02591,INDIVIDUAL,500000,VERIFIED,65.0,rural
ENT_02592,INDIVIDUAL,600000,VERIFIED,44.0,rural
ENT_02593,INDIVIDUAL,9000000,VERIFIED,24.0,tier2
ENT_02594,INDIVIDUAL,9100000,VERIFIED,38.0,tier2
ENT_02595,INDIVIDUAL,900000,VERIFIED,49.0,tier2
ENT_02596,INDIVIDUAL,26000000,VERIFIED,29.0,metro
ENT_02597,INDIVIDUAL,6900000,VERIFIED,59.0,metro
ENT_02598,BUSINESS,52800000,VERIFIED,,metro
ENT_02599,INDIVIDUAL,2700000,VERIFIED,57.0,tier2
ENT_02600,TRUST,12300000,VERIFIED,,metro
ENT_02601,INDIVIDUAL,7000000,VERIFIED,61.0,metro
ENT_02602,INDIVIDUAL,9300000,VERIFIED,42.0,tier2
ENT_02603,BUSINESS,6800000,VERIFIED,,metro
ENT_02604,BUSINESS,5100000,VERIFIED,,metro
ENT_02605,INDIVIDUAL,0,VERIFIED,54.0,metro
ENT_02606,INDIVIDUAL,4000000,VERIFIED,29.0,rural
ENT_02607,INDIVIDUAL,1200000,VERIFIED,39.0,rural
ENT_02608,BUSINESS,1000000,VERIFIED,,tier2
ENT_02609,INDIVIDUAL,1100000,VERIFIED,48.0,rural
ENT_02610,INDIVIDUAL,700000,VERIFIED,63.0,tier2
ENT_02611,INDIVIDUAL,7800000,VERIFIED,63.0,metro
ENT_02612,INDIVIDUAL,4700000,VERIFIED,43.0,rural
ENT_02613,INDIVIDUAL,0,VERIFIED,43.0,tier2
ENT_02614,INDIVIDUAL,6400000,VERIFIED,25.0,metro
ENT_02615,BUSINESS,3100000,VERIFIED,,metro
ENT_02616,INDIVIDUAL,600000,VERIFIED,48.0,metro
ENT_02617,INDIVIDUAL,1900000,VERIFIED,47.0,rural
ENT_02618,INDIVIDUAL,700000,VERIFIED,39.0,metro
ENT_02619,INDIVIDUAL,9900000,VERIFIED,34.0,tier2
ENT_02620,INDIVIDUAL,2800000,VERIFIED,51.0,metro
ENT_02621,INDIVIDUAL,800000,VERIFIED,63.0,metro
ENT_02622,BUSINESS,58600000,VERIFIED,,tier2
ENT_02623,INDIVIDUAL,1500000,VERIFIED,62.0,metro
ENT_02624,INDIVIDUAL,4200000,VERIFIED,58.0,metro
ENT_02625,BUSINESS,8400000,VERIFIED,,metro
ENT_02626,INDIVIDUAL,7600000,VERIFIED,43.0,metro
ENT_02627,BUSINESS,8500000,VERIFIED,,rural
ENT_02628,INDIVIDUAL,1000000,VERIFIED,59.0,metro
ENT_02629,INDIVIDUAL,900000,VERIFIED,18.0,tier2
ENT_02630,INDIVIDUAL,600000,VERIFIED,32.0,metro
ENT_02631,INDIVIDUAL,2500000,VERIFIED,59.0,metro
ENT_02632,INDIVIDUAL,9100000,VERIFIED,18.0,rural
ENT_02633,BUSINESS,3500000,VERIFIED,,metro
ENT_02634,INDIVIDUAL,5200000,VERIFIED,50.0,metro
ENT_02635,INDIVIDUAL,7800000,VERIFIED,23.0,rural
ENT_02636,INDIVIDUAL,4100000,VERIFIED,33.0,metro
ENT_02637,INDIVIDUAL,9300000,VERIFIED,33.0,metro
ENT_02638,INDIVIDUAL,1200000,VERIFIED,35.0,tier2
ENT_02639,INDIVIDUAL,400000,VERIFIED,26.0,tier2
ENT_02640,INDIVIDUAL,1200000,VERIFIED,55.0,metro
ENT_02641,INDIVIDUAL,1600000,VERIFIED,38.0,tier2
ENT_02642,INDIVIDUAL,1000000,VERIFIED,23.0,metro
ENT_02643,INDIVIDUAL,8600000,VERIFIED,49.0,metro
ENT_02644,INDIVIDUAL,400000,VERIFIED,64.0,rural
ENT_02645,INDIVIDUAL,1500000,VERIFIED,58.0,tier2
ENT_02646,INDIVIDUAL,0,VERIFIED,44.0,tier2
ENT_02647,INDIVIDUAL,1100000,VERIFIED,48.0,tier2
ENT_02648,TRUST,5300000,VERIFIED,,metro
ENT_02649,INDIVIDUAL,1000000,VERIFIED,25.0,rural
ENT_02650,BUSINESS,62100000,VERIFIED,,metro
ENT_02651,INDIVIDUAL,0,VERIFIED,45.0,tier2
ENT_02652,INDIVIDUAL,5300000,VERIFIED,58.0,tier2
ENT_02653,BUSINESS,3900000,VERIFIED,,metro
ENT_02654,INDIVIDUAL,1100000,VERIFIED,48.0,metro
ENT_02655,INDIVIDUAL,8300000,VERIFIED,61.0,metro
ENT_02656,INDIVIDUAL,3100000,VERIFIED,28.0,tier2
ENT_02657,INDIVIDUAL,58500000,VERIFIED,59.0,tier2
ENT_02658,INDIVIDUAL,3900000,VERIFIED,34.0,metro
ENT_02659,BUSINESS,4900000,VERIFIED,,metro
ENT_02660,INDIVIDUAL,6700000,VERIFIED,37.0,metro
ENT_02661,INDIVIDUAL,1500000,VERIFIED,43.0,metro
ENT_02662,INDIVIDUAL,2700000,VERIFIED,47.0,tier2
ENT_02663,INDIVIDUAL,3600000,VERIFIED,60.0,tier2
ENT_02664,INDIVIDUAL,800000,VERIFIED,45.0,tier2
ENT_02665,INDIVIDUAL,3500000,VERIFIED,31.0,tier2
ENT_02666,INDIVIDUAL,400000,VERIFIED,33.0,metro
ENT_02667,INDIVIDUAL,70700000,VERIFIED,48.0,rural
ENT_02668,BUSINESS,80400000,VERIFIED,,rural
ENT_02669,INDIVIDUAL,1200000,VERIFIED,55.0,metro
ENT_02670,INDIVIDUAL,4500000,VERIFIED,52.0,metro
ENT_02671,BUSINESS,1900000,VERIFIED,,metro
ENT_02672,INDIVIDUAL,500000,VERIFIED,27.0,tier2
ENT_02673,INDIVIDUAL,6600000,VERIFIED,33.0,metro
ENT_02674,INDIVIDUAL,8100000,VERIFIED,51.0,rural
ENT_02675,INDIVIDUAL,1500000,VERIFIED,22.0,rural
ENT_02676,INDIVIDUAL,5600000,VERIFIED,46.0,tier2
ENT_02677,INDIVIDUAL,600000,VERIFIED,47.0,metro
ENT_02678,INDIVIDUAL,36500000,VERIFIED,34.0,tier2
ENT_02679,BUSINESS,53700000,VERIFIED,,metro
ENT_02680,INDIVIDUAL,0,VERIFIED,51.0,metro
ENT_02681,TRUST,13200000,VERIFIED,,rural
ENT_02682,BUSINESS,38900000,VERIFIED,,tier2
ENT_02683,INDIVIDUAL,8200000,VERIFIED,23.0,rural
ENT_02684,INDIVIDUAL,7500000,VERIFIED,23.0,tier2
ENT_02685,INDIVIDUAL,3400000,VERIFIED,22.0,tier2
ENT_02686,INDIVIDUAL,1000000,VERIFIED,65.0,metro
ENT_02687,INDIVIDUAL,1200000,VERIFIED,39.0,metro
ENT_02688,INDIVIDUAL,6500000,VERIFIED,19.0,metro
ENT_02689,INDIVIDUAL,5900000,VERIFIED,19.0,metro
ENT_02690,INDIVIDUAL,600000,VERIFIED,55.0,tier2
ENT_02691,INDIVIDUAL,1300000,VERIFIED,30.0,tier2
ENT_02692,INDIVIDUAL,1400000,VERIFIED,54.0,metro
ENT_02693,INDIVIDUAL,500000,VERIFIED,24.0,metro
ENT_02694,INDIVIDUAL,2600000,VERIFIED,52.0,metro
ENT_02695,INDIVIDUAL,3900000,VERIFIED,60.0,metro
ENT_02696,INDIVIDUAL,700000,VERIFIED,32.0,rural
ENT_02697,INDIVIDUAL,500000,VERIFIED,46.0,metro
ENT_02698,BUSINESS,5800000,VERIFIED,,metro
ENT_02699,INDIVIDUAL,1500000,VERIFIED,42.0,tier2
ENT_02700,INDIVIDUAL,61800000,VERIFIED,55.0,tier2
ENT_02701,INDIVIDUAL,2500000,VERIFIED,49.0,tier2
ENT_02702,INDIVIDUAL,52500000,VERIFIED,30.0,metro
ENT_02703,INDIVIDUAL,7100000,VERIFIED,34.0,tier2
ENT_02704,BUSINESS,92200000,VERIFIED,,metro
ENT_02705,TRUST,41700000,VERIFIED,,rural
ENT_02706,INDIVIDUAL,4800000,VERIFIED,32.0,rural
ENT_02707,INDIVIDUAL,5900000,VERIFIED,48.0,metro
ENT_02708,TRUST,14600000,VERIFIED,,metro
ENT_02709,INDIVIDUAL,2600000,VERIFIED,51.0,metro
ENT_02710,INDIVIDUAL,1700000,VERIFIED,56.0,rural
ENT_02711,BUSINESS,73200000,VERIFIED,,metro
ENT_02712,INDIVIDUAL,1100000,VERIFIED,27.0,tier2
ENT_02713,BUSINESS,3000000,VERIFIED,,metro
ENT_02714,INDIVIDUAL,800000,VERIFIED,34.0,tier2
ENT_02715,INDIVIDUAL,0,VERIFIED,19.0,rural
ENT_02716,INDIVIDUAL,6200000,VERIFIED,20.0,tier2
ENT_02717,INDIVIDUAL,3100000,VERIFIED,28.0,metro
ENT_02718,INDIVIDUAL,900000,VERIFIED,22.0,metro
ENT_02719,INDIVIDUAL,97600000,VERIFIED,52.0,metro
ENT_02720,BUSINESS,4900000,VERIFIED,,metro
ENT_02721,BUSINESS,77200000,VERIFIED,,tier2
ENT_02722,TRUST,7100000,VERIFIED,,metro
ENT_02723,BUSINESS,3800000,VERIFIED,,tier2
ENT_02724,BUSINESS,2200000,VERIFIED,,tier2
ENT_02725,INDIVIDUAL,4100000,VERIFIED,32.0,metro
ENT_02726,INDIVIDUAL,1400000,VERIFIED,47.0,tier2
ENT_02727,INDIVIDUAL,4400000,VERIFIED,26.0,metro
ENT_02728,INDIVIDUAL,1400000,VERIFIED,20.0,tier2
ENT_02729,INDIVIDUAL,3500000,VERIFIED,29.0,metro
ENT_02730,INDIVIDUAL,4000000,VERIFIED,28.0,metro
ENT_02731,INDIVIDUAL,800000,VERIFIED,30.0,tier2
ENT_02732,BUSINESS,31900000,VERIFIED,,metro
ENT_02733,INDIVIDUAL,1400000,VERIFIED,35.0,tier2
ENT_02734,INDIVIDUAL,500000,VERIFIED,34.0,metro
ENT_02735,BUSINESS,77900000,VERIFIED,,metro
ENT_02736,BUSINESS,16400000,VERIFIED,,tier2
ENT_02737,INDIVIDUAL,0,VERIFIED,52.0,metro
ENT_02738,INDIVIDUAL,400000,VERIFIED,25.0,tier2
ENT_02739,INDIVIDUAL,4900000,VERIFIED,46.0,metro
ENT_02740,TRUST,6000000,VERIFIED,,rural
ENT_02741,BUSINESS,9700000,VERIFIED,,metro
ENT_02742,INDIVIDUAL,5500000,VERIFIED,51.0,tier2
ENT_02743,INDIVIDUAL,7700000,VERIFIED,21.0,rural
ENT_02744,INDIVIDUAL,1100000,VERIFIED,28.0,metro
ENT_02745,INDIVIDUAL,1300000,VERIFIED,57.0,metro
ENT_02746,BUSINESS,97800000,VERIFIED,,metro
ENT_02747,INDIVIDUAL,51000000,VERIFIED,36.0,metro
ENT_02748,INDIVIDUAL,1000000,VERIFIED,47.0,metro
ENT_02749,INDIVIDUAL,400000,VERIFIED,34.0,tier2
ENT_02750,INDIVIDUAL,1400000,VERIFIED,57.0,tier2
ENT_02751,INDIVIDUAL,2700000,VERIFIED,27.0,metro
ENT_02752,INDIVIDUAL,34800000,VERIFIED,43.0,tier2
ENT_02753,INDIVIDUAL,600000,VERIFIED,33.0,rural
ENT_02754,INDIVIDUAL,38200000,VERIFIED,26.0,rural
ENT_02755,INDIVIDUAL,9600000,VERIFIED,27.0,metro
ENT_02756,INDIVIDUAL,800000,VERIFIED,18.0,tier2
ENT_02757,INDIVIDUAL,9000000,VERIFIED,56.0,metro
ENT_02758,INDIVIDUAL,400000,VERIFIED,52.0,tier2
ENT_02759,INDIVIDUAL,0,VERIFIED,64.0,metro
ENT_02760,INDIVIDUAL,49000000,VERIFIED,34.0,metro
ENT_02761,INDIVIDUAL,10000000,VERIFIED,62.0,rural
ENT_02762,INDIVIDUAL,1100000,VERIFIED,24.0,metro
ENT_02763,INDIVIDUAL,98500000,VERIFIED,41.0,metro
ENT_02764,BUSINESS,53100000,VERIFIED,,metro
ENT_02765,INDIVIDUAL,4500000,VERIFIED,34.0,tier2
ENT_02766,INDIVIDUAL,4200000,VERIFIED,40.0,metro
ENT_02767,INDIVIDUAL,4100000,VERIFIED,55.0,metro
ENT_02768,INDIVIDUAL,2300000,VERIFIED,63.0,metro
ENT_02769,INDIVIDUAL,8700000,VERIFIED,51.0,rural
ENT_02770,INDIVIDUAL,0,VERIFIED,24.0,tier2
ENT_02771,INDIVIDUAL,68900000,VERIFIED,24.0,metro
ENT_02772,INDIVIDUAL,1300000,VERIFIED,63.0,rural
ENT_02773,INDIVIDUAL,1400000,VERIFIED,20.0,metro
ENT_02774,INDIVIDUAL,8300000,VERIFIED,51.0,metro
ENT_02775,INDIVIDUAL,6500000,VERIFIED,60.0,rural
ENT_02776,INDIVIDUAL,1300000,VERIFIED,39.0,metro
ENT_02777,BUSINESS,96900000,VERIFIED,,rural
ENT_02778,INDIVIDUAL,5500000,VERIFIED,33.0,metro
ENT_02779,INDIVIDUAL,1400000,VERIFIED,58.0,metro
ENT_02780,INDIVIDUAL,1500000,VERIFIED,53.0,tier2
ENT_02781,INDIVIDUAL,3200000,VERIFIED,49.0,rural
ENT_02782,INDIVIDUAL,3900000,VERIFIED,38.0,rural
ENT_02783,INDIVIDUAL,9100000,VERIFIED,43.0,metro
ENT_02784,INDIVIDUAL,900000,VERIFIED,30.0,metro
ENT_02785,INDIVIDUAL,1500000,VERIFIED,46.0,rural
ENT_02786,INDIVIDUAL,43000000,VERIFIED,19.0,metro
ENT_02787,INDIVIDUAL,81700000,VERIFIED,59.0,tier2
ENT_02788,INDIVIDUAL,6000000,VERIFIED,57.0,tier2
ENT_02789,INDIVIDUAL,0,VERIFIED,56.0,rural
ENT_02790,INDIVIDUAL,2800000,VERIFIED,63.0,metro
ENT_02791,INDIVIDUAL,900000,VERIFIED,24.0,rural
ENT_02792,INDIVIDUAL,4700000,VERIFIED,57.0,tier2
ENT_02793,INDIVIDUAL,55300000,VERIFIED,20.0,metro
ENT_02794,INDIVIDUAL,12600000,VERIFIED,49.0,metro
ENT_02795,INDIVIDUAL,600000,VERIFIED,46.0,tier2
ENT_02796,INDIVIDUAL,0,VERIFIED,33.0,rural
ENT_02797,BUSINESS,52400000,VERIFIED,,tier2
ENT_02798,TRUST,7600000,VERIFIED,,tier2
ENT_02799,INDIVIDUAL,5900000,VERIFIED,65.0,metro
ENT_02800,INDIVIDUAL,1500000,VERIFIED,34.0,metro
ENT_02801,INDIVIDUAL,34000000,VERIFIED,38.0,tier2
ENT_02802,INDIVIDUAL,5100000,VERIFIED,62.0,metro
ENT_02803,INDIVIDUAL,1500000,VERIFIED,50.0,tier2
ENT_02804,INDIVIDUAL,1200000,VERIFIED,32.0,tier2
ENT_02805,INDIVIDUAL,8000000,VERIFIED,32.0,metro
ENT_02806,INDIVIDUAL,0,VERIFIED,57.0,metro
ENT_02807,INDIVIDUAL,0,VERIFIED,28.0,metro
ENT_02808,INDIVIDUAL,5400000,VERIFIED,48.0,rural
ENT_02809,INDIVIDUAL,1800000,VERIFIED,64.0,metro
ENT_02810,INDIVIDUAL,1300000,VERIFIED,63.0,tier2
ENT_02811,INDIVIDUAL,2700000,VERIFIED,43.0,metro
ENT_02812,INDIVIDUAL,9600000,VERIFIED,37.0,metro
ENT_02813,INDIVIDUAL,6200000,VERIFIED,27.0,tier2
ENT_02814,TRUST,8800000,VERIFIED,,metro
ENT_02815,INDIVIDUAL,1900000,VERIFIED,57.0,metro
ENT_02816,INDIVIDUAL,600000,VERIFIED,33.0,rural
ENT_02817,INDIVIDUAL,95500000,VERIFIED,29.0,metro
ENT_02818,BUSINESS,19100000,VERIFIED,,metro
ENT_02819,INDIVIDUAL,9700000,VERIFIED,42.0,rural
ENT_02820,INDIVIDUAL,800000,VERIFIED,29.0,metro
ENT_02821,INDIVIDUAL,4200000,VERIFIED,49.0,metro
ENT_02822,INDIVIDUAL,800000,VERIFIED,59.0,tier2
ENT_02823,INDIVIDUAL,7700000,VERIFIED,34.0,metro
ENT_02824,INDIVIDUAL,16000000,VERIFIED,61.0,metro
ENT_02825,INDIVIDUAL,64100000,VERIFIED,18.0,metro
ENT_02826,INDIVIDUAL,0,VERIFIED,54.0,tier2
ENT_02827,BUSINESS,9100000,VERIFIED,,tier2
ENT_02828,INDIVIDUAL,800000,VERIFIED,24.0,rural
ENT_02829,BUSINESS,6600000,VERIFIED,,tier2
ENT_02830,BUSINESS,6600000,VERIFIED,,metro
ENT_02831,INDIVIDUAL,2500000,VERIFIED,37.0,rural
ENT_02832,INDIVIDUAL,8500000,VERIFIED,51.0,metro
ENT_02833,INDIVIDUAL,500000,VERIFIED,57.0,rural
ENT_02834,BUSINESS,90200000,VERIFIED,,metro
ENT_02835,INDIVIDUAL,5300000,VERIFIED,33.0,metro
ENT_02836,INDIVIDUAL,3400000,VERIFIED,43.0,metro
ENT_02837,INDIVIDUAL,59100000,VERIFIED,60.0,tier2
ENT_02838,BUSINESS,9400000,VERIFIED,,tier2
ENT_02839,BUSINESS,87500000,VERIFIED,,tier2
ENT_02840,INDIVIDUAL,1000000,VERIFIED,30.0,metro
ENT_02841,INDIVIDUAL,900000,VERIFIED,23.0,metro
ENT_02842,INDIVIDUAL,1000000,VERIFIED,57.0,metro
ENT_02843,INDIVIDUAL,4600000,VERIFIED,61.0,tier2
ENT_02844,INDIVIDUAL,0,VERIFIED,23.0,metro
ENT_02845,INDIVIDUAL,65500000,VERIFIED,29.0,tier2
ENT_02846,INDIVIDUAL,1600000,VERIFIED,37.0,metro
ENT_02847,INDIVIDUAL,9700000,VERIFIED,45.0,tier2
ENT_02848,INDIVIDUAL,800000,VERIFIED,61.0,tier2
ENT_02849,BUSINESS,3800000,VERIFIED,,tier2
ENT_02850,INDIVIDUAL,600000,VERIFIED,54.0,tier2
ENT_02851,INDIVIDUAL,31000000,VERIFIED,62.0,metro
ENT_02852,INDIVIDUAL,77500000,VERIFIED,39.0,rural
ENT_02853,TRUST,95700000,VERIFIED,,metro
ENT_02854,INDIVIDUAL,8900000,VERIFIED,60.0,metro
ENT_02855,BUSINESS,30900000,VERIFIED,,rural
ENT_02856,INDIVIDUAL,51900000,VERIFIED,62.0,metro
ENT_02857,BUSINESS,7200000,VERIFIED,,metro
ENT_02858,INDIVIDUAL,1500000,VERIFIED,62.0,tier2
ENT_02859,INDIVIDUAL,1900000,VERIFIED,58.0,metro
ENT_02860,INDIVIDUAL,1800000,VERIFIED,29.0,tier2
ENT_02861,INDIVIDUAL,9700000,VERIFIED,63.0,rural
ENT_02862,INDIVIDUAL,4600000,VERIFIED,54.0,metro
ENT_02863,INDIVIDUAL,600000,VERIFIED,23.0,tier2
ENT_02864,INDIVIDUAL,300000,VERIFIED,48.0,metro
ENT_02865,INDIVIDUAL,0,VERIFIED,42.0,metro
ENT_02866,INDIVIDUAL,4000000,VERIFIED,45.0,tier2
ENT_02867,INDIVIDUAL,1200000,VERIFIED,20.0,tier2
ENT_02868,INDIVIDUAL,88600000,VERIFIED,31.0,tier2
ENT_02869,INDIVIDUAL,0,VERIFIED,27.0,metro
ENT_02870,TRUST,57300000,VERIFIED,,metro
ENT_02871,INDIVIDUAL,500000,VERIFIED,36.0,tier2
ENT_02872,INDIVIDUAL,5200000,VERIFIED,60.0,tier2
ENT_02873,INDIVIDUAL,600000,VERIFIED,56.0,tier2
ENT_02874,INDIVIDUAL,800000,VERIFIED,21.0,metro
ENT_02875,INDIVIDUAL,1200000,VERIFIED,57.0,tier2
ENT_02876,INDIVIDUAL,300000,VERIFIED,27.0,rural
ENT_02877,INDIVIDUAL,0,VERIFIED,18.0,tier2
ENT_02878,BUSINESS,3800000,VERIFIED,,tier2
ENT_02879,INDIVIDUAL,1200000,VERIFIED,59.0,rural
ENT_02880,INDIVIDUAL,5900000,VERIFIED,36.0,tier2
ENT_02881,INDIVIDUAL,34300000,VERIFIED,61.0,metro
ENT_02882,INDIVIDUAL,75100000,VERIFIED,47.0,metro
ENT_02883,BUSINESS,32900000,VERIFIED,,metro
ENT_02884,INDIVIDUAL,900000,VERIFIED,34.0,rural
ENT_02885,INDIVIDUAL,0,VERIFIED,37.0,metro
ENT_02886,INDIVIDUAL,7900000,VERIFIED,32.0,rural
ENT_02887,INDIVIDUAL,3600000,VERIFIED,43.0,metro
ENT_02888,INDIVIDUAL,6600000,VERIFIED,42.0,metro
ENT_02889,INDIVIDUAL,2700000,VERIFIED,64.0,tier2
ENT_02890,INDIVIDUAL,8200000,VERIFIED,30.0,rural
ENT_02891,INDIVIDUAL,5600000,VERIFIED,47.0,tier2
ENT_02892,INDIVIDUAL,1300000,VERIFIED,37.0,metro
ENT_02893,INDIVIDUAL,1300000,VERIFIED,46.0,metro
ENT_02894,BUSINESS,15200000,VERIFIED,,metro
ENT_02895,INDIVIDUAL,9400000,VERIFIED,42.0,rural
ENT_02896,INDIVIDUAL,12400000,VERIFIED,62.0,metro
ENT_02897,INDIVIDUAL,1400000,VERIFIED,61.0,tier2
ENT_02898,INDIVIDUAL,1500000,VERIFIED,30.0,metro
ENT_02899,INDIVIDUAL,1400000,VERIFIED,26.0,tier2
ENT_02900,INDIVIDUAL,8800000,VERIFIED,51.0,tier2
ENT_02901,BUSINESS,2000000,VERIFIED,,metro
ENT_02902,BUSINESS,97300000,VERIFIED,,metro
ENT_02903,BUSINESS,3700000,VERIFIED,,metro
ENT_02904,INDIVIDUAL,5000000,VERIFIED,55.0,rural
ENT_02905,INDIVIDUAL,500000,VERIFIED,36.0,metro
ENT_02906,BUSINESS,3000000,VERIFIED,,metro
ENT_02907,INDIVIDUAL,3000000,VERIFIED,53.0,tier2
ENT_02908,INDIVIDUAL,80600000,VERIFIED,33.0,rural
ENT_02909,INDIVIDUAL,1000000,VERIFIED,24.0,tier2
ENT_02910,INDIVIDUAL,900000,VERIFIED,48.0,metro
ENT_02911,INDIVIDUAL,5600000,VERIFIED,46.0,tier2
ENT_02912,INDIVIDUAL,7200000,VERIFIED,60.0,tier2
ENT_02913,BUSINESS,17000000,VERIFIED,,metro
ENT_02914,INDIVIDUAL,2900000,VERIFIED,25.0,rural
ENT_02915,INDIVIDUAL,9100000,VERIFIED,38.0,metro
ENT_02916,INDIVIDUAL,5500000,VERIFIED,56.0,rural
ENT_02917,INDIVIDUAL,8500000,VERIFIED,44.0,rural
ENT_02918,INDIVIDUAL,1100000,VERIFIED,35.0,rural
ENT_02919,BUSINESS,27000000,VERIFIED,,metro
ENT_02920,INDIVIDUAL,1000000,VERIFIED,45.0,metro
ENT_02921,INDIVIDUAL,77200000,VERIFIED,47.0,tier2
ENT_02922,INDIVIDUAL,0,VERIFIED,57.0,metro
ENT_02923,INDIVIDUAL,600000,VERIFIED,48.0,metro
ENT_02924,INDIVIDUAL,9900000,VERIFIED,42.0,metro
ENT_02925,BUSINESS,51600000,VERIFIED,,tier2
ENT_02926,INDIVIDUAL,700000,VERIFIED,53.0,metro
ENT_02927,INDIVIDUAL,0,VERIFIED,46.0,rural
ENT_02928,INDIVIDUAL,5000000,VERIFIED,50.0,rural
ENT_02929,INDIVIDUAL,1500000,VERIFIED,24.0,metro
ENT_02930,INDIVIDUAL,0,VERIFIED,54.0,rural
ENT_02931,INDIVIDUAL,1100000,VERIFIED,64.0,metro
ENT_02932,BUSINESS,2900000,VERIFIED,,tier2
ENT_02933,TRUST,90400000,VERIFIED,,tier2
ENT_02934,INDIVIDUAL,0,VERIFIED,26.0,metro
ENT_02935,INDIVIDUAL,0,VERIFIED,23.0,tier2
ENT_02936,INDIVIDUAL,1300000,VERIFIED,32.0,metro
ENT_02937,INDIVIDUAL,1300000,VERIFIED,51.0,metro
ENT_02938,BUSINESS,71900000,VERIFIED,,tier2
ENT_02939,INDIVIDUAL,8500000,VERIFIED,21.0,metro
ENT_02940,INDIVIDUAL,0,VERIFIED,30.0,metro
ENT_02941,BUSINESS,9900000,VERIFIED,,metro
ENT_02942,INDIVIDUAL,800000,VERIFIED,32.0,metro
ENT_02943,INDIVIDUAL,8600000,VERIFIED,44.0,tier2
ENT_02944,INDIVIDUAL,800000,VERIFIED,65.0,metro
ENT_02945,INDIVIDUAL,9700000,VERIFIED,34.0,metro
ENT_02946,INDIVIDUAL,0,VERIFIED,49.0,metro
ENT_02947,INDIVIDUAL,6500000,VERIFIED,23.0,tier2
ENT_02948,BUSINESS,5000000,VERIFIED,,tier2
ENT_02949,BUSINESS,8200000,VERIFIED,,metro
ENT_02950,BUSINESS,47900000,VERIFIED,,metro
ENT_02951,INDIVIDUAL,1400000,VERIFIED,30.0,metro
ENT_02952,INDIVIDUAL,6200000,VERIFIED,47.0,rural
ENT_02953,INDIVIDUAL,6100000,VERIFIED,47.0,rural
ENT_02954,INDIVIDUAL,1400000,VERIFIED,42.0,metro
ENT_02955,INDIVIDUAL,800000,VERIFIED,42.0,rural
ENT_02956,INDIVIDUAL,300000,VERIFIED,45.0,tier2
ENT_02957,INDIVIDUAL,1200000,VERIFIED,29.0,metro
ENT_02958,INDIVIDUAL,700000,VERIFIED,39.0,metro
ENT_02959,INDIVIDUAL,1100000,VERIFIED,35.0,metro
ENT_02960,INDIVIDUAL,6500000,VERIFIED,45.0,rural
ENT_02961,INDIVIDUAL,16100000,VERIFIED,40.0,rural
ENT_02962,INDIVIDUAL,1000000,VERIFIED,56.0,metro
ENT_02963,INDIVIDUAL,92200000,VERIFIED,31.0,metro
ENT_02964,INDIVIDUAL,500000,VERIFIED,39.0,tier2
ENT_02965,INDIVIDUAL,400000,VERIFIED,56.0,metro
ENT_02966,INDIVIDUAL,9800000,VERIFIED,26.0,metro
ENT_02967,TRUST,47800000,VERIFIED,,metro
ENT_02968,INDIVIDUAL,600000,VERIFIED,38.0,tier2
ENT_02969,BUSINESS,66800000,VERIFIED,,metro
ENT_02970,INDIVIDUAL,2600000,VERIFIED,38.0,tier2
ENT_02971,INDIVIDUAL,82500000,VERIFIED,55.0,tier2
ENT_02972,BUSINESS,11900000,VERIFIED,,metro
ENT_02973,BUSINESS,8900000,VERIFIED,,metro
ENT_02974,INDIVIDUAL,1400000,VERIFIED,35.0,metro
ENT_02975,INDIVIDUAL,1500000,VERIFIED,35.0,tier2
ENT_02976,INDIVIDUAL,7000000,VERIFIED,33.0,metro
ENT_02977,INDIVIDUAL,1200000,VERIFIED,48.0,tier2
ENT_02978,INDIVIDUAL,59600000,VERIFIED,38.0,tier2
ENT_02979,INDIVIDUAL,9200000,VERIFIED,30.0,rural
ENT_02980,INDIVIDUAL,1400000,VERIFIED,21.0,tier2
ENT_02981,INDIVIDUAL,4600000,VERIFIED,33.0,tier2
ENT_02982,INDIVIDUAL,1100000,VERIFIED,37.0,metro
ENT_02983,INDIVIDUAL,0,VERIFIED,59.0,tier2
ENT_02984,INDIVIDUAL,1500000,VERIFIED,27.0,metro
ENT_02985,INDIVIDUAL,1000000,VERIFIED,38.0,metro
ENT_02986,INDIVIDUAL,1400000,VERIFIED,56.0,metro
ENT_02987,INDIVIDUAL,300000,VERIFIED,25.0,metro
ENT_02988,INDIVIDUAL,500000,VERIFIED,38.0,rural
ENT_02989,INDIVIDUAL,0,VERIFIED,45.0,tier2
ENT_02990,INDIVIDUAL,1500000,VERIFIED,20.0,tier2
ENT_02991,INDIVIDUAL,1500000,VERIFIED,50.0,metro
ENT_02992,INDIVIDUAL,400000,VERIFIED,22.0,metro
ENT_02993,INDIVIDUAL,1400000,VERIFIED,33.0,metro
ENT_02994,INDIVIDUAL,400000,VERIFIED,44.0,metro
ENT_02995,INDIVIDUAL,300000,VERIFIED,51.0,metro
ENT_02996,INDIVIDUAL,8000000,VERIFIED,23.0,rural
ENT_02997,INDIVIDUAL,700000,VERIFIED,32.0,metro
ENT_02998,INDIVIDUAL,1600000,VERIFIED,59.0,rural
ENT_02999,INDIVIDUAL,0,VERIFIED,32.0,tier2
ENT_03000,BUSINESS,7400000,VERIFIED,,metro
ENT_03001,INDIVIDUAL,6000000,VERIFIED,19.0,tier2
ENT_03002,INDIVIDUAL,0,VERIFIED,63.0,tier2
ENT_03003,INDIVIDUAL,0,VERIFIED,55.0,metro
ENT_03004,INDIVIDUAL,800000,VERIFIED,62.0,metro
ENT_03005,BUSINESS,6000000,VERIFIED,,metro
ENT_03006,INDIVIDUAL,86200000,VERIFIED,57.0,metro
ENT_03007,INDIVIDUAL,3000000,VERIFIED,30.0,tier2
ENT_03008,INDIVIDUAL,700000,VERIFIED,43.0,metro
ENT_03009,INDIVIDUAL,0,VERIFIED,56.0,rural
ENT_03010,INDIVIDUAL,3600000,VERIFIED,29.0,metro
ENT_03011,INDIVIDUAL,600000,VERIFIED,30.0,tier2
ENT_03012,INDIVIDUAL,1400000,VERIFIED,61.0,metro
ENT_03013,INDIVIDUAL,1000000,VERIFIED,21.0,tier2
ENT_03014,INDIVIDUAL,4200000,VERIFIED,31.0,tier2
ENT_03015,INDIVIDUAL,500000,VERIFIED,39.0,metro
ENT_03016,BUSINESS,56800000,VERIFIED,,rural
ENT_03017,INDIVIDUAL,1000000,VERIFIED,48.0,tier2
ENT_03018,INDIVIDUAL,97700000,VERIFIED,33.0,metro
ENT_03019,INDIVIDUAL,0,VERIFIED,19.0,tier2
ENT_03020,BUSINESS,4800000,VERIFIED,,metro
ENT_03021,INDIVIDUAL,19900000,VERIFIED,21.0,metro
ENT_03022,INDIVIDUAL,85900000,VERIFIED,41.0,metro
ENT_03023,INDIVIDUAL,0,VERIFIED,20.0,rural
ENT_03024,INDIVIDUAL,1500000,VERIFIED,31.0,metro
ENT_03025,INDIVIDUAL,91100000,VERIFIED,19.0,rural
ENT_03026,BUSINESS,2100000,VERIFIED,,tier2
ENT_03027,INDIVIDUAL,9800000,VERIFIED,53.0,metro
ENT_03028,INDIVIDUAL,1800000,VERIFIED,64.0,tier2
ENT_03029,INDIVIDUAL,900000,VERIFIED,19.0,metro
ENT_03030,INDIVIDUAL,500000,VERIFIED,18.0,tier2
ENT_03031,INDIVIDUAL,0,VERIFIED,35.0,tier2
ENT_03032,INDIVIDUAL,700000,VERIFIED,19.0,tier2
ENT_03033,TRUST,92900000,VERIFIED,,metro
ENT_03034,INDIVIDUAL,6500000,VERIFIED,53.0,rural
ENT_03035,INDIVIDUAL,1400000,VERIFIED,21.0,metro
ENT_03036,INDIVIDUAL,1000000,VERIFIED,52.0,metro
ENT_03037,INDIVIDUAL,1100000,VERIFIED,52.0,metro
ENT_03038,INDIVIDUAL,500000,VERIFIED,55.0,metro
ENT_03039,INDIVIDUAL,700000,VERIFIED,27.0,rural
ENT_03040,INDIVIDUAL,1100000,VERIFIED,44.0,metro
ENT_03041,INDIVIDUAL,2700000,VERIFIED,39.0,rural
ENT_03042,INDIVIDUAL,1100000,VERIFIED,61.0,metro
ENT_03043,INDIVIDUAL,9000000,VERIFIED,27.0,tier2
ENT_03044,INDIVIDUAL,3000000,VERIFIED,54.0,metro
ENT_03045,BUSINESS,18300000,VERIFIED,,rural
ENT_03046,BUSINESS,7600000,VERIFIED,,metro
ENT_03047,INDIVIDUAL,78000000,VERIFIED,28.0,tier2
ENT_03048,INDIVIDUAL,7200000,VERIFIED,25.0,metro
ENT_03049,BUSINESS,63500000,VERIFIED,,tier2
ENT_03050,INDIVIDUAL,6200000,VERIFIED,62.0,tier2
ENT_03051,INDIVIDUAL,6800000,VERIFIED,27.0,rural
ENT_03052,BUSINESS,7400000,VERIFIED,,tier2
ENT_03053,INDIVIDUAL,81100000,VERIFIED,37.0,metro
ENT_03054,INDIVIDUAL,7900000,VERIFIED,58.0,metro
ENT_03055,BUSINESS,4700000,VERIFIED,,metro
ENT_03056,INDIVIDUAL,1900000,VERIFIED,22.0,metro
ENT_03057,TRUST,77700000,VERIFIED,,metro
ENT_03058,INDIVIDUAL,900000,VERIFIED,41.0,metro
ENT_03059,INDIVIDUAL,7100000,VERIFIED,58.0,tier2
ENT_03060,INDIVIDUAL,300000,VERIFIED,49.0,metro
ENT_03061,INDIVIDUAL,5900000,VERIFIED,52.0,tier2
ENT_03062,INDIVIDUAL,5400000,VERIFIED,61.0,metro
ENT_03063,INDIVIDUAL,0,VERIFIED,49.0,tier2
ENT_03064,INDIVIDUAL,400000,VERIFIED,23.0,metro
ENT_03065,BUSINESS,6800000,VERIFIED,,metro
ENT_03066,INDIVIDUAL,7000000,VERIFIED,20.0,metro
ENT_03067,INDIVIDUAL,6700000,VERIFIED,31.0,tier2
ENT_03068,INDIVIDUAL,8500000,VERIFIED,61.0,tier2
ENT_03069,BUSINESS,6900000,VERIFIED,,metro
ENT_03070,INDIVIDUAL,7800000,VERIFIED,59.0,tier2
ENT_03071,INDIVIDUAL,1100000,VERIFIED,49.0,metro
ENT_03072,INDIVIDUAL,1500000,VERIFIED,36.0,tier2
ENT_03073,INDIVIDUAL,1900000,VERIFIED,30.0,metro
ENT_03074,INDIVIDUAL,1400000,VERIFIED,59.0,rural
ENT_03075,INDIVIDUAL,0,VERIFIED,29.0,metro
ENT_03076,BUSINESS,33400000,VERIFIED,,tier2
ENT_03077,BUSINESS,2200000,VERIFIED,,metro
ENT_03078,INDIVIDUAL,71900000,VERIFIED,54.0,metro
ENT_03079,INDIVIDUAL,6500000,VERIFIED,19.0,tier2
ENT_03080,BUSINESS,6300000,VERIFIED,,metro
ENT_03081,INDIVIDUAL,6400000,VERIFIED,22.0,metro
ENT_03082,INDIVIDUAL,46600000,VERIFIED,48.0,metro
ENT_03083,BUSINESS,2500000,VERIFIED,,metro
ENT_03084,INDIVIDUAL,600000,VERIFIED,46.0,tier2
ENT_03085,INDIVIDUAL,7100000,VERIFIED,22.0,rural
ENT_03086,INDIVIDUAL,2400000,VERIFIED,53.0,metro
ENT_03087,INDIVIDUAL,1400000,VERIFIED,62.0,metro
ENT_03088,INDIVIDUAL,1100000,VERIFIED,25.0,tier2
ENT_03089,INDIVIDUAL,4800000,VERIFIED,26.0,metro
ENT_03090,INDIVIDUAL,600000,VERIFIED,30.0,tier2
ENT_03091,INDIVIDUAL,500000,VERIFIED,42.0,tier2
ENT_03092,INDIVIDUAL,1900000,VERIFIED,27.0,tier2
ENT_03093,BUSINESS,7100000,VERIFIED,,tier2
ENT_03094,TRUST,9000000,VERIFIED,,tier2
ENT_03095,BUSINESS,4300000,VERIFIED,,metro
ENT_03096,INDIVIDUAL,0,VERIFIED,38.0,tier2
ENT_03097,INDIVIDUAL,5700000,VERIFIED,43.0,metro
ENT_03098,BUSINESS,7100000,VERIFIED,,tier2
ENT_03099,INDIVIDUAL,9200000,VERIFIED,58.0,metro
ENT_03100,INDIVIDUAL,1500000,VERIFIED,22.0,metro
ENT_03101,INDIVIDUAL,0,VERIFIED,23.0,tier2
ENT_03102,INDIVIDUAL,1500000,VERIFIED,41.0,metro
ENT_03103,INDIVIDUAL,5300000,VERIFIED,37.0,rural
ENT_03104,INDIVIDUAL,97500000,VERIFIED,48.0,tier2
ENT_03105,INDIVIDUAL,9800000,VERIFIED,55.0,tier2
ENT_03106,BUSINESS,7000000,VERIFIED,,metro
ENT_03107,INDIVIDUAL,64500000,VERIFIED,51.0,tier2
ENT_03108,INDIVIDUAL,4400000,VERIFIED,36.0,tier2
ENT_03109,INDIVIDUAL,43100000,VERIFIED,33.0,tier2
ENT_03110,INDIVIDUAL,800000,VERIFIED,51.0,tier2
ENT_03111,INDIVIDUAL,9500000,VERIFIED,60.0,metro
ENT_03112,INDIVIDUAL,9800000,VERIFIED,36.0,metro
ENT_03113,INDIVIDUAL,8000000,VERIFIED,38.0,metro
ENT_03114,INDIVIDUAL,2500000,VERIFIED,64.0,tier2
ENT_03115,INDIVIDUAL,1200000,VERIFIED,58.0,rural
ENT_03116,INDIVIDUAL,7300000,VERIFIED,41.0,metro
ENT_03117,INDIVIDUAL,1200000,VERIFIED,47.0,tier2
ENT_03118,INDIVIDUAL,4200000,VERIFIED,25.0,rural
ENT_03119,BUSINESS,1800000,VERIFIED,,metro
ENT_03120,BUSINESS,66300000,VERIFIED,,tier2
ENT_03121,INDIVIDUAL,3500000,VERIFIED,35.0,metro
ENT_03122,INDIVIDUAL,70900000,VERIFIED,24.0,metro
ENT_03123,INDIVIDUAL,500000,VERIFIED,25.0,metro
ENT_03124,BUSINESS,4500000,VERIFIED,,metro
ENT_03125,INDIVIDUAL,400000,VERIFIED,65.0,tier2
ENT_03126,INDIVIDUAL,8200000,VERIFIED,21.0,metro
ENT_03127,INDIVIDUAL,4500000,VERIFIED,36.0,metro
ENT_03128,INDIVIDUAL,8300000,VERIFIED,35.0,rural
ENT_03129,INDIVIDUAL,300000,VERIFIED,53.0,tier2
ENT_03130,INDIVIDUAL,900000,VERIFIED,31.0,tier2
ENT_03131,INDIVIDUAL,1200000,VERIFIED,65.0,tier2
ENT_03132,TRUST,2200000,VERIFIED,,metro
ENT_03133,INDIVIDUAL,1200000,VERIFIED,28.0,rural
ENT_03134,BUSINESS,4000000,VERIFIED,,tier2
ENT_03135,INDIVIDUAL,5900000,VERIFIED,46.0,metro
ENT_03136,INDIVIDUAL,0,VERIFIED,63.0,metro
ENT_03137,INDIVIDUAL,8800000,VERIFIED,42.0,metro
ENT_03138,INDIVIDUAL,1300000,VERIFIED,49.0,metro
ENT_03139,BUSINESS,7300000,VERIFIED,,tier2
ENT_03140,INDIVIDUAL,600000,VERIFIED,41.0,metro
ENT_03141,INDIVIDUAL,9700000,VERIFIED,42.0,metro
ENT_03142,INDIVIDUAL,800000,VERIFIED,43.0,metro
ENT_03143,INDIVIDUAL,5800000,VERIFIED,56.0,rural
ENT_03144,TRUST,9200000,VERIFIED,,tier2
ENT_03145,INDIVIDUAL,5900000,VERIFIED,54.0,metro
ENT_03146,INDIVIDUAL,1400000,VERIFIED,46.0,rural
ENT_03147,INDIVIDUAL,600000,VERIFIED,35.0,metro
ENT_03148,TRUST,3800000,VERIFIED,,rural
ENT_03149,INDIVIDUAL,3500000,VERIFIED,20.0,rural
ENT_03150,INDIVIDUAL,2100000,VERIFIED,63.0,rural
ENT_03151,INDIVIDUAL,1600000,VERIFIED,34.0,metro
ENT_03152,BUSINESS,24500000,VERIFIED,,rural
ENT_03153,INDIVIDUAL,33400000,VERIFIED,44.0,metro
ENT_03154,INDIVIDUAL,400000,VERIFIED,57.0,metro
ENT_03155,INDIVIDUAL,3200000,VERIFIED,36.0,tier2
ENT_03156,BUSINESS,1200000,VERIFIED,,rural
ENT_03157,INDIVIDUAL,1800000,VERIFIED,24.0,metro
ENT_03158,INDIVIDUAL,6900000,VERIFIED,53.0,tier2
ENT_03159,INDIVIDUAL,500000,VERIFIED,33.0,tier2
ENT_03160,INDIVIDUAL,700000,VERIFIED,50.0,rural
ENT_03161,INDIVIDUAL,6000000,VERIFIED,26.0,metro
ENT_03162,INDIVIDUAL,4000000,VERIFIED,56.0,rural
ENT_03163,INDIVIDUAL,600000,VERIFIED,47.0,metro
ENT_03164,INDIVIDUAL,1300000,VERIFIED,56.0,tier2
ENT_03165,INDIVIDUAL,300000,VERIFIED,36.0,metro
ENT_03166,INDIVIDUAL,6000000,VERIFIED,53.0,tier2
ENT_03167,INDIVIDUAL,9200000,VERIFIED,51.0,metro
ENT_03168,INDIVIDUAL,6100000,VERIFIED,34.0,tier2
ENT_03169,INDIVIDUAL,7300000,VERIFIED,26.0,rural
ENT_03170,INDIVIDUAL,5700000,VERIFIED,37.0,metro
ENT_03171,BUSINESS,48200000,VERIFIED,,metro
ENT_03172,INDIVIDUAL,3700000,VERIFIED,45.0,tier2
ENT_03173,INDIVIDUAL,1200000,VERIFIED,65.0,metro
ENT_03174,INDIVIDUAL,500000,VERIFIED,19.0,rural
ENT_03175,BUSINESS,57700000,VERIFIED,,tier2
ENT_03176,INDIVIDUAL,500000,VERIFIED,44.0,rural
ENT_03177,INDIVIDUAL,1300000,VERIFIED,24.0,metro
ENT_03178,INDIVIDUAL,900000,VERIFIED,59.0,rural
ENT_03179,INDIVIDUAL,1100000,VERIFIED,53.0,metro
ENT_03180,BUSINESS,16900000,VERIFIED,,metro
ENT_03181,INDIVIDUAL,26900000,VERIFIED,18.0,rural
ENT_03182,INDIVIDUAL,4400000,VERIFIED,21.0,metro
ENT_03183,INDIVIDUAL,1300000,VERIFIED,46.0,metro
ENT_03184,INDIVIDUAL,1200000,VERIFIED,38.0,metro
ENT_03185,INDIVIDUAL,2500000,VERIFIED,46.0,tier2
ENT_03186,INDIVIDUAL,9500000,VERIFIED,53.0,tier2
ENT_03187,INDIVIDUAL,0,VERIFIED,27.0,rural
ENT_03188,INDIVIDUAL,6600000,VERIFIED,64.0,tier2
ENT_03189,INDIVIDUAL,600000,VERIFIED,23.0,tier2
ENT_03190,INDIVIDUAL,300000,VERIFIED,37.0,metro
ENT_03191,INDIVIDUAL,600000,VERIFIED,44.0,tier2
ENT_03192,BUSINESS,31500000,VERIFIED,,metro
ENT_03193,INDIVIDUAL,4300000,VERIFIED,64.0,metro
ENT_03194,INDIVIDUAL,500000,VERIFIED,61.0,metro
ENT_03195,INDIVIDUAL,800000,VERIFIED,57.0,tier2
ENT_03196,INDIVIDUAL,700000,VERIFIED,54.0,tier2
ENT_03197,BUSINESS,74600000,VERIFIED,,tier2
ENT_03198,INDIVIDUAL,8500000,VERIFIED,51.0,tier2
ENT_03199,BUSINESS,3800000,VERIFIED,,rural
ENT_03200,INDIVIDUAL,1100000,VERIFIED,37.0,metro
ENT_03201,INDIVIDUAL,1200000,VERIFIED,37.0,rural
ENT_03202,INDIVIDUAL,8100000,VERIFIED,32.0,rural
ENT_03203,INDIVIDUAL,57500000,VERIFIED,27.0,rural
ENT_03204,INDIVIDUAL,6200000,VERIFIED,65.0,metro
ENT_03205,INDIVIDUAL,600000,VERIFIED,28.0,tier2
ENT_03206,BUSINESS,15800000,VERIFIED,,metro
ENT_03207,BUSINESS,13100000,VERIFIED,,metro
ENT_03208,INDIVIDUAL,1000000,VERIFIED,49.0,rural
ENT_03209,INDIVIDUAL,900000,VERIFIED,33.0,metro
ENT_03210,INDIVIDUAL,500000,VERIFIED,56.0,metro
ENT_03211,INDIVIDUAL,0,VERIFIED,23.0,metro
ENT_03212,INDIVIDUAL,900000,VERIFIED,49.0,rural
ENT_03213,BUSINESS,1600000,VERIFIED,,metro
ENT_03214,INDIVIDUAL,800000,VERIFIED,61.0,tier2
ENT_03215,BUSINESS,1500000,VERIFIED,,metro
ENT_03216,INDIVIDUAL,0,VERIFIED,55.0,metro
ENT_03217,INDIVIDUAL,0,VERIFIED,30.0,tier2
ENT_03218,BUSINESS,21000000,VERIFIED,,metro
ENT_03219,INDIVIDUAL,1900000,VERIFIED,57.0,metro
ENT_03220,INDIVIDUAL,4300000,VERIFIED,28.0,tier2
ENT_03221,INDIVIDUAL,0,VERIFIED,56.0,metro
ENT_03222,INDIVIDUAL,800000,VERIFIED,60.0,metro
ENT_03223,INDIVIDUAL,1100000,VERIFIED,37.0,metro
ENT_03224,INDIVIDUAL,1500000,VERIFIED,33.0,tier2
ENT_03225,BUSINESS,4000000,VERIFIED,,metro
ENT_03226,INDIVIDUAL,0,VERIFIED,21.0,tier2
ENT_03227,INDIVIDUAL,1000000,VERIFIED,26.0,metro
ENT_03228,INDIVIDUAL,9800000,VERIFIED,38.0,tier2
ENT_03229,INDIVIDUAL,400000,VERIFIED,59.0,tier2
ENT_03230,INDIVIDUAL,4800000,VERIFIED,63.0,metro
ENT_03231,INDIVIDUAL,0,VERIFIED,28.0,metro
ENT_03232,INDIVIDUAL,0,VERIFIED,34.0,metro
ENT_03233,BUSINESS,90200000,VERIFIED,,tier2
ENT_03234,INDIVIDUAL,800000,VERIFIED,65.0,rural
ENT_03235,INDIVIDUAL,1500000,VERIFIED,54.0,rural
ENT_03236,INDIVIDUAL,3100000,VERIFIED,34.0,metro
ENT_03237,INDIVIDUAL,25100000,VERIFIED,20.0,rural
ENT_03238,INDIVIDUAL,4500000,VERIFIED,30.0,tier2
ENT_03239,INDIVIDUAL,9000000,VERIFIED,41.0,tier2
ENT_03240,BUSINESS,2300000,VERIFIED,,metro
ENT_03241,BUSINESS,2800000,VERIFIED,,metro
ENT_03242,INDIVIDUAL,7400000,VERIFIED,35.0,tier2
ENT_03243,BUSINESS,6500000,VERIFIED,,tier2
ENT_03244,INDIVIDUAL,0,VERIFIED,64.0,tier2
ENT_03245,INDIVIDUAL,56700000,VERIFIED,20.0,metro
ENT_03246,INDIVIDUAL,1800000,VERIFIED,48.0,rural
ENT_03247,INDIVIDUAL,1200000,VERIFIED,54.0,metro
ENT_03248,INDIVIDUAL,6700000,VERIFIED,34.0,metro
ENT_03249,INDIVIDUAL,0,VERIFIED,32.0,tier2
ENT_03250,INDIVIDUAL,300000,VERIFIED,51.0,metro
ENT_03251,INDIVIDUAL,4000000,VERIFIED,43.0,metro
ENT_03252,INDIVIDUAL,0,VERIFIED,35.0,tier2
ENT_03253,BUSINESS,7400000,VERIFIED,,rural
ENT_03254,INDIVIDUAL,4900000,VERIFIED,56.0,tier2
ENT_03255,INDIVIDUAL,7800000,VERIFIED,60.0,tier2
ENT_03256,INDIVIDUAL,5900000,VERIFIED,53.0,tier2
ENT_03257,INDIVIDUAL,1100000,VERIFIED,61.0,metro
ENT_03258,INDIVIDUAL,1000000,VERIFIED,19.0,metro
ENT_03259,BUSINESS,9400000,VERIFIED,,metro
ENT_03260,INDIVIDUAL,900000,VERIFIED,31.0,tier2
ENT_03261,INDIVIDUAL,4600000,VERIFIED,37.0,rural
ENT_03262,INDIVIDUAL,1900000,VERIFIED,27.0,rural
ENT_03263,BUSINESS,1800000,VERIFIED,,tier2
ENT_03264,INDIVIDUAL,28300000,VERIFIED,25.0,tier2
ENT_03265,INDIVIDUAL,7800000,VERIFIED,47.0,tier2
ENT_03266,INDIVIDUAL,2000000,VERIFIED,40.0,tier2
ENT_03267,INDIVIDUAL,600000,VERIFIED,52.0,rural
ENT_03268,INDIVIDUAL,73500000,VERIFIED,23.0,rural
ENT_03269,INDIVIDUAL,1100000,VERIFIED,62.0,tier2
ENT_03270,INDIVIDUAL,74600000,VERIFIED,40.0,metro
ENT_03271,BUSINESS,20600000,VERIFIED,,rural
ENT_03272,INDIVIDUAL,500000,VERIFIED,30.0,tier2
ENT_03273,INDIVIDUAL,9900000,VERIFIED,22.0,rural
ENT_03274,INDIVIDUAL,7300000,VERIFIED,53.0,tier2
ENT_03275,INDIVIDUAL,3500000,VERIFIED,20.0,metro
ENT_03276,INDIVIDUAL,1200000,VERIFIED,60.0,rural
ENT_03277,INDIVIDUAL,300000,VERIFIED,38.0,rural
ENT_03278,INDIVIDUAL,8600000,VERIFIED,51.0,tier2
ENT_03279,INDIVIDUAL,1000000,VERIFIED,53.0,rural
ENT_03280,INDIVIDUAL,1200000,VERIFIED,20.0,tier2
ENT_03281,INDIVIDUAL,1100000,VERIFIED,45.0,metro
ENT_03282,BUSINESS,78000000,VERIFIED,,rural
ENT_03283,INDIVIDUAL,900000,VERIFIED,27.0,metro
ENT_03284,BUSINESS,17600000,VERIFIED,,metro
ENT_03285,INDIVIDUAL,300000,VERIFIED,36.0,metro
ENT_03286,INDIVIDUAL,7700000,VERIFIED,56.0,tier2
ENT_03287,INDIVIDUAL,700000,VERIFIED,39.0,metro
ENT_03288,INDIVIDUAL,8400000,VERIFIED,23.0,metro
ENT_03289,INDIVIDUAL,8000000,VERIFIED,52.0,rural
ENT_03290,INDIVIDUAL,8300000,VERIFIED,62.0,tier2
ENT_03291,BUSINESS,6100000,VERIFIED,,tier2
ENT_03292,INDIVIDUAL,53000000,VERIFIED,23.0,tier2
ENT_03293,INDIVIDUAL,0,VERIFIED,22.0,metro
ENT_03294,BUSINESS,14300000,VERIFIED,,metro
ENT_03295,INDIVIDUAL,4300000,VERIFIED,28.0,tier2
ENT_03296,INDIVIDUAL,2000000,VERIFIED,39.0,metro
ENT_03297,INDIVIDUAL,2300000,VERIFIED,58.0,rural
ENT_03298,INDIVIDUAL,2600000,VERIFIED,28.0,tier2
ENT_03299,BUSINESS,6200000,VERIFIED,,metro
ENT_03300,INDIVIDUAL,1500000,VERIFIED,64.0,tier2
ENT_03301,INDIVIDUAL,1700000,VERIFIED,45.0,metro
ENT_03302,INDIVIDUAL,1100000,VERIFIED,36.0,metro
ENT_03303,INDIVIDUAL,8400000,VERIFIED,36.0,metro
ENT_03304,INDIVIDUAL,10000000,VERIFIED,44.0,metro
ENT_03305,INDIVIDUAL,0,VERIFIED,25.0,metro
ENT_03306,INDIVIDUAL,500000,VERIFIED,54.0,metro
ENT_03307,INDIVIDUAL,1300000,VERIFIED,33.0,metro
ENT_03308,INDIVIDUAL,86200000,VERIFIED,20.0,tier2
ENT_03309,INDIVIDUAL,600000,VERIFIED,35.0,rural
ENT_03310,INDIVIDUAL,2400000,VERIFIED,62.0,metro
ENT_03311,INDIVIDUAL,500000,VERIFIED,27.0,tier2
ENT_03312,INDIVIDUAL,5100000,VERIFIED,44.0,metro
ENT_03313,INDIVIDUAL,1300000,VERIFIED,30.0,rural
ENT_03314,INDIVIDUAL,600000,VERIFIED,60.0,rural
ENT_03315,INDIVIDUAL,700000,VERIFIED,45.0,metro
ENT_03316,INDIVIDUAL,300000,VERIFIED,21.0,tier2
ENT_03317,INDIVIDUAL,400000,VERIFIED,36.0,metro
ENT_03318,INDIVIDUAL,300000,VERIFIED,48.0,tier2
ENT_03319,INDIVIDUAL,5400000,VERIFIED,37.0,tier2
ENT_03320,INDIVIDUAL,4500000,VERIFIED,48.0,rural
ENT_03321,INDIVIDUAL,1000000,VERIFIED,26.0,metro
ENT_03322,INDIVIDUAL,600000,VERIFIED,53.0,tier2
ENT_03323,BUSINESS,63400000,VERIFIED,,metro
ENT_03324,INDIVIDUAL,7600000,VERIFIED,37.0,tier2
ENT_03325,INDIVIDUAL,2300000,VERIFIED,33.0,rural
ENT_03326,INDIVIDUAL,1300000,VERIFIED,53.0,rural
ENT_03327,INDIVIDUAL,28700000,VERIFIED,58.0,metro
ENT_03328,INDIVIDUAL,300000,VERIFIED,38.0,tier2
ENT_03329,INDIVIDUAL,800000,VERIFIED,18.0,metro
ENT_03330,INDIVIDUAL,6400000,VERIFIED,34.0,tier2
ENT_03331,INDIVIDUAL,900000,VERIFIED,60.0,rural
ENT_03332,INDIVIDUAL,2200000,VERIFIED,42.0,metro
ENT_03333,INDIVIDUAL,300000,VERIFIED,39.0,metro
ENT_03334,INDIVIDUAL,7300000,VERIFIED,32.0,metro
ENT_03335,INDIVIDUAL,2300000,VERIFIED,54.0,rural
ENT_03336,INDIVIDUAL,3600000,VERIFIED,47.0,metro
ENT_03337,TRUST,83500000,VERIFIED,,metro
ENT_03338,INDIVIDUAL,400000,VERIFIED,20.0,metro
ENT_03339,BUSINESS,75800000,VERIFIED,,tier2
ENT_03340,INDIVIDUAL,800000,VERIFIED,33.0,tier2
ENT_03341,INDIVIDUAL,1200000,VERIFIED,52.0,tier2
ENT_03342,BUSINESS,80500000,VERIFIED,,metro
ENT_03343,INDIVIDUAL,1000000,VERIFIED,49.0,rural
ENT_03344,INDIVIDUAL,800000,VERIFIED,24.0,metro
ENT_03345,INDIVIDUAL,38400000,VERIFIED,18.0,metro
ENT_03346,INDIVIDUAL,1000000,VERIFIED,53.0,tier2
ENT_03347,INDIVIDUAL,0,VERIFIED,58.0,tier2
ENT_03348,INDIVIDUAL,500000,VERIFIED,32.0,tier2
ENT_03349,INDIVIDUAL,600000,VERIFIED,30.0,metro
ENT_03350,INDIVIDUAL,3800000,VERIFIED,57.0,metro
ENT_03351,INDIVIDUAL,30900000,VERIFIED,41.0,tier2
ENT_03352,BUSINESS,25700000,VERIFIED,,tier2
ENT_03353,BUSINESS,10700000,VERIFIED,,metro
ENT_03354,INDIVIDUAL,900000,VERIFIED,24.0,metro
ENT_03355,INDIVIDUAL,0,VERIFIED,44.0,metro
ENT_03356,INDIVIDUAL,4400000,VERIFIED,63.0,tier2
ENT_03357,INDIVIDUAL,8500000,VERIFIED,55.0,rural
ENT_03358,BUSINESS,6700000,VERIFIED,,metro
ENT_03359,INDIVIDUAL,4500000,VERIFIED,38.0,metro
ENT_03360,INDIVIDUAL,1200000,VERIFIED,30.0,metro
ENT_03361,INDIVIDUAL,2100000,VERIFIED,55.0,metro
ENT_03362,INDIVIDUAL,33500000,VERIFIED,65.0,tier2
ENT_03363,BUSINESS,50400000,VERIFIED,,rural
ENT_03364,INDIVIDUAL,2700000,VERIFIED,21.0,tier2
ENT_03365,INDIVIDUAL,500000,VERIFIED,33.0,rural
ENT_03366,INDIVIDUAL,1900000,VERIFIED,33.0,tier2
ENT_03367,INDIVIDUAL,2100000,VERIFIED,34.0,metro
ENT_03368,INDIVIDUAL,1500000,VERIFIED,45.0,metro
ENT_03369,BUSINESS,9900000,VERIFIED,,tier2
ENT_03370,INDIVIDUAL,1900000,VERIFIED,45.0,tier2
ENT_03371,INDIVIDUAL,5100000,VERIFIED,47.0,metro
ENT_03372,INDIVIDUAL,1300000,VERIFIED,20.0,tier2
ENT_03373,INDIVIDUAL,9800000,VERIFIED,19.0,rural
ENT_03374,INDIVIDUAL,0,VERIFIED,28.0,tier2
ENT_03375,BUSINESS,9800000,VERIFIED,,metro
ENT_03376,TRUST,15800000,VERIFIED,,tier2
ENT_03377,INDIVIDUAL,2900000,VERIFIED,40.0,metro
ENT_03378,INDIVIDUAL,7400000,VERIFIED,59.0,metro
ENT_03379,INDIVIDUAL,1100000,VERIFIED,27.0,tier2
ENT_03380,INDIVIDUAL,1000000,VERIFIED,51.0,rural
ENT_03381,INDIVIDUAL,1500000,VERIFIED,36.0,tier2
ENT_03382,INDIVIDUAL,1000000,VERIFIED,20.0,tier2
ENT_03383,INDIVIDUAL,0,VERIFIED,21.0,metro
ENT_03384,INDIVIDUAL,800000,VERIFIED,58.0,metro
ENT_03385,INDIVIDUAL,7700000,VERIFIED,27.0,metro
ENT_03386,INDIVIDUAL,500000,VERIFIED,35.0,tier2
ENT_03387,TRUST,5600000,VERIFIED,,metro
ENT_03388,INDIVIDUAL,1500000,VERIFIED,53.0,tier2
ENT_03389,INDIVIDUAL,0,VERIFIED,31.0,metro
ENT_03390,INDIVIDUAL,6800000,VERIFIED,57.0,metro
ENT_03391,TRUST,2600000,VERIFIED,,metro
ENT_03392,INDIVIDUAL,0,VERIFIED,25.0,rural
ENT_03393,INDIVIDUAL,8100000,VERIFIED,51.0,tier2
ENT_03394,INDIVIDUAL,9200000,VERIFIED,29.0,tier2
ENT_03395,INDIVIDUAL,4100000,VERIFIED,51.0,metro
ENT_03396,INDIVIDUAL,1300000,VERIFIED,22.0,metro
ENT_03397,INDIVIDUAL,2800000,VERIFIED,62.0,metro
ENT_03398,INDIVIDUAL,7600000,VERIFIED,54.0,tier2
ENT_03399,INDIVIDUAL,700000,VERIFIED,28.0,metro
ENT_03400,BUSINESS,5700000,VERIFIED,,tier2
ENT_03401,BUSINESS,4900000,VERIFIED,,rural
ENT_03402,INDIVIDUAL,300000,VERIFIED,42.0,metro
ENT_03403,TRUST,86800000,VERIFIED,,metro
ENT_03404,INDIVIDUAL,3300000,VERIFIED,43.0,tier2
ENT_03405,INDIVIDUAL,1100000,VERIFIED,61.0,metro
ENT_03406,INDIVIDUAL,1200000,VERIFIED,60.0,metro
ENT_03407,INDIVIDUAL,700000,VERIFIED,36.0,tier2
ENT_03408,TRUST,3800000,VERIFIED,,tier2
ENT_03409,INDIVIDUAL,7400000,VERIFIED,51.0,metro
ENT_03410,TRUST,6900000,VERIFIED,,tier2
ENT_03411,INDIVIDUAL,5300000,VERIFIED,20.0,metro
ENT_03412,INDIVIDUAL,39800000,VERIFIED,33.0,metro
ENT_03413,INDIVIDUAL,94300000,VERIFIED,40.0,metro
ENT_03414,INDIVIDUAL,10000000,VERIFIED,25.0,metro
ENT_03415,INDIVIDUAL,400000,VERIFIED,23.0,metro
ENT_03416,INDIVIDUAL,2500000,VERIFIED,52.0,metro
ENT_03417,TRUST,9000000,VERIFIED,,tier2
ENT_03418,INDIVIDUAL,1300000,VERIFIED,38.0,rural
ENT_03419,INDIVIDUAL,300000,VERIFIED,64.0,metro
ENT_03420,INDIVIDUAL,7400000,VERIFIED,49.0,tier2
ENT_03421,INDIVIDUAL,1000000,VERIFIED,50.0,rural
ENT_03422,INDIVIDUAL,7700000,VERIFIED,18.0,metro
ENT_03423,INDIVIDUAL,1300000,VERIFIED,55.0,metro
ENT_03424,INDIVIDUAL,500000,VERIFIED,56.0,tier2
ENT_03425,INDIVIDUAL,5200000,VERIFIED,48.0,tier2
ENT_03426,INDIVIDUAL,8600000,VERIFIED,25.0,rural
ENT_03427,BUSINESS,6000000,VERIFIED,,metro
ENT_03428,INDIVIDUAL,300000,VERIFIED,22.0,metro
ENT_03429,INDIVIDUAL,1100000,VERIFIED,58.0,tier2
ENT_03430,INDIVIDUAL,3800000,VERIFIED,32.0,metro
ENT_03431,INDIVIDUAL,8500000,VERIFIED,26.0,tier2
ENT_03432,INDIVIDUAL,1400000,VERIFIED,28.0,rural
ENT_03433,INDIVIDUAL,1900000,VERIFIED,33.0,metro
ENT_03434,INDIVIDUAL,400000,VERIFIED,34.0,rural
ENT_03435,INDIVIDUAL,4700000,VERIFIED,26.0,tier2
ENT_03436,INDIVIDUAL,5600000,VERIFIED,58.0,metro
ENT_03437,INDIVIDUAL,900000,VERIFIED,45.0,metro
ENT_03438,INDIVIDUAL,0,VERIFIED,62.0,metro
ENT_03439,INDIVIDUAL,300000,VERIFIED,20.0,rural
ENT_03440,BUSINESS,5600000,VERIFIED,,metro
ENT_03441,BUSINESS,5900000,VERIFIED,,metro
ENT_03442,INDIVIDUAL,1400000,VERIFIED,31.0,metro
ENT_03443,INDIVIDUAL,800000,VERIFIED,40.0,metro
ENT_03444,INDIVIDUAL,6500000,VERIFIED,54.0,metro
ENT_03445,INDIVIDUAL,1500000,VERIFIED,53.0,tier2
ENT_03446,INDIVIDUAL,1100000,VERIFIED,34.0,metro
ENT_03447,TRUST,66700000,VERIFIED,,metro
ENT_03448,INDIVIDUAL,600000,VERIFIED,39.0,metro
ENT_03449,INDIVIDUAL,8000000,VERIFIED,65.0,rural
ENT_03450,INDIVIDUAL,0,VERIFIED,32.0,tier2
ENT_03451,INDIVIDUAL,400000,VERIFIED,60.0,metro
ENT_03452,INDIVIDUAL,0,VERIFIED,21.0,tier2
ENT_03453,TRUST,4700000,VERIFIED,,metro
ENT_03454,INDIVIDUAL,0,VERIFIED,46.0,rural
ENT_03455,INDIVIDUAL,1500000,VERIFIED,56.0,tier2
ENT_03456,INDIVIDUAL,8900000,VERIFIED,54.0,rural
ENT_03457,BUSINESS,19100000,VERIFIED,,rural
ENT_03458,INDIVIDUAL,5600000,VERIFIED,55.0,metro
ENT_03459,TRUST,67800000,VERIFIED,,metro
ENT_03460,INDIVIDUAL,4900000,VERIFIED,54.0,tier2
ENT_03461,TRUST,3400000,VERIFIED,,metro
ENT_03462,BUSINESS,4700000,VERIFIED,,tier2
ENT_03463,INDIVIDUAL,1200000,VERIFIED,53.0,rural
ENT_03464,INDIVIDUAL,1200000,VERIFIED,53.0,metro
ENT_03465,INDIVIDUAL,1500000,VERIFIED,44.0,rural
ENT_03466,INDIVIDUAL,1400000,VERIFIED,31.0,metro
ENT_03467,BUSINESS,5100000,VERIFIED,,tier2
ENT_03468,INDIVIDUAL,600000,VERIFIED,51.0,metro
ENT_03469,BUSINESS,94700000,VERIFIED,,metro
ENT_03470,INDIVIDUAL,1300000,VERIFIED,25.0,rural
ENT_03471,BUSINESS,44900000,VERIFIED,,metro
ENT_03472,BUSINESS,70400000,VERIFIED,,tier2
ENT_03473,INDIVIDUAL,1300000,VERIFIED,35.0,metro
ENT_03474,INDIVIDUAL,5400000,VERIFIED,44.0,tier2
ENT_03475,BUSINESS,92800000,VERIFIED,,metro
ENT_03476,INDIVIDUAL,2800000,VERIFIED,30.0,rural
ENT_03477,INDIVIDUAL,1500000,VERIFIED,25.0,metro
ENT_03478,INDIVIDUAL,1100000,VERIFIED,27.0,metro
ENT_03479,INDIVIDUAL,1100000,VERIFIED,35.0,tier2
ENT_03480,INDIVIDUAL,0,VERIFIED,28.0,metro
ENT_03481,INDIVIDUAL,0,VERIFIED,50.0,metro
ENT_03482,INDIVIDUAL,1800000,VERIFIED,21.0,metro
ENT_03483,TRUST,1900000,VERIFIED,,metro
ENT_03484,INDIVIDUAL,1300000,VERIFIED,21.0,rural
ENT_03485,INDIVIDUAL,0,VERIFIED,59.0,metro
ENT_03486,INDIVIDUAL,5100000,VERIFIED,21.0,metro
ENT_03487,INDIVIDUAL,7600000,VERIFIED,30.0,rural
ENT_03488,BUSINESS,1600000,VERIFIED,,tier2
ENT_03489,INDIVIDUAL,300000,VERIFIED,49.0,metro
ENT_03490,INDIVIDUAL,300000,VERIFIED,63.0,rural
ENT_03491,BUSINESS,78700000,VERIFIED,,metro
ENT_03492,INDIVIDUAL,0,VERIFIED,23.0,tier2
ENT_03493,INDIVIDUAL,7000000,VERIFIED,42.0,rural
ENT_03494,TRUST,4300000,VERIFIED,,metro
ENT_03495,BUSINESS,16800000,VERIFIED,,rural
ENT_03496,INDIVIDUAL,400000,VERIFIED,26.0,rural
ENT_03497,INDIVIDUAL,3100000,VERIFIED,30.0,metro
ENT_03498,TRUST,6900000,VERIFIED,,metro
ENT_03499,BUSINESS,9600000,VERIFIED,,metro
ENT_03500,INDIVIDUAL,0,VERIFIED,25.0,metro
ENT_03501,INDIVIDUAL,9500000,VERIFIED,38.0,metro
ENT_03502,INDIVIDUAL,5400000,VERIFIED,42.0,metro
ENT_03503,INDIVIDUAL,0,VERIFIED,60.0,tier2
ENT_03504,INDIVIDUAL,3100000,VERIFIED,55.0,metro
ENT_03505,INDIVIDUAL,1100000,VERIFIED,20.0,rural
ENT_03506,INDIVIDUAL,300000,VERIFIED,33.0,metro
ENT_03507,INDIVIDUAL,6000000,VERIFIED,48.0,tier2
ENT_03508,BUSINESS,78300000,VERIFIED,,tier2
ENT_03509,BUSINESS,9100000,VERIFIED,,metro
ENT_03510,INDIVIDUAL,7800000,VERIFIED,29.0,metro
ENT_03511,INDIVIDUAL,6300000,VERIFIED,28.0,tier2
ENT_03512,INDIVIDUAL,9700000,VERIFIED,56.0,metro
ENT_03513,INDIVIDUAL,3900000,VERIFIED,52.0,metro
ENT_03514,INDIVIDUAL,7900000,VERIFIED,61.0,rural
ENT_03515,INDIVIDUAL,1200000,VERIFIED,46.0,rural
ENT_03516,INDIVIDUAL,8500000,VERIFIED,52.0,tier2
ENT_03517,INDIVIDUAL,2500000,VERIFIED,47.0,metro
ENT_03518,INDIVIDUAL,7300000,VERIFIED,33.0,rural
ENT_03519,INDIVIDUAL,1100000,VERIFIED,41.0,tier2
ENT_03520,INDIVIDUAL,1300000,VERIFIED,28.0,metro
ENT_03521,INDIVIDUAL,500000,VERIFIED,23.0,rural
ENT_03522,INDIVIDUAL,1100000,VERIFIED,39.0,tier2
ENT_03523,INDIVIDUAL,700000,VERIFIED,43.0,tier2
ENT_03524,INDIVIDUAL,3200000,VERIFIED,22.0,rural
ENT_03525,INDIVIDUAL,6800000,VERIFIED,56.0,rural
ENT_03526,INDIVIDUAL,9700000,VERIFIED,35.0,metro
ENT_03527,INDIVIDUAL,7900000,VERIFIED,19.0,rural
ENT_03528,INDIVIDUAL,97100000,VERIFIED,39.0,tier2
ENT_03529,TRUST,9400000,VERIFIED,,rural
ENT_03530,INDIVIDUAL,9800000,VERIFIED,34.0,tier2
ENT_03531,INDIVIDUAL,1200000,VERIFIED,39.0,rural
ENT_03532,INDIVIDUAL,1800000,VERIFIED,59.0,metro
ENT_03533,INDIVIDUAL,7400000,VERIFIED,47.0,rural
ENT_03534,INDIVIDUAL,0,VERIFIED,59.0,metro
ENT_03535,INDIVIDUAL,1100000,VERIFIED,43.0,metro
ENT_03536,INDIVIDUAL,9400000,VERIFIED,29.0,metro
ENT_03537,INDIVIDUAL,1500000,VERIFIED,22.0,rural
ENT_03538,INDIVIDUAL,6900000,VERIFIED,49.0,tier2
ENT_03539,INDIVIDUAL,8900000,VERIFIED,54.0,rural
ENT_03540,INDIVIDUAL,2900000,VERIFIED,26.0,metro
ENT_03541,INDIVIDUAL,1400000,VERIFIED,20.0,tier2
ENT_03542,INDIVIDUAL,1000000,VERIFIED,43.0,tier2
ENT_03543,INDIVIDUAL,5700000,VERIFIED,21.0,tier2
ENT_03544,BUSINESS,87300000,VERIFIED,,rural
ENT_03545,INDIVIDUAL,9700000,VERIFIED,47.0,tier2
ENT_03546,INDIVIDUAL,700000,VERIFIED,52.0,metro
ENT_03547,INDIVIDUAL,4400000,VERIFIED,34.0,metro
ENT_03548,INDIVIDUAL,900000,VERIFIED,30.0,metro
ENT_03549,BUSINESS,9100000,VERIFIED,,metro
ENT_03550,TRUST,90800000,VERIFIED,,metro
ENT_03551,BUSINESS,7900000,VERIFIED,,rural
ENT_03552,BUSINESS,51400000,VERIFIED,,metro
ENT_03553,INDIVIDUAL,5100000,VERIFIED,29.0,tier2
ENT_03554,INDIVIDUAL,59400000,VERIFIED,29.0,rural
ENT_03555,INDIVIDUAL,1200000,VERIFIED,28.0,metro
ENT_03556,INDIVIDUAL,3800000,VERIFIED,39.0,tier2
ENT_03557,INDIVIDUAL,600000,VERIFIED,50.0,metro
ENT_03558,INDIVIDUAL,300000,VERIFIED,59.0,metro
ENT_03559,INDIVIDUAL,1100000,VERIFIED,38.0,metro
ENT_03560,INDIVIDUAL,1300000,VERIFIED,36.0,rural
ENT_03561,INDIVIDUAL,1300000,VERIFIED,57.0,metro
ENT_03562,INDIVIDUAL,8300000,VERIFIED,22.0,rural
ENT_03563,INDIVIDUAL,1000000,VERIFIED,28.0,metro
ENT_03564,INDIVIDUAL,8400000,VERIFIED,33.0,metro
ENT_03565,INDIVIDUAL,3600000,VERIFIED,43.0,metro
ENT_03566,INDIVIDUAL,800000,VERIFIED,38.0,metro
ENT_03567,INDIVIDUAL,1200000,VERIFIED,31.0,rural
ENT_03568,INDIVIDUAL,7700000,VERIFIED,24.0,metro
ENT_03569,INDIVIDUAL,1500000,VERIFIED,19.0,rural
ENT_03570,INDIVIDUAL,9900000,VERIFIED,59.0,rural
ENT_03571,INDIVIDUAL,2100000,VERIFIED,20.0,tier2
ENT_03572,INDIVIDUAL,1100000,VERIFIED,25.0,tier2
ENT_03573,INDIVIDUAL,8700000,VERIFIED,64.0,rural
ENT_03574,INDIVIDUAL,0,VERIFIED,41.0,metro
ENT_03575,BUSINESS,51100000,VERIFIED,,metro
ENT_03576,INDIVIDUAL,1500000,VERIFIED,45.0,metro
ENT_03577,TRUST,91100000,VERIFIED,,tier2
ENT_03578,INDIVIDUAL,500000,VERIFIED,26.0,metro
ENT_03579,INDIVIDUAL,1400000,VERIFIED,60.0,metro
ENT_03580,INDIVIDUAL,6400000,VERIFIED,41.0,tier2
ENT_03581,INDIVIDUAL,8800000,VERIFIED,36.0,metro
ENT_03582,INDIVIDUAL,22100000,VERIFIED,23.0,rural
ENT_03583,INDIVIDUAL,500000,VERIFIED,18.0,rural
ENT_03584,INDIVIDUAL,5700000,VERIFIED,58.0,metro
ENT_03585,INDIVIDUAL,600000,VERIFIED,26.0,tier2
ENT_03586,BUSINESS,5100000,VERIFIED,,rural
ENT_03587,INDIVIDUAL,0,VERIFIED,39.0,metro
ENT_03588,INDIVIDUAL,6400000,VERIFIED,53.0,tier2
ENT_03589,INDIVIDUAL,700000,VERIFIED,51.0,tier2
ENT_03590,INDIVIDUAL,7200000,VERIFIED,27.0,metro
ENT_03591,BUSINESS,6400000,VERIFIED,,metro
ENT_03592,INDIVIDUAL,700000,VERIFIED,59.0,metro
ENT_03593,INDIVIDUAL,1100000,VERIFIED,65.0,tier2
ENT_03594,BUSINESS,7700000,VERIFIED,,metro
ENT_03595,BUSINESS,2700000,VERIFIED,,metro
ENT_03596,INDIVIDUAL,500000,VERIFIED,59.0,metro
ENT_03597,INDIVIDUAL,0,VERIFIED,42.0,tier2
ENT_03598,BUSINESS,36800000,VERIFIED,,metro
ENT_03599,INDIVIDUAL,5400000,VERIFIED,19.0,tier2
ENT_03600,INDIVIDUAL,1400000,VERIFIED,23.0,tier2
ENT_03601,INDIVIDUAL,800000,VERIFIED,48.0,metro
ENT_03602,INDIVIDUAL,67500000,VERIFIED,58.0,metro
ENT_03603,INDIVIDUAL,1200000,VERIFIED,20.0,metro
ENT_03604,INDIVIDUAL,9500000,VERIFIED,65.0,metro
ENT_03605,BUSINESS,6000000,VERIFIED,,metro
ENT_03606,BUSINESS,9200000,VERIFIED,,metro
ENT_03607,INDIVIDUAL,3500000,VERIFIED,46.0,tier2
ENT_03608,INDIVIDUAL,77100000,VERIFIED,55.0,rural
ENT_03609,TRUST,28600000,VERIFIED,,metro
ENT_03610,INDIVIDUAL,8800000,VERIFIED,31.0,tier2
ENT_03611,BUSINESS,91800000,VERIFIED,,metro
ENT_03612,BUSINESS,34100000,VERIFIED,,tier2
ENT_03613,INDIVIDUAL,5100000,VERIFIED,59.0,metro
ENT_03614,TRUST,5000000,VERIFIED,,tier2
ENT_03615,INDIVIDUAL,1000000,VERIFIED,64.0,tier2
ENT_03616,INDIVIDUAL,3800000,VERIFIED,28.0,rural
ENT_03617,INDIVIDUAL,68400000,VERIFIED,39.0,metro
ENT_03618,INDIVIDUAL,7300000,VERIFIED,57.0,tier2
ENT_03619,INDIVIDUAL,8700000,VERIFIED,55.0,metro
ENT_03620,INDIVIDUAL,400000,VERIFIED,28.0,metro
ENT_03621,INDIVIDUAL,57900000,VERIFIED,51.0,rural
ENT_03622,INDIVIDUAL,1400000,VERIFIED,38.0,metro
ENT_03623,TRUST,2600000,VERIFIED,,metro
ENT_03624,BUSINESS,2700000,VERIFIED,,tier2
ENT_03625,INDIVIDUAL,1600000,VERIFIED,53.0,metro
ENT_03626,INDIVIDUAL,0,VERIFIED,53.0,metro
ENT_03627,BUSINESS,63100000,VERIFIED,,tier2
ENT_03628,BUSINESS,9800000,VERIFIED,,tier2
ENT_03629,INDIVIDUAL,1100000,VERIFIED,40.0,metro
ENT_03630,INDIVIDUAL,300000,VERIFIED,20.0,metro
ENT_03631,INDIVIDUAL,900000,VERIFIED,59.0,metro
ENT_03632,INDIVIDUAL,5100000,VERIFIED,25.0,metro
ENT_03633,INDIVIDUAL,3600000,VERIFIED,64.0,tier2
ENT_03634,BUSINESS,9200000,VERIFIED,,tier2
ENT_03635,INDIVIDUAL,8500000,VERIFIED,65.0,metro
ENT_03636,INDIVIDUAL,1000000,VERIFIED,35.0,tier2
ENT_03637,INDIVIDUAL,1200000,VERIFIED,30.0,rural
ENT_03638,INDIVIDUAL,18400000,VERIFIED,31.0,tier2
ENT_03639,INDIVIDUAL,2400000,VERIFIED,27.0,metro
ENT_03640,INDIVIDUAL,2400000,VERIFIED,31.0,metro
ENT_03641,BUSINESS,51900000,VERIFIED,,metro
ENT_03642,INDIVIDUAL,0,VERIFIED,56.0,tier2
ENT_03643,INDIVIDUAL,900000,VERIFIED,43.0,metro
ENT_03644,BUSINESS,6700000,VERIFIED,,metro
ENT_03645,INDIVIDUAL,7700000,VERIFIED,46.0,rural
ENT_03646,INDIVIDUAL,3700000,VERIFIED,20.0,metro
ENT_03647,INDIVIDUAL,600000,VERIFIED,52.0,metro
ENT_03648,INDIVIDUAL,9500000,VERIFIED,37.0,tier2
ENT_03649,INDIVIDUAL,4600000,VERIFIED,29.0,metro
ENT_03650,INDIVIDUAL,9700000,VERIFIED,43.0,tier2
ENT_03651,INDIVIDUAL,300000,VERIFIED,54.0,tier2
ENT_03652,TRUST,48400000,VERIFIED,,metro
ENT_03653,BUSINESS,45800000,VERIFIED,,tier2
ENT_03654,BUSINESS,3700000,VERIFIED,,tier2
ENT_03655,INDIVIDUAL,1500000,VERIFIED,62.0,tier2
ENT_03656,BUSINESS,6800000,VERIFIED,,metro
ENT_03657,INDIVIDUAL,800000,VERIFIED,53.0,metro
ENT_03658,INDIVIDUAL,500000,VERIFIED,31.0,rural
ENT_03659,INDIVIDUAL,0,VERIFIED,65.0,tier2
ENT_03660,INDIVIDUAL,15500000,VERIFIED,45.0,metro
ENT_03661,INDIVIDUAL,1100000,VERIFIED,49.0,metro
ENT_03662,INDIVIDUAL,6600000,VERIFIED,64.0,tier2
ENT_03663,INDIVIDUAL,1200000,VERIFIED,19.0,metro
ENT_03664,INDIVIDUAL,7700000,VERIFIED,59.0,rural
ENT_03665,INDIVIDUAL,500000,VERIFIED,61.0,tier2
ENT_03666,INDIVIDUAL,4600000,VERIFIED,20.0,metro
ENT_03667,INDIVIDUAL,6100000,VERIFIED,49.0,tier2
ENT_03668,INDIVIDUAL,900000,VERIFIED,37.0,tier2
ENT_03669,INDIVIDUAL,5400000,VERIFIED,41.0,metro
ENT_03670,BUSINESS,59100000,VERIFIED,,rural
ENT_03671,INDIVIDUAL,6900000,VERIFIED,45.0,metro
ENT_03672,INDIVIDUAL,0,VERIFIED,25.0,tier2
ENT_03673,INDIVIDUAL,0,VERIFIED,19.0,rural
ENT_03674,INDIVIDUAL,600000,VERIFIED,24.0,metro
ENT_03675,INDIVIDUAL,60000000,VERIFIED,28.0,metro
ENT_03676,INDIVIDUAL,0,VERIFIED,24.0,rural
ENT_03677,INDIVIDUAL,500000,VERIFIED,55.0,metro
ENT_03678,INDIVIDUAL,82100000,VERIFIED,21.0,metro
ENT_03679,INDIVIDUAL,0,VERIFIED,46.0,metro
ENT_03680,INDIVIDUAL,5200000,VERIFIED,23.0,rural
ENT_03681,BUSINESS,60300000,VERIFIED,,metro
ENT_03682,BUSINESS,1300000,VERIFIED,,metro
ENT_03683,INDIVIDUAL,1100000,VERIFIED,61.0,metro
ENT_03684,INDIVIDUAL,700000,VERIFIED,49.0,metro
ENT_03685,INDIVIDUAL,0,VERIFIED,30.0,rural
ENT_03686,BUSINESS,26000000,VERIFIED,,rural
ENT_03687,BUSINESS,95800000,VERIFIED,,metro
ENT_03688,INDIVIDUAL,2000000,VERIFIED,40.0,tier2
ENT_03689,INDIVIDUAL,9900000,VERIFIED,48.0,metro
ENT_03690,INDIVIDUAL,900000,VERIFIED,45.0,metro
ENT_03691,TRUST,1800000,VERIFIED,,tier2
ENT_03692,INDIVIDUAL,9500000,VERIFIED,47.0,metro
ENT_03693,INDIVIDUAL,0,VERIFIED,59.0,metro
ENT_03694,INDIVIDUAL,8000000,VERIFIED,22.0,rural
ENT_03695,INDIVIDUAL,10000000,VERIFIED,58.0,tier2
ENT_03696,INDIVIDUAL,1300000,VERIFIED,63.0,metro
ENT_03697,INDIVIDUAL,0,VERIFIED,57.0,tier2
ENT_03698,INDIVIDUAL,9200000,VERIFIED,56.0,rural
ENT_03699,BUSINESS,75400000,VERIFIED,,metro
ENT_03700,INDIVIDUAL,1000000,VERIFIED,61.0,metro
ENT_03701,INDIVIDUAL,4700000,VERIFIED,24.0,metro
ENT_03702,INDIVIDUAL,0,VERIFIED,31.0,metro
ENT_03703,TRUST,35400000,VERIFIED,,metro
ENT_03704,INDIVIDUAL,500000,VERIFIED,31.0,tier2
ENT_03705,TRUST,69600000,VERIFIED,,tier2
ENT_03706,INDIVIDUAL,1100000,VERIFIED,22.0,tier2
ENT_03707,BUSINESS,96800000,VERIFIED,,rural
ENT_03708,INDIVIDUAL,0,VERIFIED,47.0,metro
ENT_03709,INDIVIDUAL,96400000,VERIFIED,28.0,metro
ENT_03710,INDIVIDUAL,9400000,VERIFIED,60.0,tier2
ENT_03711,INDIVIDUAL,4300000,VERIFIED,24.0,rural
ENT_03712,BUSINESS,4000000,VERIFIED,,metro
ENT_03713,INDIVIDUAL,7500000,VERIFIED,56.0,tier2
ENT_03714,TRUST,2400000,VERIFIED,,metro
ENT_03715,INDIVIDUAL,0,VERIFIED,52.0,tier2
ENT_03716,INDIVIDUAL,1300000,VERIFIED,50.0,metro
ENT_03717,BUSINESS,36600000,VERIFIED,,metro
ENT_03718,INDIVIDUAL,6700000,VERIFIED,40.0,tier2
ENT_03719,INDIVIDUAL,1000000,VERIFIED,50.0,metro
ENT_03720,BUSINESS,1300000,VERIFIED,,metro
ENT_03721,INDIVIDUAL,1000000,VERIFIED,60.0,metro
ENT_03722,BUSINESS,67600000,VERIFIED,,metro
ENT_03723,INDIVIDUAL,0,VERIFIED,59.0,tier2
ENT_03724,BUSINESS,79000000,VERIFIED,,rural
ENT_03725,INDIVIDUAL,1300000,VERIFIED,45.0,tier2
ENT_03726,INDIVIDUAL,1500000,VERIFIED,43.0,tier2
ENT_03727,TRUST,78000000,VERIFIED,,tier2
ENT_03728,INDIVIDUAL,3900000,VERIFIED,63.0,metro
ENT_03729,BUSINESS,21500000,VERIFIED,,metro
ENT_03730,INDIVIDUAL,9200000,VERIFIED,33.0,metro
ENT_03731,INDIVIDUAL,9800000,VERIFIED,53.0,tier2
ENT_03732,INDIVIDUAL,400000,VERIFIED,47.0,tier2
ENT_03733,BUSINESS,28600000,VERIFIED,,metro
ENT_03734,INDIVIDUAL,6300000,VERIFIED,62.0,tier2
ENT_03735,BUSINESS,4300000,VERIFIED,,rural
ENT_03736,INDIVIDUAL,1100000,VERIFIED,37.0,metro
ENT_03737,INDIVIDUAL,800000,VERIFIED,24.0,metro
ENT_03738,INDIVIDUAL,69300000,VERIFIED,33.0,rural
ENT_03739,INDIVIDUAL,2600000,VERIFIED,18.0,tier2
ENT_03740,INDIVIDUAL,3800000,VERIFIED,35.0,tier2
ENT_03741,INDIVIDUAL,8800000,VERIFIED,20.0,rural
ENT_03742,INDIVIDUAL,1000000,VERIFIED,27.0,rural
ENT_03743,INDIVIDUAL,1200000,VERIFIED,22.0,metro
ENT_03744,INDIVIDUAL,0,VERIFIED,37.0,metro
ENT_03745,TRUST,5500000,VERIFIED,,tier2
ENT_03746,TRUST,3600000,VERIFIED,,tier2
ENT_03747,INDIVIDUAL,1400000,VERIFIED,44.0,rural
ENT_03748,INDIVIDUAL,14400000,VERIFIED,34.0,metro
ENT_03749,INDIVIDUAL,1500000,VERIFIED,62.0,metro
ENT_03750,INDIVIDUAL,38500000,VERIFIED,37.0,metro
ENT_03751,INDIVIDUAL,6400000,VERIFIED,38.0,tier2
ENT_03752,BUSINESS,12800000,VERIFIED,,tier2
ENT_03753,INDIVIDUAL,7000000,VERIFIED,65.0,metro
ENT_03754,BUSINESS,9900000,VERIFIED,,metro
ENT_03755,INDIVIDUAL,9000000,VERIFIED,20.0,tier2
ENT_03756,TRUST,57200000,VERIFIED,,rural
ENT_03757,INDIVIDUAL,1000000,VERIFIED,35.0,metro
ENT_03758,BUSINESS,5100000,VERIFIED,,tier2
ENT_03759,BUSINESS,65900000,VERIFIED,,metro
ENT_03760,INDIVIDUAL,4100000,VERIFIED,62.0,rural
ENT_03761,INDIVIDUAL,6600000,VERIFIED,37.0,rural
ENT_03762,INDIVIDUAL,400000,VERIFIED,38.0,metro
ENT_03763,INDIVIDUAL,1300000,VERIFIED,21.0,metro
ENT_03764,INDIVIDUAL,9600000,VERIFIED,29.0,metro
ENT_03765,INDIVIDUAL,800000,VERIFIED,33.0,tier2
ENT_03766,INDIVIDUAL,5400000,VERIFIED,25.0,metro
ENT_03767,INDIVIDUAL,1700000,VERIFIED,32.0,rural
ENT_03768,INDIVIDUAL,6000000,VERIFIED,31.0,metro
ENT_03769,INDIVIDUAL,76300000,VERIFIED,26.0,metro
ENT_03770,INDIVIDUAL,1200000,VERIFIED,21.0,metro
ENT_03771,INDIVIDUAL,0,VERIFIED,59.0,tier2
ENT_03772,INDIVIDUAL,1100000,VERIFIED,55.0,metro
ENT_03773,INDIVIDUAL,48400000,VERIFIED,61.0,rural
ENT_03774,INDIVIDUAL,8100000,VERIFIED,57.0,metro
ENT_03775,INDIVIDUAL,0,VERIFIED,45.0,metro
ENT_03776,INDIVIDUAL,4900000,VERIFIED,38.0,metro
ENT_03777,INDIVIDUAL,5300000,VERIFIED,52.0,rural
ENT_03778,INDIVIDUAL,4900000,VERIFIED,38.0,rural
ENT_03779,INDIVIDUAL,8700000,VERIFIED,19.0,metro
ENT_03780,INDIVIDUAL,4300000,VERIFIED,43.0,rural
ENT_03781,INDIVIDUAL,3300000,VERIFIED,44.0,metro
ENT_03782,INDIVIDUAL,1300000,VERIFIED,39.0,tier2
ENT_03783,INDIVIDUAL,10900000,VERIFIED,62.0,rural
ENT_03784,INDIVIDUAL,2500000,VERIFIED,29.0,metro
ENT_03785,INDIVIDUAL,6700000,VERIFIED,45.0,rural
ENT_03786,INDIVIDUAL,4900000,VERIFIED,43.0,metro
ENT_03787,INDIVIDUAL,0,VERIFIED,19.0,metro
ENT_03788,INDIVIDUAL,2200000,VERIFIED,23.0,metro
ENT_03789,TRUST,64600000,VERIFIED,,tier2
ENT_03790,INDIVIDUAL,10600000,VERIFIED,52.0,metro
ENT_03791,INDIVIDUAL,6000000,VERIFIED,48.0,tier2
ENT_03792,TRUST,3200000,VERIFIED,,tier2
ENT_03793,BUSINESS,4400000,VERIFIED,,metro
ENT_03794,TRUST,97300000,VERIFIED,,metro
ENT_03795,BUSINESS,3100000,VERIFIED,,metro
ENT_03796,INDIVIDUAL,1500000,VERIFIED,48.0,metro
ENT_03797,INDIVIDUAL,5900000,VERIFIED,52.0,metro
ENT_03798,INDIVIDUAL,75000000,VERIFIED,28.0,metro
ENT_03799,INDIVIDUAL,4900000,VERIFIED,26.0,metro
ENT_03800,INDIVIDUAL,7400000,VERIFIED,38.0,rural
ENT_03801,INDIVIDUAL,4400000,VERIFIED,21.0,metro
ENT_03802,BUSINESS,39200000,VERIFIED,,tier2
ENT_03803,INDIVIDUAL,600000,VERIFIED,22.0,metro
ENT_03804,BUSINESS,39200000,VERIFIED,,tier2
ENT_03805,INDIVIDUAL,7200000,VERIFIED,61.0,rural
ENT_03806,INDIVIDUAL,56100000,VERIFIED,46.0,rural
ENT_03807,INDIVIDUAL,1300000,VERIFIED,36.0,tier2
ENT_03808,INDIVIDUAL,500000,VERIFIED,19.0,metro
ENT_03809,BUSINESS,1900000,VERIFIED,,rural
ENT_03810,INDIVIDUAL,0,VERIFIED,52.0,metro
ENT_03811,BUSINESS,35200000,VERIFIED,,rural
ENT_03812,INDIVIDUAL,3400000,VERIFIED,20.0,metro
ENT_03813,TRUST,83600000,VERIFIED,,tier2
ENT_03814,BUSINESS,5200000,VERIFIED,,rural
ENT_03815,BUSINESS,7500000,VERIFIED,,metro
ENT_03816,BUSINESS,62600000,VERIFIED,,rural
ENT_03817,BUSINESS,4500000,VERIFIED,,metro
ENT_03818,BUSINESS,36800000,VERIFIED,,metro
ENT_03819,BUSINESS,80400000,VERIFIED,,metro
ENT_03820,INDIVIDUAL,1400000,VERIFIED,53.0,metro
ENT_03821,INDIVIDUAL,9500000,VERIFIED,38.0,metro
ENT_03822,INDIVIDUAL,1000000,VERIFIED,50.0,tier2
ENT_03823,INDIVIDUAL,5900000,VERIFIED,57.0,tier2
ENT_03824,INDIVIDUAL,7500000,VERIFIED,27.0,rural
ENT_03825,INDIVIDUAL,4900000,VERIFIED,38.0,metro
ENT_03826,INDIVIDUAL,2300000,VERIFIED,35.0,rural
ENT_03827,INDIVIDUAL,600000,VERIFIED,20.0,rural
ENT_03828,BUSINESS,82700000,VERIFIED,,metro
ENT_03829,INDIVIDUAL,95100000,VERIFIED,53.0,tier2
ENT_03830,INDIVIDUAL,600000,VERIFIED,33.0,tier2
ENT_03831,INDIVIDUAL,76100000,VERIFIED,60.0,tier2
ENT_03832,INDIVIDUAL,26000000,VERIFIED,54.0,metro
ENT_03833,INDIVIDUAL,1600000,VERIFIED,63.0,tier2
ENT_03834,BUSINESS,1500000,VERIFIED,,rural
ENT_03835,INDIVIDUAL,300000,VERIFIED,19.0,metro
ENT_03836,INDIVIDUAL,900000,VERIFIED,25.0,metro
ENT_03837,INDIVIDUAL,8600000,VERIFIED,60.0,rural
ENT_03838,BUSINESS,22400000,VERIFIED,,metro
ENT_03839,INDIVIDUAL,800000,VERIFIED,42.0,tier2
ENT_03840,INDIVIDUAL,34000000,VERIFIED,53.0,metro
ENT_03841,INDIVIDUAL,400000,VERIFIED,55.0,tier2
ENT_03842,INDIVIDUAL,900000,VERIFIED,53.0,tier2
ENT_03843,INDIVIDUAL,1200000,VERIFIED,38.0,rural
ENT_03844,INDIVIDUAL,0,VERIFIED,30.0,tier2
ENT_03845,TRUST,28600000,VERIFIED,,metro
ENT_03846,BUSINESS,86000000,VERIFIED,,tier2
ENT_03847,INDIVIDUAL,0,VERIFIED,19.0,rural
ENT_03848,INDIVIDUAL,1300000,VERIFIED,42.0,metro
ENT_03849,INDIVIDUAL,0,VERIFIED,59.0,metro
ENT_03850,INDIVIDUAL,10000000,VERIFIED,23.0,tier2
ENT_03851,BUSINESS,10100000,VERIFIED,,rural
ENT_03852,INDIVIDUAL,1200000,VERIFIED,55.0,metro
ENT_03853,INDIVIDUAL,0,VERIFIED,57.0,metro
ENT_03854,INDIVIDUAL,6500000,VERIFIED,44.0,tier2
ENT_03855,INDIVIDUAL,1100000,VERIFIED,64.0,tier2
ENT_03856,INDIVIDUAL,1200000,VERIFIED,47.0,tier2
ENT_03857,INDIVIDUAL,8100000,VERIFIED,53.0,tier2
ENT_03858,INDIVIDUAL,1100000,VERIFIED,61.0,tier2
ENT_03859,INDIVIDUAL,5600000,VERIFIED,19.0,metro
ENT_03860,INDIVIDUAL,1000000,VERIFIED,22.0,tier2
ENT_03861,BUSINESS,2600000,VERIFIED,,metro
ENT_03862,INDIVIDUAL,1400000,VERIFIED,40.0,metro
ENT_03863,TRUST,5800000,VERIFIED,,metro
ENT_03864,TRUST,8300000,VERIFIED,,metro
ENT_03865,INDIVIDUAL,0,VERIFIED,47.0,metro
ENT_03866,INDIVIDUAL,22000000,VERIFIED,47.0,metro
ENT_03867,INDIVIDUAL,0,VERIFIED,65.0,metro
ENT_03868,INDIVIDUAL,1900000,VERIFIED,24.0,tier2
ENT_03869,INDIVIDUAL,2800000,VERIFIED,35.0,metro
ENT_03870,INDIVIDUAL,500000,VERIFIED,45.0,metro
ENT_03871,INDIVIDUAL,7100000,VERIFIED,39.0,tier2
ENT_03872,INDIVIDUAL,0,VERIFIED,63.0,rural
ENT_03873,BUSINESS,37200000,VERIFIED,,rural
ENT_03874,INDIVIDUAL,9700000,VERIFIED,36.0,metro
ENT_03875,BUSINESS,89800000,VERIFIED,,tier2
ENT_03876,INDIVIDUAL,2600000,VERIFIED,41.0,metro
ENT_03877,INDIVIDUAL,1600000,VERIFIED,22.0,tier2
ENT_03878,INDIVIDUAL,5300000,VERIFIED,44.0,metro
ENT_03879,INDIVIDUAL,500000,VERIFIED,35.0,rural
ENT_03880,INDIVIDUAL,500000,VERIFIED,53.0,tier2
ENT_03881,BUSINESS,10500000,VERIFIED,,metro
ENT_03882,INDIVIDUAL,7600000,VERIFIED,29.0,metro
ENT_03883,INDIVIDUAL,400000,VERIFIED,26.0,rural
ENT_03884,INDIVIDUAL,65500000,VERIFIED,41.0,metro
ENT_03885,INDIVIDUAL,8100000,VERIFIED,59.0,tier2
ENT_03886,BUSINESS,10100000,VERIFIED,,tier2
ENT_03887,BUSINESS,9400000,VERIFIED,,metro
ENT_03888,INDIVIDUAL,0,VERIFIED,20.0,tier2
ENT_03889,INDIVIDUAL,6600000,VERIFIED,21.0,rural
ENT_03890,INDIVIDUAL,0,VERIFIED,47.0,metro
ENT_03891,INDIVIDUAL,300000,VERIFIED,18.0,rural
ENT_03892,INDIVIDUAL,9300000,VERIFIED,23.0,rural
ENT_03893,INDIVIDUAL,1400000,VERIFIED,38.0,tier2
ENT_03894,INDIVIDUAL,8200000,VERIFIED,51.0,metro
ENT_03895,INDIVIDUAL,6200000,VERIFIED,40.0,metro
ENT_03896,INDIVIDUAL,88400000,VERIFIED,25.0,metro
ENT_03897,INDIVIDUAL,91200000,VERIFIED,64.0,tier2
ENT_03898,INDIVIDUAL,1500000,VERIFIED,37.0,rural
ENT_03899,INDIVIDUAL,84200000,VERIFIED,22.0,metro
ENT_03900,INDIVIDUAL,1500000,VERIFIED,53.0,tier2
ENT_03901,INDIVIDUAL,1800000,VERIFIED,47.0,rural
ENT_03902,INDIVIDUAL,5600000,VERIFIED,46.0,metro
ENT_03903,INDIVIDUAL,5300000,VERIFIED,27.0,metro
ENT_03904,INDIVIDUAL,7900000,VERIFIED,45.0,metro
ENT_03905,INDIVIDUAL,1100000,VERIFIED,32.0,rural
ENT_03906,TRUST,8000000,VERIFIED,,metro
ENT_03907,INDIVIDUAL,5800000,VERIFIED,58.0,rural
ENT_03908,INDIVIDUAL,65300000,VERIFIED,21.0,metro
ENT_03909,INDIVIDUAL,4500000,VERIFIED,63.0,metro
ENT_03910,INDIVIDUAL,5500000,VERIFIED,23.0,metro
ENT_03911,INDIVIDUAL,500000,VERIFIED,64.0,rural
ENT_03912,INDIVIDUAL,5200000,VERIFIED,38.0,metro
ENT_03913,INDIVIDUAL,1300000,VERIFIED,60.0,rural
ENT_03914,INDIVIDUAL,400000,VERIFIED,24.0,metro
ENT_03915,INDIVIDUAL,1200000,VERIFIED,61.0,metro
ENT_03916,INDIVIDUAL,1000000,VERIFIED,61.0,metro
ENT_03917,INDIVIDUAL,1300000,VERIFIED,19.0,metro
ENT_03918,INDIVIDUAL,42200000,VERIFIED,35.0,tier2
ENT_03919,INDIVIDUAL,300000,VERIFIED,23.0,tier2
ENT_03920,INDIVIDUAL,90300000,VERIFIED,54.0,metro
ENT_03921,TRUST,87700000,VERIFIED,,rural
ENT_03922,BUSINESS,5300000,VERIFIED,,metro
ENT_03923,INDIVIDUAL,800000,VERIFIED,59.0,tier2
ENT_03924,INDIVIDUAL,1200000,VERIFIED,39.0,metro
ENT_03925,INDIVIDUAL,60400000,VERIFIED,24.0,tier2
ENT_03926,INDIVIDUAL,6900000,VERIFIED,56.0,tier2
ENT_03927,BUSINESS,75900000,VERIFIED,,metro
ENT_03928,INDIVIDUAL,1800000,VERIFIED,21.0,metro
ENT_03929,INDIVIDUAL,73600000,VERIFIED,31.0,rural
ENT_03930,INDIVIDUAL,0,VERIFIED,62.0,rural
ENT_03931,INDIVIDUAL,500000,VERIFIED,20.0,rural
ENT_03932,INDIVIDUAL,9900000,VERIFIED,36.0,metro
ENT_03933,INDIVIDUAL,2200000,VERIFIED,32.0,rural
ENT_03934,INDIVIDUAL,3200000,VERIFIED,52.0,metro
ENT_03935,INDIVIDUAL,800000,VERIFIED,61.0,tier2
ENT_03936,INDIVIDUAL,400000,VERIFIED,20.0,metro
ENT_03937,TRUST,9200000,VERIFIED,,metro
ENT_03938,INDIVIDUAL,94400000,VERIFIED,53.0,metro
ENT_03939,INDIVIDUAL,7100000,VERIFIED,34.0,metro
ENT_03940,INDIVIDUAL,1000000,VERIFIED,50.0,metro
ENT_03941,INDIVIDUAL,3700000,VERIFIED,60.0,metro
ENT_03942,BUSINESS,98200000,VERIFIED,,metro
ENT_03943,INDIVIDUAL,900000,VERIFIED,28.0,metro
ENT_03944,INDIVIDUAL,800000,VERIFIED,18.0,metro
ENT_03945,INDIVIDUAL,700000,VERIFIED,26.0,rural
ENT_03946,INDIVIDUAL,1100000,VERIFIED,34.0,metro
ENT_03947,INDIVIDUAL,1200000,VERIFIED,62.0,tier2
ENT_03948,INDIVIDUAL,800000,VERIFIED,24.0,metro
ENT_03949,INDIVIDUAL,0,VERIFIED,20.0,tier2
ENT_03950,BUSINESS,5500000,VERIFIED,,metro
ENT_03951,INDIVIDUAL,66900000,VERIFIED,44.0,tier2
ENT_03952,INDIVIDUAL,400000,VERIFIED,23.0,metro
ENT_03953,INDIVIDUAL,8800000,VERIFIED,18.0,metro
ENT_03954,INDIVIDUAL,56700000,VERIFIED,39.0,tier2
ENT_03955,TRUST,43100000,VERIFIED,,rural
ENT_03956,BUSINESS,41900000,VERIFIED,,metro
ENT_03957,INDIVIDUAL,34600000,VERIFIED,44.0,tier2
ENT_03958,BUSINESS,6800000,VERIFIED,,metro
ENT_03959,INDIVIDUAL,0,VERIFIED,47.0,rural
ENT_03960,BUSINESS,1000000,VERIFIED,,rural
ENT_03961,INDIVIDUAL,3000000,VERIFIED,32.0,tier2
ENT_03962,INDIVIDUAL,900000,VERIFIED,62.0,rural
ENT_03963,INDIVIDUAL,9400000,VERIFIED,28.0,metro
ENT_03964,BUSINESS,7600000,VERIFIED,,tier2
ENT_03965,INDIVIDUAL,0,VERIFIED,41.0,tier2
ENT_03966,INDIVIDUAL,7400000,VERIFIED,45.0,metro
ENT_03967,INDIVIDUAL,2000000,VERIFIED,64.0,tier2
ENT_03968,INDIVIDUAL,9800000,VERIFIED,48.0,metro
ENT_03969,INDIVIDUAL,1100000,VERIFIED,20.0,tier2
ENT_03970,INDIVIDUAL,4000000,VERIFIED,48.0,tier2
ENT_03971,BUSINESS,1800000,VERIFIED,,tier2
ENT_03972,INDIVIDUAL,62000000,VERIFIED,55.0,metro
ENT_03973,INDIVIDUAL,5200000,VERIFIED,37.0,rural
ENT_03974,INDIVIDUAL,24100000,VERIFIED,28.0,tier2
ENT_03975,INDIVIDUAL,0,VERIFIED,29.0,tier2
ENT_03976,INDIVIDUAL,9000000,VERIFIED,32.0,metro
ENT_03977,BUSINESS,4500000,VERIFIED,,metro
ENT_03978,TRUST,7700000,VERIFIED,,tier2
ENT_03979,INDIVIDUAL,46800000,VERIFIED,54.0,tier2
ENT_03980,INDIVIDUAL,0,VERIFIED,26.0,tier2
ENT_03981,INDIVIDUAL,1300000,VERIFIED,31.0,rural
ENT_03982,INDIVIDUAL,2900000,VERIFIED,32.0,rural
ENT_03983,INDIVIDUAL,800000,VERIFIED,26.0,tier2
ENT_03984,INDIVIDUAL,600000,VERIFIED,20.0,rural
ENT_03985,INDIVIDUAL,6300000,VERIFIED,39.0,rural
ENT_03986,INDIVIDUAL,300000,VERIFIED,61.0,rural
ENT_03987,INDIVIDUAL,8600000,VERIFIED,32.0,rural
ENT_03988,INDIVIDUAL,900000,VERIFIED,55.0,metro
ENT_03989,INDIVIDUAL,400000,VERIFIED,61.0,metro
ENT_03990,INDIVIDUAL,6300000,VERIFIED,61.0,rural
ENT_03991,INDIVIDUAL,7000000,VERIFIED,37.0,metro
ENT_03992,INDIVIDUAL,3000000,VERIFIED,55.0,tier2
ENT_03993,INDIVIDUAL,1500000,VERIFIED,19.0,metro
ENT_03994,BUSINESS,16800000,VERIFIED,,tier2
ENT_03995,INDIVIDUAL,400000,VERIFIED,30.0,rural
ENT_03996,INDIVIDUAL,0,VERIFIED,21.0,metro
ENT_03997,INDIVIDUAL,900000,VERIFIED,43.0,metro
ENT_03998,INDIVIDUAL,5900000,VERIFIED,32.0,tier2
ENT_03999,BUSINESS,47000000,VERIFIED,,metro
ENT_04000,INDIVIDUAL,1500000,VERIFIED,34.0,metro
ENT_04001,INDIVIDUAL,50000000,VERIFIED,30.0,tier2
ENT_04002,INDIVIDUAL,600000,VERIFIED,54.0,metro
ENT_04003,INDIVIDUAL,5800000,VERIFIED,28.0,metro
ENT_04004,INDIVIDUAL,500000,VERIFIED,45.0,rural
ENT_04005,INDIVIDUAL,500000,VERIFIED,34.0,metro
ENT_04006,INDIVIDUAL,1400000,VERIFIED,39.0,rural
ENT_04007,INDIVIDUAL,1300000,VERIFIED,27.0,metro
ENT_04008,INDIVIDUAL,1500000,VERIFIED,52.0,tier2
ENT_04009,BUSINESS,8900000,VERIFIED,,rural
ENT_04010,INDIVIDUAL,700000,VERIFIED,63.0,metro
ENT_04011,INDIVIDUAL,4300000,VERIFIED,32.0,metro
ENT_04012,INDIVIDUAL,500000,VERIFIED,64.0,rural
ENT_04013,TRUST,5600000,VERIFIED,,tier2
ENT_04014,INDIVIDUAL,600000,VERIFIED,34.0,rural
ENT_04015,BUSINESS,1900000,VERIFIED,,metro
ENT_04016,BUSINESS,51500000,VERIFIED,,metro
ENT_04017,TRUST,89700000,VERIFIED,,tier2
ENT_04018,BUSINESS,61100000,VERIFIED,,metro
ENT_04019,INDIVIDUAL,4400000,VERIFIED,64.0,tier2
ENT_04020,BUSINESS,5600000,VERIFIED,,rural
ENT_04021,INDIVIDUAL,4400000,VERIFIED,43.0,metro
ENT_04022,INDIVIDUAL,5800000,VERIFIED,22.0,metro
ENT_04023,BUSINESS,5300000,VERIFIED,,metro
ENT_04024,INDIVIDUAL,1100000,VERIFIED,54.0,metro
ENT_04025,BUSINESS,62000000,VERIFIED,,metro
ENT_04026,INDIVIDUAL,8600000,VERIFIED,27.0,metro
ENT_04027,BUSINESS,40900000,VERIFIED,,rural
ENT_04028,INDIVIDUAL,4000000,VERIFIED,18.0,metro
ENT_04029,TRUST,89500000,VERIFIED,,tier2
ENT_04030,TRUST,22500000,VERIFIED,,rural
ENT_04031,INDIVIDUAL,37100000,VERIFIED,59.0,tier2
ENT_04032,INDIVIDUAL,3000000,VERIFIED,44.0,rural
ENT_04033,INDIVIDUAL,700000,VERIFIED,31.0,tier2
ENT_04034,INDIVIDUAL,3800000,VERIFIED,60.0,tier2
ENT_04035,INDIVIDUAL,79700000,VERIFIED,19.0,metro
ENT_04036,INDIVIDUAL,7300000,VERIFIED,51.0,rural
ENT_04037,BUSINESS,2000000,VERIFIED,,metro
ENT_04038,INDIVIDUAL,0,VERIFIED,53.0,metro
ENT_04039,INDIVIDUAL,1300000,VERIFIED,35.0,tier2
ENT_04040,INDIVIDUAL,7400000,VERIFIED,47.0,metro
ENT_04041,BUSINESS,14900000,VERIFIED,,metro
ENT_04042,INDIVIDUAL,99000000,VERIFIED,59.0,rural
ENT_04043,INDIVIDUAL,6200000,VERIFIED,39.0,rural
ENT_04044,BUSINESS,57300000,VERIFIED,,metro
ENT_04045,INDIVIDUAL,800000,VERIFIED,44.0,metro
ENT_04046,INDIVIDUAL,300000,VERIFIED,59.0,rural
ENT_04047,BUSINESS,93400000,VERIFIED,,metro
ENT_04048,INDIVIDUAL,1300000,VERIFIED,41.0,metro
ENT_04049,INDIVIDUAL,13700000,VERIFIED,19.0,rural
ENT_04050,INDIVIDUAL,2600000,VERIFIED,22.0,metro
ENT_04051,INDIVIDUAL,3400000,VERIFIED,25.0,metro
ENT_04052,INDIVIDUAL,1200000,VERIFIED,62.0,tier2
ENT_04053,INDIVIDUAL,900000,VERIFIED,51.0,rural
ENT_04054,INDIVIDUAL,500000,VERIFIED,20.0,metro
ENT_04055,INDIVIDUAL,5400000,VERIFIED,63.0,metro
ENT_04056,INDIVIDUAL,1400000,VERIFIED,19.0,tier2
ENT_04057,INDIVIDUAL,7200000,VERIFIED,33.0,metro
ENT_04058,INDIVIDUAL,46000000,VERIFIED,60.0,tier2
ENT_04059,BUSINESS,9100000,VERIFIED,,tier2
ENT_04060,BUSINESS,7600000,VERIFIED,,tier2
ENT_04061,INDIVIDUAL,1000000,VERIFIED,62.0,tier2
ENT_04062,BUSINESS,33000000,VERIFIED,,metro
ENT_04063,INDIVIDUAL,0,VERIFIED,40.0,rural
ENT_04064,INDIVIDUAL,0,VERIFIED,21.0,tier2
ENT_04065,INDIVIDUAL,5900000,VERIFIED,56.0,metro
ENT_04066,TRUST,3500000,VERIFIED,,metro
ENT_04067,INDIVIDUAL,500000,VERIFIED,43.0,metro
ENT_04068,INDIVIDUAL,66600000,VERIFIED,32.0,rural
ENT_04069,INDIVIDUAL,3300000,VERIFIED,63.0,metro
ENT_04070,BUSINESS,82400000,VERIFIED,,tier2
ENT_04071,INDIVIDUAL,900000,VERIFIED,48.0,metro
ENT_04072,INDIVIDUAL,500000,VERIFIED,31.0,rural
ENT_04073,TRUST,2800000,VERIFIED,,rural
ENT_04074,BUSINESS,8700000,VERIFIED,,metro
ENT_04075,TRUST,9500000,VERIFIED,,rural
ENT_04076,INDIVIDUAL,1400000,VERIFIED,40.0,metro
ENT_04077,INDIVIDUAL,8900000,VERIFIED,39.0,metro
ENT_04078,INDIVIDUAL,34800000,VERIFIED,58.0,tier2
ENT_04079,INDIVIDUAL,1800000,VERIFIED,59.0,metro
ENT_04080,INDIVIDUAL,1500000,VERIFIED,49.0,metro
ENT_04081,BUSINESS,33400000,VERIFIED,,rural
ENT_04082,BUSINESS,25200000,VERIFIED,,metro
ENT_04083,INDIVIDUAL,900000,VERIFIED,29.0,metro
ENT_04084,INDIVIDUAL,9400000,VERIFIED,43.0,metro
ENT_04085,BUSINESS,49500000,VERIFIED,,metro
ENT_04086,INDIVIDUAL,1500000,VERIFIED,41.0,metro
ENT_04087,INDIVIDUAL,9000000,VERIFIED,60.0,metro
ENT_04088,INDIVIDUAL,37400000,VERIFIED,22.0,metro
ENT_04089,INDIVIDUAL,5200000,VERIFIED,45.0,metro
ENT_04090,INDIVIDUAL,8300000,VERIFIED,64.0,metro
ENT_04091,TRUST,66000000,VERIFIED,,metro
ENT_04092,BUSINESS,2700000,VERIFIED,,metro
ENT_04093,INDIVIDUAL,78200000,VERIFIED,18.0,metro
ENT_04094,BUSINESS,9400000,VERIFIED,,metro
ENT_04095,INDIVIDUAL,68500000,VERIFIED,33.0,tier2
ENT_04096,INDIVIDUAL,51300000,VERIFIED,47.0,tier2
ENT_04097,INDIVIDUAL,1200000,VERIFIED,51.0,metro
ENT_04098,INDIVIDUAL,1000000,VERIFIED,32.0,metro
ENT_04099,INDIVIDUAL,2600000,VERIFIED,46.0,tier2
ENT_04100,INDIVIDUAL,0,VERIFIED,39.0,tier2
ENT_04101,TRUST,76400000,VERIFIED,,tier2
ENT_04102,INDIVIDUAL,3600000,VERIFIED,58.0,tier2
ENT_04103,BUSINESS,30700000,VERIFIED,,metro
ENT_04104,INDIVIDUAL,5200000,VERIFIED,37.0,metro
ENT_04105,TRUST,28600000,VERIFIED,,metro
ENT_04106,INDIVIDUAL,1200000,VERIFIED,22.0,metro
ENT_04107,INDIVIDUAL,1500000,VERIFIED,42.0,metro
ENT_04108,INDIVIDUAL,4600000,VERIFIED,48.0,metro
ENT_04109,INDIVIDUAL,1100000,VERIFIED,47.0,metro
ENT_04110,INDIVIDUAL,6500000,VERIFIED,49.0,metro
ENT_04111,INDIVIDUAL,4900000,VERIFIED,23.0,metro
ENT_04112,INDIVIDUAL,6400000,VERIFIED,62.0,rural
ENT_04113,INDIVIDUAL,300000,VERIFIED,44.0,metro
ENT_04114,INDIVIDUAL,600000,VERIFIED,20.0,tier2
ENT_04115,INDIVIDUAL,900000,VERIFIED,57.0,metro
ENT_04116,INDIVIDUAL,0,VERIFIED,58.0,tier2
ENT_04117,INDIVIDUAL,5800000,VERIFIED,32.0,metro
ENT_04118,INDIVIDUAL,1000000,VERIFIED,64.0,metro
ENT_04119,INDIVIDUAL,1100000,VERIFIED,28.0,metro
ENT_04120,INDIVIDUAL,600000,VERIFIED,23.0,rural
ENT_04121,INDIVIDUAL,73500000,VERIFIED,53.0,rural
ENT_04122,INDIVIDUAL,5400000,VERIFIED,36.0,metro
ENT_04123,INDIVIDUAL,800000,VERIFIED,34.0,rural
ENT_04124,BUSINESS,4900000,VERIFIED,,tier2
ENT_04125,INDIVIDUAL,4900000,VERIFIED,57.0,metro
ENT_04126,INDIVIDUAL,4100000,VERIFIED,56.0,metro
ENT_04127,INDIVIDUAL,4500000,VERIFIED,55.0,metro
ENT_04128,INDIVIDUAL,6200000,VERIFIED,34.0,metro
ENT_04129,INDIVIDUAL,9900000,VERIFIED,53.0,metro
ENT_04130,INDIVIDUAL,7400000,VERIFIED,44.0,metro
ENT_04131,INDIVIDUAL,3700000,VERIFIED,54.0,tier2
ENT_04132,INDIVIDUAL,7600000,VERIFIED,55.0,rural
ENT_04133,INDIVIDUAL,400000,VERIFIED,18.0,rural
ENT_04134,INDIVIDUAL,300000,VERIFIED,62.0,metro
ENT_04135,BUSINESS,43400000,VERIFIED,,metro
ENT_04136,BUSINESS,74500000,VERIFIED,,tier2
ENT_04137,INDIVIDUAL,1500000,VERIFIED,55.0,metro
ENT_04138,INDIVIDUAL,0,VERIFIED,18.0,metro
ENT_04139,INDIVIDUAL,700000,VERIFIED,42.0,rural
ENT_04140,INDIVIDUAL,8200000,VERIFIED,21.0,rural
ENT_04141,INDIVIDUAL,5500000,VERIFIED,24.0,metro
ENT_04142,INDIVIDUAL,6900000,VERIFIED,39.0,rural
ENT_04143,BUSINESS,29400000,VERIFIED,,metro
ENT_04144,INDIVIDUAL,7000000,VERIFIED,18.0,tier2
ENT_04145,INDIVIDUAL,8300000,VERIFIED,57.0,metro
ENT_04146,INDIVIDUAL,8000000,VERIFIED,37.0,metro
ENT_04147,INDIVIDUAL,600000,VERIFIED,23.0,metro
ENT_04148,BUSINESS,3600000,VERIFIED,,metro
ENT_04149,INDIVIDUAL,3000000,VERIFIED,60.0,tier2
ENT_04150,INDIVIDUAL,700000,VERIFIED,47.0,metro
ENT_04151,INDIVIDUAL,400000,VERIFIED,19.0,metro
ENT_04152,INDIVIDUAL,6300000,VERIFIED,50.0,tier2
ENT_04153,INDIVIDUAL,7900000,VERIFIED,19.0,metro
ENT_04154,INDIVIDUAL,76600000,VERIFIED,38.0,tier2
ENT_04155,BUSINESS,49000000,VERIFIED,,tier2
ENT_04156,TRUST,9200000,VERIFIED,,tier2
ENT_04157,INDIVIDUAL,1800000,VERIFIED,47.0,metro
ENT_04158,TRUST,15900000,VERIFIED,,metro
ENT_04159,INDIVIDUAL,5600000,VERIFIED,21.0,metro
ENT_04160,BUSINESS,53200000,VERIFIED,,metro
ENT_04161,INDIVIDUAL,3000000,VERIFIED,30.0,metro
ENT_04162,INDIVIDUAL,1500000,VERIFIED,32.0,metro
ENT_04163,INDIVIDUAL,1200000,VERIFIED,24.0,metro
ENT_04164,BUSINESS,3500000,VERIFIED,,metro
ENT_04165,INDIVIDUAL,0,VERIFIED,62.0,metro
ENT_04166,BUSINESS,93500000,VERIFIED,,metro
ENT_04167,BUSINESS,72400000,VERIFIED,,tier2
ENT_04168,INDIVIDUAL,1400000,VERIFIED,21.0,metro
ENT_04169,INDIVIDUAL,400000,VERIFIED,29.0,rural
ENT_04170,INDIVIDUAL,4300000,VERIFIED,49.0,metro
ENT_04171,INDIVIDUAL,1500000,VERIFIED,26.0,metro
ENT_04172,INDIVIDUAL,1500000,VERIFIED,55.0,rural
ENT_04173,INDIVIDUAL,11600000,VERIFIED,23.0,metro
ENT_04174,INDIVIDUAL,1500000,VERIFIED,26.0,metro
ENT_04175,BUSINESS,95100000,VERIFIED,,metro
ENT_04176,BUSINESS,7000000,VERIFIED,,tier2
ENT_04177,INDIVIDUAL,700000,VERIFIED,44.0,metro
ENT_04178,INDIVIDUAL,3300000,VERIFIED,34.0,metro
ENT_04179,INDIVIDUAL,7800000,VERIFIED,46.0,metro
ENT_04180,INDIVIDUAL,5300000,VERIFIED,50.0,rural
ENT_04181,INDIVIDUAL,1200000,VERIFIED,20.0,rural
ENT_04182,INDIVIDUAL,5900000,VERIFIED,43.0,tier2
ENT_04183,INDIVIDUAL,1100000,VERIFIED,64.0,tier2
ENT_04184,BUSINESS,6700000,VERIFIED,,tier2
ENT_04185,BUSINESS,2600000,VERIFIED,,metro
ENT_04186,TRUST,62500000,VERIFIED,,metro
ENT_04187,INDIVIDUAL,66600000,VERIFIED,44.0,rural
ENT_04188,INDIVIDUAL,0,VERIFIED,22.0,metro
ENT_04189,INDIVIDUAL,4700000,VERIFIED,62.0,metro
ENT_04190,INDIVIDUAL,500000,VERIFIED,40.0,metro
ENT_04191,TRUST,28200000,VERIFIED,,tier2
ENT_04192,INDIVIDUAL,2400000,VERIFIED,49.0,metro
ENT_04193,INDIVIDUAL,49700000,VERIFIED,65.0,metro
ENT_04194,INDIVIDUAL,500000,VERIFIED,19.0,metro
ENT_04195,INDIVIDUAL,900000,VERIFIED,29.0,metro
ENT_04196,INDIVIDUAL,8500000,VERIFIED,59.0,metro
ENT_04197,TRUST,9800000,VERIFIED,,tier2
ENT_04198,INDIVIDUAL,40100000,VERIFIED,37.0,metro
ENT_04199,BUSINESS,62000000,VERIFIED,,tier2
ENT_04200,BUSINESS,12100000,VERIFIED,,rural
ENT_04201,INDIVIDUAL,1300000,VERIFIED,42.0,tier2
ENT_04202,INDIVIDUAL,0,VERIFIED,38.0,metro
ENT_04203,INDIVIDUAL,1200000,VERIFIED,62.0,rural
ENT_04204,INDIVIDUAL,3600000,VERIFIED,28.0,rural
ENT_04205,INDIVIDUAL,600000,VERIFIED,35.0,metro
ENT_04206,BUSINESS,3000000,VERIFIED,,rural
ENT_04207,INDIVIDUAL,0,VERIFIED,23.0,rural
ENT_04208,INDIVIDUAL,0,VERIFIED,56.0,metro
ENT_04209,INDIVIDUAL,3000000,VERIFIED,27.0,tier2
ENT_04210,INDIVIDUAL,1500000,VERIFIED,44.0,metro
ENT_04211,INDIVIDUAL,1500000,VERIFIED,60.0,tier2
ENT_04212,INDIVIDUAL,1000000,VERIFIED,60.0,tier2
ENT_04213,INDIVIDUAL,1200000,VERIFIED,64.0,metro
ENT_04214,INDIVIDUAL,900000,VERIFIED,42.0,metro
ENT_04215,INDIVIDUAL,1300000,VERIFIED,59.0,tier2
ENT_04216,INDIVIDUAL,1400000,VERIFIED,24.0,metro
ENT_04217,INDIVIDUAL,1500000,VERIFIED,35.0,tier2
ENT_04218,BUSINESS,1800000,VERIFIED,,rural
ENT_04219,INDIVIDUAL,2200000,VERIFIED,29.0,tier2
ENT_04220,INDIVIDUAL,1300000,VERIFIED,25.0,tier2
ENT_04221,INDIVIDUAL,7900000,VERIFIED,44.0,tier2
ENT_04222,TRUST,2300000,VERIFIED,,tier2
ENT_04223,INDIVIDUAL,1100000,VERIFIED,52.0,metro
ENT_04224,INDIVIDUAL,500000,VERIFIED,61.0,metro
ENT_04225,INDIVIDUAL,1100000,VERIFIED,49.0,metro
ENT_04226,INDIVIDUAL,800000,VERIFIED,51.0,metro
ENT_04227,INDIVIDUAL,900000,VERIFIED,36.0,rural
ENT_04228,INDIVIDUAL,1400000,VERIFIED,25.0,tier2
ENT_04229,INDIVIDUAL,1300000,VERIFIED,29.0,metro
ENT_04230,INDIVIDUAL,92800000,VERIFIED,27.0,metro
ENT_04231,INDIVIDUAL,0,VERIFIED,62.0,metro
ENT_04232,INDIVIDUAL,7800000,VERIFIED,31.0,tier2
ENT_04233,INDIVIDUAL,7500000,VERIFIED,54.0,tier2
ENT_04234,INDIVIDUAL,1000000,VERIFIED,57.0,metro
ENT_04235,BUSINESS,68900000,VERIFIED,,tier2
ENT_04236,INDIVIDUAL,1400000,VERIFIED,30.0,metro
ENT_04237,INDIVIDUAL,0,VERIFIED,45.0,metro
ENT_04238,INDIVIDUAL,3100000,VERIFIED,63.0,metro
ENT_04239,INDIVIDUAL,86500000,VERIFIED,28.0,tier2
ENT_04240,INDIVIDUAL,400000,VERIFIED,18.0,metro
ENT_04241,INDIVIDUAL,4400000,VERIFIED,33.0,rural
ENT_04242,BUSINESS,5500000,VERIFIED,,tier2
ENT_04243,INDIVIDUAL,1500000,VERIFIED,57.0,metro
ENT_04244,INDIVIDUAL,1700000,VERIFIED,21.0,metro
ENT_04245,INDIVIDUAL,1000000,VERIFIED,45.0,rural
ENT_04246,BUSINESS,7400000,VERIFIED,,tier2
ENT_04247,INDIVIDUAL,3600000,VERIFIED,31.0,rural
ENT_04248,INDIVIDUAL,7400000,VERIFIED,39.0,tier2
ENT_04249,BUSINESS,28100000,VERIFIED,,metro
ENT_04250,INDIVIDUAL,700000,VERIFIED,24.0,metro
ENT_04251,INDIVIDUAL,1100000,VERIFIED,28.0,metro
ENT_04252,INDIVIDUAL,2200000,VERIFIED,61.0,tier2
ENT_04253,INDIVIDUAL,45700000,VERIFIED,29.0,metro
ENT_04254,INDIVIDUAL,7700000,VERIFIED,48.0,metro
ENT_04255,BUSINESS,6100000,VERIFIED,,rural
ENT_04256,INDIVIDUAL,1300000,VERIFIED,20.0,metro
ENT_04257,INDIVIDUAL,1200000,VERIFIED,28.0,metro
ENT_04258,BUSINESS,9300000,VERIFIED,,rural
ENT_04259,INDIVIDUAL,0,VERIFIED,26.0,metro
ENT_04260,INDIVIDUAL,1000000,VERIFIED,50.0,tier2
ENT_04261,INDIVIDUAL,8400000,VERIFIED,52.0,tier2
ENT_04262,INDIVIDUAL,1300000,VERIFIED,49.0,metro
ENT_04263,INDIVIDUAL,94100000,VERIFIED,64.0,metro
ENT_04264,INDIVIDUAL,900000,VERIFIED,52.0,metro
ENT_04265,INDIVIDUAL,8300000,VERIFIED,24.0,metro
ENT_04266,INDIVIDUAL,1100000,VERIFIED,55.0,tier2
ENT_04267,TRUST,8700000,VERIFIED,,metro
ENT_04268,INDIVIDUAL,6600000,VERIFIED,65.0,metro
ENT_04269,INDIVIDUAL,1200000,VERIFIED,46.0,metro
ENT_04270,INDIVIDUAL,6200000,VERIFIED,45.0,tier2
ENT_04271,TRUST,68700000,VERIFIED,,tier2
ENT_04272,INDIVIDUAL,8000000,VERIFIED,56.0,metro
ENT_04273,INDIVIDUAL,1100000,VERIFIED,40.0,tier2
ENT_04274,BUSINESS,17700000,VERIFIED,,rural
ENT_04275,INDIVIDUAL,7400000,VERIFIED,37.0,metro
ENT_04276,INDIVIDUAL,1000000,VERIFIED,51.0,rural
ENT_04277,INDIVIDUAL,1200000,VERIFIED,52.0,rural
ENT_04278,INDIVIDUAL,1500000,VERIFIED,55.0,tier2
ENT_04279,INDIVIDUAL,1500000,VERIFIED,56.0,metro
ENT_04280,INDIVIDUAL,1100000,VERIFIED,38.0,rural
ENT_04281,INDIVIDUAL,1400000,VERIFIED,28.0,metro
ENT_04282,TRUST,39600000,VERIFIED,,tier2
ENT_04283,BUSINESS,4400000,VERIFIED,,tier2
ENT_04284,INDIVIDUAL,3800000,VERIFIED,18.0,tier2
ENT_04285,INDIVIDUAL,9500000,VERIFIED,20.0,metro
ENT_04286,INDIVIDUAL,8000000,VERIFIED,33.0,tier2
ENT_04287,INDIVIDUAL,1400000,VERIFIED,24.0,tier2
ENT_04288,INDIVIDUAL,1100000,VERIFIED,27.0,rural
ENT_04289,INDIVIDUAL,300000,VERIFIED,21.0,metro
ENT_04290,INDIVIDUAL,900000,VERIFIED,61.0,metro
ENT_04291,INDIVIDUAL,8600000,VERIFIED,40.0,tier2
ENT_04292,INDIVIDUAL,46600000,VERIFIED,42.0,metro
ENT_04293,INDIVIDUAL,3400000,VERIFIED,46.0,rural
ENT_04294,INDIVIDUAL,4700000,VERIFIED,45.0,metro
ENT_04295,INDIVIDUAL,1200000,VERIFIED,59.0,metro
ENT_04296,INDIVIDUAL,1300000,VERIFIED,20.0,metro
ENT_04297,INDIVIDUAL,800000,VERIFIED,62.0,metro
ENT_04298,INDIVIDUAL,41000000,VERIFIED,34.0,metro
ENT_04299,INDIVIDUAL,0,VERIFIED,48.0,metro
ENT_04300,INDIVIDUAL,900000,VERIFIED,41.0,metro
ENT_04301,BUSINESS,2400000,VERIFIED,,metro
ENT_04302,INDIVIDUAL,7100000,VERIFIED,26.0,metro
ENT_04303,INDIVIDUAL,500000,VERIFIED,25.0,tier2
ENT_04304,INDIVIDUAL,1300000,VERIFIED,59.0,tier2
ENT_04305,INDIVIDUAL,0,VERIFIED,49.0,metro
ENT_04306,BUSINESS,80100000,VERIFIED,,tier2
ENT_04307,INDIVIDUAL,900000,VERIFIED,38.0,metro
ENT_04308,BUSINESS,5000000,VERIFIED,,metro
ENT_04309,BUSINESS,44100000,VERIFIED,,tier2
ENT_04310,INDIVIDUAL,1200000,VERIFIED,21.0,metro
ENT_04311,INDIVIDUAL,500000,VERIFIED,23.0,rural
ENT_04312,INDIVIDUAL,7000000,VERIFIED,33.0,rural
ENT_04313,INDIVIDUAL,6900000,VERIFIED,49.0,metro
ENT_04314,INDIVIDUAL,7900000,VERIFIED,64.0,metro
ENT_04315,INDIVIDUAL,1300000,VERIFIED,38.0,tier2
ENT_04316,INDIVIDUAL,4900000,VERIFIED,28.0,tier2
ENT_04317,INDIVIDUAL,5000000,VERIFIED,24.0,metro
ENT_04318,TRUST,72900000,VERIFIED,,metro
ENT_04319,INDIVIDUAL,300000,VERIFIED,51.0,rural
ENT_04320,INDIVIDUAL,400000,VERIFIED,34.0,metro
ENT_04321,INDIVIDUAL,1500000,VERIFIED,41.0,tier2
ENT_04322,INDIVIDUAL,1000000,VERIFIED,51.0,tier2
ENT_04323,BUSINESS,22100000,VERIFIED,,metro
ENT_04324,INDIVIDUAL,8300000,VERIFIED,47.0,metro
ENT_04325,INDIVIDUAL,30800000,VERIFIED,20.0,metro
ENT_04326,INDIVIDUAL,3800000,VERIFIED,30.0,metro
ENT_04327,INDIVIDUAL,0,VERIFIED,22.0,tier2
ENT_04328,INDIVIDUAL,8600000,VERIFIED,29.0,metro
ENT_04329,INDIVIDUAL,1100000,VERIFIED,29.0,rural
ENT_04330,INDIVIDUAL,500000,VERIFIED,48.0,tier2
ENT_04331,INDIVIDUAL,1100000,VERIFIED,45.0,metro
ENT_04332,INDIVIDUAL,400000,VERIFIED,46.0,tier2
ENT_04333,INDIVIDUAL,3700000,VERIFIED,38.0,tier2
ENT_04334,INDIVIDUAL,7500000,VERIFIED,21.0,metro
ENT_04335,INDIVIDUAL,900000,VERIFIED,61.0,metro
ENT_04336,INDIVIDUAL,7300000,VERIFIED,23.0,tier2
ENT_04337,INDIVIDUAL,500000,VERIFIED,55.0,rural
ENT_04338,INDIVIDUAL,0,VERIFIED,37.0,metro
ENT_04339,BUSINESS,48500000,VERIFIED,,tier2
ENT_04340,INDIVIDUAL,44900000,VERIFIED,21.0,tier2
ENT_04341,INDIVIDUAL,9800000,VERIFIED,20.0,metro
ENT_04342,INDIVIDUAL,7100000,VERIFIED,32.0,tier2
ENT_04343,INDIVIDUAL,1300000,VERIFIED,63.0,metro
ENT_04344,INDIVIDUAL,0,VERIFIED,56.0,metro
ENT_04345,INDIVIDUAL,27400000,VERIFIED,59.0,metro
ENT_04346,INDIVIDUAL,89500000,VERIFIED,51.0,metro
ENT_04347,INDIVIDUAL,78600000,VERIFIED,57.0,tier2
ENT_04348,INDIVIDUAL,1100000,VERIFIED,41.0,rural
ENT_04349,BUSINESS,87200000,VERIFIED,,tier2
ENT_04350,BUSINESS,3200000,VERIFIED,,metro
ENT_04351,INDIVIDUAL,7800000,VERIFIED,56.0,tier2
ENT_04352,INDIVIDUAL,1900000,VERIFIED,26.0,metro
ENT_04353,INDIVIDUAL,6700000,VERIFIED,23.0,metro
ENT_04354,BUSINESS,36800000,VERIFIED,,rural
ENT_04355,BUSINESS,6400000,VERIFIED,,metro
ENT_04356,BUSINESS,63500000,VERIFIED,,metro
ENT_04357,INDIVIDUAL,300000,VERIFIED,31.0,tier2
ENT_04358,INDIVIDUAL,1100000,VERIFIED,25.0,tier2
ENT_04359,INDIVIDUAL,7200000,VERIFIED,52.0,metro
ENT_04360,BUSINESS,1200000,VERIFIED,,tier2
ENT_04361,INDIVIDUAL,96300000,VERIFIED,64.0,tier2
ENT_04362,BUSINESS,57900000,VERIFIED,,tier2
ENT_04363,INDIVIDUAL,900000,VERIFIED,45.0,tier2
ENT_04364,INDIVIDUAL,2100000,VERIFIED,58.0,rural
ENT_04365,INDIVIDUAL,1200000,VERIFIED,64.0,metro
ENT_04366,INDIVIDUAL,9500000,VERIFIED,38.0,metro
ENT_04367,INDIVIDUAL,0,VERIFIED,65.0,metro
ENT_04368,INDIVIDUAL,2000000,VERIFIED,18.0,metro
ENT_04369,BUSINESS,41400000,VERIFIED,,metro
ENT_04370,BUSINESS,6400000,VERIFIED,,metro
ENT_04371,INDIVIDUAL,7800000,VERIFIED,24.0,rural
ENT_04372,INDIVIDUAL,0,VERIFIED,38.0,metro
ENT_04373,INDIVIDUAL,1000000,VERIFIED,31.0,metro
ENT_04374,BUSINESS,31000000,VERIFIED,,metro
ENT_04375,INDIVIDUAL,18000000,VERIFIED,31.0,tier2
ENT_04376,INDIVIDUAL,8200000,VERIFIED,33.0,metro
ENT_04377,INDIVIDUAL,10000000,VERIFIED,18.0,tier2
ENT_04378,INDIVIDUAL,86900000,VERIFIED,45.0,metro
ENT_04379,INDIVIDUAL,1300000,VERIFIED,33.0,metro
ENT_04380,INDIVIDUAL,900000,VERIFIED,33.0,tier2
ENT_04381,INDIVIDUAL,1500000,VERIFIED,25.0,metro
ENT_04382,INDIVIDUAL,1300000,VERIFIED,57.0,metro
ENT_04383,INDIVIDUAL,4000000,VERIFIED,48.0,metro
ENT_04384,INDIVIDUAL,7900000,VERIFIED,56.0,metro
ENT_04385,INDIVIDUAL,300000,VERIFIED,39.0,rural
ENT_04386,INDIVIDUAL,5800000,VERIFIED,34.0,metro
ENT_04387,BUSINESS,1400000,VERIFIED,,rural
ENT_04388,INDIVIDUAL,5100000,VERIFIED,58.0,rural
ENT_04389,INDIVIDUAL,9100000,VERIFIED,37.0,metro
ENT_04390,INDIVIDUAL,22700000,VERIFIED,20.0,metro
ENT_04391,INDIVIDUAL,0,VERIFIED,49.0,rural
ENT_04392,INDIVIDUAL,900000,VERIFIED,31.0,metro
ENT_04393,BUSINESS,4300000,VERIFIED,,tier2
ENT_04394,INDIVIDUAL,1100000,VERIFIED,55.0,metro
ENT_04395,INDIVIDUAL,300000,VERIFIED,54.0,metro
ENT_04396,INDIVIDUAL,900000,VERIFIED,34.0,tier2
ENT_04397,BUSINESS,8200000,VERIFIED,,metro
ENT_04398,INDIVIDUAL,4500000,VERIFIED,57.0,tier2
ENT_04399,INDIVIDUAL,5400000,VERIFIED,25.0,rural
ENT_04400,INDIVIDUAL,5200000,VERIFIED,52.0,tier2
ENT_04401,INDIVIDUAL,2500000,VERIFIED,47.0,metro
ENT_04402,INDIVIDUAL,6400000,VERIFIED,53.0,rural
ENT_04403,TRUST,95900000,VERIFIED,,rural
ENT_04404,INDIVIDUAL,1400000,VERIFIED,30.0,metro
ENT_04405,INDIVIDUAL,7600000,VERIFIED,22.0,tier2
ENT_04406,INDIVIDUAL,1300000,VERIFIED,65.0,metro
ENT_04407,INDIVIDUAL,3700000,VERIFIED,43.0,metro
ENT_04408,INDIVIDUAL,0,VERIFIED,34.0,metro
ENT_04409,INDIVIDUAL,8900000,VERIFIED,25.0,rural
ENT_04410,INDIVIDUAL,9100000,VERIFIED,44.0,rural
ENT_04411,INDIVIDUAL,500000,VERIFIED,40.0,metro
ENT_04412,INDIVIDUAL,0,VERIFIED,34.0,metro
ENT_04413,BUSINESS,2000000,VERIFIED,,tier2
ENT_04414,INDIVIDUAL,1000000,VERIFIED,26.0,metro
ENT_04415,INDIVIDUAL,0,VERIFIED,21.0,tier2
ENT_04416,INDIVIDUAL,10000000,VERIFIED,35.0,metro
ENT_04417,INDIVIDUAL,1500000,VERIFIED,33.0,rural
ENT_04418,INDIVIDUAL,0,VERIFIED,48.0,tier2
ENT_04419,INDIVIDUAL,24700000,VERIFIED,27.0,tier2
ENT_04420,INDIVIDUAL,1200000,VERIFIED,64.0,tier2
ENT_04421,INDIVIDUAL,4200000,VERIFIED,54.0,metro
ENT_04422,INDIVIDUAL,1000000,VERIFIED,37.0,tier2
ENT_04423,INDIVIDUAL,0,VERIFIED,62.0,tier2
ENT_04424,INDIVIDUAL,400000,VERIFIED,52.0,rural
ENT_04425,INDIVIDUAL,900000,VERIFIED,51.0,metro
ENT_04426,INDIVIDUAL,1000000,VERIFIED,18.0,metro
ENT_04427,INDIVIDUAL,3100000,VERIFIED,21.0,rural
ENT_04428,INDIVIDUAL,0,VERIFIED,56.0,metro
ENT_04429,INDIVIDUAL,1500000,VERIFIED,44.0,tier2
ENT_04430,INDIVIDUAL,900000,VERIFIED,52.0,tier2
ENT_04431,INDIVIDUAL,1200000,VERIFIED,38.0,metro
ENT_04432,INDIVIDUAL,800000,VERIFIED,54.0,rural
ENT_04433,INDIVIDUAL,1200000,VERIFIED,47.0,metro
ENT_04434,INDIVIDUAL,0,VERIFIED,46.0,metro
ENT_04435,INDIVIDUAL,900000,VERIFIED,54.0,metro
ENT_04436,INDIVIDUAL,9300000,VERIFIED,42.0,metro
ENT_04437,INDIVIDUAL,0,VERIFIED,34.0,metro
ENT_04438,BUSINESS,91100000,VERIFIED,,metro
ENT_04439,INDIVIDUAL,8000000,VERIFIED,22.0,metro
ENT_04440,INDIVIDUAL,600000,VERIFIED,44.0,metro
ENT_04441,TRUST,40000000,VERIFIED,,rural
ENT_04442,BUSINESS,24700000,VERIFIED,,metro
ENT_04443,INDIVIDUAL,500000,VERIFIED,31.0,rural
ENT_04444,INDIVIDUAL,0,VERIFIED,64.0,rural
ENT_04445,INDIVIDUAL,0,VERIFIED,35.0,metro
ENT_04446,BUSINESS,28400000,VERIFIED,,metro
ENT_04447,INDIVIDUAL,6300000,VERIFIED,59.0,tier2
ENT_04448,INDIVIDUAL,500000,VERIFIED,48.0,metro
ENT_04449,INDIVIDUAL,4800000,VERIFIED,64.0,tier2
ENT_04450,TRUST,45300000,VERIFIED,,rural
ENT_04451,INDIVIDUAL,2400000,VERIFIED,42.0,metro
ENT_04452,INDIVIDUAL,2400000,VERIFIED,38.0,rural
ENT_04453,INDIVIDUAL,19300000,VERIFIED,28.0,rural
ENT_04454,INDIVIDUAL,1500000,VERIFIED,62.0,metro
ENT_04455,INDIVIDUAL,6200000,VERIFIED,34.0,metro
ENT_04456,INDIVIDUAL,7500000,VERIFIED,61.0,metro
ENT_04457,INDIVIDUAL,300000,VERIFIED,18.0,tier2
ENT_04458,INDIVIDUAL,300000,VERIFIED,50.0,tier2
ENT_04459,INDIVIDUAL,2100000,VERIFIED,54.0,metro
ENT_04460,INDIVIDUAL,1200000,VERIFIED,26.0,metro
ENT_04461,INDIVIDUAL,0,VERIFIED,54.0,tier2
ENT_04462,INDIVIDUAL,88600000,VERIFIED,30.0,metro
ENT_04463,TRUST,5100000,VERIFIED,,rural
ENT_04464,INDIVIDUAL,900000,VERIFIED,35.0,metro
ENT_04465,TRUST,3800000,VERIFIED,,tier2
ENT_04466,INDIVIDUAL,900000,VERIFIED,29.0,metro
ENT_04467,BUSINESS,3500000,VERIFIED,,tier2
ENT_04468,INDIVIDUAL,25100000,VERIFIED,18.0,metro
ENT_04469,INDIVIDUAL,3700000,VERIFIED,18.0,metro
ENT_04470,INDIVIDUAL,4100000,VERIFIED,36.0,tier2
ENT_04471,TRUST,8800000,VERIFIED,,metro
ENT_04472,INDIVIDUAL,8200000,VERIFIED,23.0,metro
ENT_04473,INDIVIDUAL,1200000,VERIFIED,55.0,rural
ENT_04474,BUSINESS,4000000,VERIFIED,,metro
ENT_04475,INDIVIDUAL,85900000,VERIFIED,55.0,tier2
ENT_04476,BUSINESS,85700000,VERIFIED,,tier2
ENT_04477,INDIVIDUAL,0,VERIFIED,64.0,metro
ENT_04478,INDIVIDUAL,2000000,VERIFIED,53.0,metro
ENT_04479,TRUST,1600000,VERIFIED,,metro
ENT_04480,INDIVIDUAL,8500000,VERIFIED,50.0,metro
ENT_04481,INDIVIDUAL,400000,VERIFIED,64.0,rural
ENT_04482,TRUST,7600000,VERIFIED,,rural
ENT_04483,INDIVIDUAL,8100000,VERIFIED,59.0,metro
ENT_04484,INDIVIDUAL,8300000,VERIFIED,37.0,metro
ENT_04485,INDIVIDUAL,9500000,VERIFIED,18.0,metro
ENT_04486,INDIVIDUAL,4500000,VERIFIED,44.0,metro
ENT_04487,INDIVIDUAL,1200000,VERIFIED,56.0,tier2
ENT_04488,INDIVIDUAL,4400000,VERIFIED,43.0,metro
ENT_04489,INDIVIDUAL,0,VERIFIED,21.0,tier2
ENT_04490,INDIVIDUAL,1200000,VERIFIED,26.0,tier2
ENT_04491,INDIVIDUAL,0,VERIFIED,50.0,metro
ENT_04492,INDIVIDUAL,1000000,VERIFIED,56.0,rural
ENT_04493,INDIVIDUAL,0,VERIFIED,43.0,metro
ENT_04494,INDIVIDUAL,1800000,VERIFIED,49.0,metro
ENT_04495,INDIVIDUAL,600000,VERIFIED,40.0,tier2
ENT_04496,INDIVIDUAL,600000,VERIFIED,40.0,rural
ENT_04497,INDIVIDUAL,500000,VERIFIED,57.0,metro
ENT_04498,INDIVIDUAL,66400000,VERIFIED,62.0,metro
ENT_04499,INDIVIDUAL,1800000,VERIFIED,58.0,metro
ENT_04500,INDIVIDUAL,1200000,VERIFIED,19.0,metro
ENT_04501,BUSINESS,1700000,VERIFIED,,metro
ENT_04502,INDIVIDUAL,0,VERIFIED,45.0,metro
ENT_04503,INDIVIDUAL,600000,VERIFIED,51.0,metro
ENT_04504,INDIVIDUAL,0,VERIFIED,65.0,rural
ENT_04505,INDIVIDUAL,68100000,VERIFIED,65.0,rural
ENT_04506,INDIVIDUAL,0,VERIFIED,23.0,metro
ENT_04507,INDIVIDUAL,1100000,VERIFIED,63.0,metro
ENT_04508,INDIVIDUAL,1500000,VERIFIED,38.0,metro
ENT_04509,BUSINESS,41900000,VERIFIED,,metro
ENT_04510,INDIVIDUAL,9300000,VERIFIED,29.0,rural
ENT_04511,TRUST,9100000,VERIFIED,,metro
ENT_04512,BUSINESS,5200000,VERIFIED,,metro
ENT_04513,INDIVIDUAL,9000000,VERIFIED,31.0,rural
ENT_04514,INDIVIDUAL,4300000,VERIFIED,33.0,metro
ENT_04515,TRUST,64700000,VERIFIED,,metro
ENT_04516,BUSINESS,6800000,VERIFIED,,tier2
ENT_04517,INDIVIDUAL,300000,VERIFIED,50.0,metro
ENT_04518,INDIVIDUAL,5400000,VERIFIED,62.0,tier2
ENT_04519,TRUST,17800000,VERIFIED,,rural
ENT_04520,INDIVIDUAL,900000,VERIFIED,52.0,metro
ENT_04521,BUSINESS,58400000,VERIFIED,,metro
ENT_04522,INDIVIDUAL,300000,VERIFIED,58.0,metro
ENT_04523,INDIVIDUAL,400000,VERIFIED,50.0,metro
ENT_04524,INDIVIDUAL,24900000,VERIFIED,26.0,metro
ENT_04525,BUSINESS,15400000,VERIFIED,,metro
ENT_04526,INDIVIDUAL,5800000,VERIFIED,53.0,metro
ENT_04527,INDIVIDUAL,0,VERIFIED,58.0,metro
ENT_04528,INDIVIDUAL,5500000,VERIFIED,28.0,metro
ENT_04529,INDIVIDUAL,900000,VERIFIED,60.0,tier2
ENT_04530,BUSINESS,2500000,VERIFIED,,metro
ENT_04531,INDIVIDUAL,600000,VERIFIED,52.0,tier2
ENT_04532,INDIVIDUAL,300000,VERIFIED,60.0,metro
ENT_04533,INDIVIDUAL,1200000,VERIFIED,36.0,tier2
ENT_04534,BUSINESS,7700000,VERIFIED,,tier2
ENT_04535,INDIVIDUAL,300000,VERIFIED,43.0,metro
ENT_04536,BUSINESS,2200000,VERIFIED,,rural
ENT_04537,INDIVIDUAL,800000,VERIFIED,37.0,metro
ENT_04538,INDIVIDUAL,0,VERIFIED,64.0,metro
ENT_04539,BUSINESS,15200000,VERIFIED,,metro
ENT_04540,INDIVIDUAL,1000000,VERIFIED,33.0,metro
ENT_04541,INDIVIDUAL,7400000,VERIFIED,42.0,metro
ENT_04542,INDIVIDUAL,1400000,VERIFIED,30.0,metro
ENT_04543,INDIVIDUAL,8900000,VERIFIED,56.0,rural
ENT_04544,INDIVIDUAL,0,VERIFIED,35.0,metro
ENT_04545,INDIVIDUAL,1000000,VERIFIED,25.0,metro
ENT_04546,INDIVIDUAL,400000,VERIFIED,55.0,rural
ENT_04547,INDIVIDUAL,1500000,VERIFIED,65.0,metro
ENT_04548,INDIVIDUAL,500000,VERIFIED,40.0,tier2
ENT_04549,INDIVIDUAL,1600000,VERIFIED,64.0,tier2
ENT_04550,INDIVIDUAL,9100000,VERIFIED,47.0,rural
ENT_04551,INDIVIDUAL,300000,VERIFIED,58.0,metro
ENT_04552,INDIVIDUAL,600000,VERIFIED,39.0,tier2
ENT_04553,INDIVIDUAL,0,VERIFIED,28.0,tier2
ENT_04554,INDIVIDUAL,7600000,VERIFIED,65.0,metro
ENT_04555,INDIVIDUAL,1500000,VERIFIED,21.0,tier2
ENT_04556,INDIVIDUAL,20800000,VERIFIED,45.0,metro
ENT_04557,INDIVIDUAL,1200000,VERIFIED,48.0,rural
ENT_04558,INDIVIDUAL,9600000,VERIFIED,56.0,rural
ENT_04559,INDIVIDUAL,35700000,VERIFIED,48.0,metro
ENT_04560,INDIVIDUAL,800000,VERIFIED,32.0,metro
ENT_04561,BUSINESS,1000000,VERIFIED,,metro
ENT_04562,INDIVIDUAL,0,VERIFIED,64.0,tier2
ENT_04563,INDIVIDUAL,1100000,VERIFIED,20.0,metro
ENT_04564,INDIVIDUAL,4700000,VERIFIED,30.0,tier2
ENT_04565,INDIVIDUAL,3300000,VERIFIED,28.0,rural
ENT_04566,INDIVIDUAL,5900000,VERIFIED,56.0,tier2
ENT_04567,INDIVIDUAL,1000000,VERIFIED,34.0,metro
ENT_04568,INDIVIDUAL,1000000,VERIFIED,61.0,tier2
ENT_04569,INDIVIDUAL,2500000,VERIFIED,33.0,tier2
ENT_04570,TRUST,2100000,VERIFIED,,metro
ENT_04571,INDIVIDUAL,4800000,VERIFIED,27.0,metro
ENT_04572,INDIVIDUAL,32200000,VERIFIED,30.0,metro
ENT_04573,TRUST,90000000,VERIFIED,,metro
ENT_04574,BUSINESS,8900000,VERIFIED,,tier2
ENT_04575,INDIVIDUAL,1100000,VERIFIED,36.0,tier2
ENT_04576,INDIVIDUAL,0,VERIFIED,24.0,tier2
ENT_04577,INDIVIDUAL,1100000,VERIFIED,38.0,rural
ENT_04578,INDIVIDUAL,400000,VERIFIED,42.0,metro
ENT_04579,INDIVIDUAL,8000000,VERIFIED,42.0,tier2
ENT_04580,INDIVIDUAL,3900000,VERIFIED,60.0,rural
ENT_04581,INDIVIDUAL,700000,VERIFIED,53.0,metro
ENT_04582,INDIVIDUAL,0,VERIFIED,25.0,rural
ENT_04583,INDIVIDUAL,700000,VERIFIED,27.0,metro
ENT_04584,BUSINESS,97600000,VERIFIED,,rural
ENT_04585,INDIVIDUAL,800000,VERIFIED,38.0,tier2
ENT_04586,BUSINESS,6700000,VERIFIED,,rural
ENT_04587,INDIVIDUAL,0,VERIFIED,32.0,tier2
ENT_04588,INDIVIDUAL,400000,VERIFIED,39.0,metro
ENT_04589,INDIVIDUAL,9100000,VERIFIED,20.0,tier2
ENT_04590,BUSINESS,5900000,VERIFIED,,metro
ENT_04591,INDIVIDUAL,1500000,VERIFIED,65.0,rural
ENT_04592,INDIVIDUAL,1500000,VERIFIED,47.0,metro
ENT_04593,INDIVIDUAL,0,VERIFIED,24.0,metro
ENT_04594,INDIVIDUAL,6900000,VERIFIED,25.0,metro
ENT_04595,BUSINESS,64400000,VERIFIED,,rural
ENT_04596,INDIVIDUAL,1400000,VERIFIED,21.0,metro
ENT_04597,INDIVIDUAL,600000,VERIFIED,51.0,metro
ENT_04598,INDIVIDUAL,400000,VERIFIED,37.0,tier2
ENT_04599,INDIVIDUAL,500000,VERIFIED,42.0,metro
ENT_04600,INDIVIDUAL,1500000,VERIFIED,43.0,tier2
ENT_04601,INDIVIDUAL,1000000,VERIFIED,29.0,tier2
ENT_04602,BUSINESS,52600000,VERIFIED,,metro
ENT_04603,INDIVIDUAL,900000,VERIFIED,61.0,metro
ENT_04604,INDIVIDUAL,0,VERIFIED,63.0,metro
ENT_04605,INDIVIDUAL,6100000,VERIFIED,48.0,metro
ENT_04606,INDIVIDUAL,3700000,VERIFIED,51.0,metro
ENT_04607,INDIVIDUAL,300000,VERIFIED,44.0,rural
ENT_04608,INDIVIDUAL,7600000,VERIFIED,51.0,rural
ENT_04609,INDIVIDUAL,300000,VERIFIED,62.0,metro
ENT_04610,INDIVIDUAL,300000,VERIFIED,40.0,tier2
ENT_04611,INDIVIDUAL,71800000,VERIFIED,27.0,metro
ENT_04612,INDIVIDUAL,5100000,VERIFIED,56.0,rural
ENT_04613,INDIVIDUAL,300000,VERIFIED,38.0,metro
ENT_04614,INDIVIDUAL,1000000,VERIFIED,21.0,tier2
ENT_04615,INDIVIDUAL,7300000,VERIFIED,63.0,metro
ENT_04616,INDIVIDUAL,400000,VERIFIED,55.0,tier2
ENT_04617,INDIVIDUAL,7700000,VERIFIED,34.0,metro
ENT_04618,INDIVIDUAL,900000,VERIFIED,65.0,rural
ENT_04619,INDIVIDUAL,300000,VERIFIED,63.0,metro
ENT_04620,BUSINESS,2300000,VERIFIED,,tier2
ENT_04621,BUSINESS,53600000,VERIFIED,,tier2
ENT_04622,TRUST,1700000,VERIFIED,,tier2
ENT_04623,INDIVIDUAL,5700000,VERIFIED,25.0,metro
ENT_04624,BUSINESS,1400000,VERIFIED,,metro
ENT_04625,BUSINESS,3600000,VERIFIED,,tier2
ENT_04626,BUSINESS,6200000,VERIFIED,,rural
ENT_04627,TRUST,2200000,VERIFIED,,rural
ENT_04628,BUSINESS,37500000,VERIFIED,,metro
ENT_04629,INDIVIDUAL,300000,VERIFIED,22.0,metro
ENT_04630,BUSINESS,2000000,VERIFIED,,metro
ENT_04631,INDIVIDUAL,1500000,VERIFIED,39.0,tier2
ENT_04632,BUSINESS,3600000,VERIFIED,,metro
ENT_04633,BUSINESS,48500000,VERIFIED,,tier2
ENT_04634,BUSINESS,26300000,VERIFIED,,tier2
ENT_04635,INDIVIDUAL,600000,VERIFIED,53.0,metro
ENT_04636,INDIVIDUAL,6000000,VERIFIED,38.0,metro
ENT_04637,INDIVIDUAL,1400000,VERIFIED,57.0,rural
ENT_04638,INDIVIDUAL,1200000,VERIFIED,32.0,tier2
ENT_04639,INDIVIDUAL,500000,VERIFIED,49.0,metro
ENT_04640,BUSINESS,5900000,VERIFIED,,metro
ENT_04641,INDIVIDUAL,1500000,VERIFIED,54.0,rural
ENT_04642,INDIVIDUAL,6300000,VERIFIED,46.0,metro
ENT_04643,INDIVIDUAL,500000,VERIFIED,53.0,tier2
ENT_04644,INDIVIDUAL,1000000,VERIFIED,34.0,tier2
ENT_04645,INDIVIDUAL,1000000,VERIFIED,64.0,metro
ENT_04646,BUSINESS,6300000,VERIFIED,,tier2
ENT_04647,TRUST,3100000,VERIFIED,,metro
ENT_04648,INDIVIDUAL,2300000,VERIFIED,54.0,rural
ENT_04649,BUSINESS,3300000,VERIFIED,,tier2
ENT_04650,BUSINESS,93300000,VERIFIED,,metro
ENT_04651,INDIVIDUAL,1200000,VERIFIED,20.0,tier2
ENT_04652,INDIVIDUAL,600000,VERIFIED,33.0,metro
ENT_04653,INDIVIDUAL,800000,VERIFIED,22.0,metro
ENT_04654,BUSINESS,45200000,VERIFIED,,rural
ENT_04655,INDIVIDUAL,3800000,VERIFIED,39.0,metro
ENT_04656,INDIVIDUAL,1400000,VERIFIED,32.0,rural
ENT_04657,INDIVIDUAL,8100000,VERIFIED,36.0,tier2
ENT_04658,INDIVIDUAL,1500000,VERIFIED,33.0,metro
ENT_04659,INDIVIDUAL,6000000,VERIFIED,28.0,tier2
ENT_04660,INDIVIDUAL,1300000,VERIFIED,40.0,tier2
ENT_04661,INDIVIDUAL,33600000,VERIFIED,25.0,metro
ENT_04662,TRUST,19200000,VERIFIED,,metro
ENT_04663,INDIVIDUAL,800000,VERIFIED,56.0,metro
ENT_04664,BUSINESS,1700000,VERIFIED,,metro
ENT_04665,INDIVIDUAL,600000,VERIFIED,22.0,metro
ENT_04666,INDIVIDUAL,500000,VERIFIED,22.0,rural
ENT_04667,INDIVIDUAL,4400000,VERIFIED,59.0,metro
ENT_04668,INDIVIDUAL,1200000,VERIFIED,24.0,tier2
ENT_04669,INDIVIDUAL,1400000,VERIFIED,32.0,metro
ENT_04670,INDIVIDUAL,2600000,VERIFIED,45.0,rural
ENT_04671,INDIVIDUAL,1300000,VERIFIED,50.0,tier2
ENT_04672,INDIVIDUAL,500000,VERIFIED,62.0,metro
ENT_04673,INDIVIDUAL,1500000,VERIFIED,32.0,metro
ENT_04674,INDIVIDUAL,1400000,VERIFIED,52.0,rural
ENT_04675,INDIVIDUAL,300000,VERIFIED,30.0,metro
ENT_04676,INDIVIDUAL,600000,VERIFIED,39.0,metro
ENT_04677,INDIVIDUAL,1400000,VERIFIED,26.0,metro
ENT_04678,INDIVIDUAL,1300000,VERIFIED,21.0,tier2
ENT_04679,INDIVIDUAL,57200000,VERIFIED,58.0,metro
ENT_04680,INDIVIDUAL,48300000,VERIFIED,62.0,tier2
ENT_04681,BUSINESS,7400000,VERIFIED,,tier2
ENT_04682,INDIVIDUAL,1500000,VERIFIED,61.0,metro
ENT_04683,BUSINESS,1000000,VERIFIED,,metro
ENT_04684,INDIVIDUAL,900000,VERIFIED,49.0,tier2
ENT_04685,BUSINESS,4000000,VERIFIED,,tier2
ENT_04686,INDIVIDUAL,54000000,VERIFIED,40.0,metro
ENT_04687,BUSINESS,5300000,VERIFIED,,metro
ENT_04688,INDIVIDUAL,900000,VERIFIED,35.0,metro
ENT_04689,INDIVIDUAL,5500000,VERIFIED,65.0,tier2
ENT_04690,INDIVIDUAL,3100000,VERIFIED,38.0,tier2
ENT_04691,INDIVIDUAL,900000,VERIFIED,29.0,metro
ENT_04692,INDIVIDUAL,500000,VERIFIED,60.0,tier2
ENT_04693,INDIVIDUAL,600000,VERIFIED,58.0,rural
ENT_04694,INDIVIDUAL,0,VERIFIED,55.0,metro
ENT_04695,INDIVIDUAL,800000,VERIFIED,18.0,tier2
ENT_04696,INDIVIDUAL,1500000,VERIFIED,60.0,rural
ENT_04697,INDIVIDUAL,4800000,VERIFIED,46.0,metro
ENT_04698,INDIVIDUAL,4200000,VERIFIED,29.0,tier2
ENT_04699,INDIVIDUAL,91100000,VERIFIED,28.0,metro
ENT_04700,INDIVIDUAL,1200000,VERIFIED,29.0,tier2
ENT_04701,INDIVIDUAL,9300000,VERIFIED,44.0,metro
ENT_04702,BUSINESS,6200000,VERIFIED,,metro
ENT_04703,INDIVIDUAL,5300000,VERIFIED,21.0,rural
ENT_04704,INDIVIDUAL,400000,VERIFIED,48.0,rural
ENT_04705,INDIVIDUAL,0,VERIFIED,32.0,tier2
ENT_04706,INDIVIDUAL,8300000,VERIFIED,32.0,metro
ENT_04707,INDIVIDUAL,3200000,VERIFIED,26.0,metro
ENT_04708,BUSINESS,5800000,VERIFIED,,rural
ENT_04709,INDIVIDUAL,300000,VERIFIED,51.0,metro
ENT_04710,INDIVIDUAL,0,VERIFIED,43.0,metro
ENT_04711,INDIVIDUAL,6300000,VERIFIED,21.0,metro
ENT_04712,INDIVIDUAL,700000,VERIFIED,31.0,tier2
ENT_04713,INDIVIDUAL,300000,VERIFIED,54.0,metro
ENT_04714,INDIVIDUAL,900000,VERIFIED,23.0,metro
ENT_04715,INDIVIDUAL,600000,VERIFIED,61.0,metro
ENT_04716,TRUST,21700000,VERIFIED,,metro
ENT_04717,BUSINESS,82900000,VERIFIED,,metro
ENT_04718,INDIVIDUAL,600000,VERIFIED,63.0,metro
ENT_04719,INDIVIDUAL,4600000,VERIFIED,25.0,rural
ENT_04720,INDIVIDUAL,1000000,VERIFIED,60.0,rural
ENT_04721,INDIVIDUAL,900000,VERIFIED,20.0,metro
ENT_04722,INDIVIDUAL,8700000,VERIFIED,36.0,metro
ENT_04723,TRUST,92800000,VERIFIED,,metro
ENT_04724,INDIVIDUAL,1100000,VERIFIED,53.0,metro
ENT_04725,TRUST,73400000,VERIFIED,,tier2
ENT_04726,INDIVIDUAL,500000,VERIFIED,20.0,rural
ENT_04727,INDIVIDUAL,700000,VERIFIED,35.0,tier2
ENT_04728,INDIVIDUAL,600000,VERIFIED,35.0,metro
ENT_04729,INDIVIDUAL,7400000,VERIFIED,42.0,tier2
ENT_04730,INDIVIDUAL,1100000,VERIFIED,28.0,metro
ENT_04731,INDIVIDUAL,3800000,VERIFIED,42.0,rural
ENT_04732,INDIVIDUAL,1500000,VERIFIED,35.0,tier2
ENT_04733,INDIVIDUAL,10000000,VERIFIED,35.0,metro
ENT_04734,INDIVIDUAL,70900000,VERIFIED,39.0,metro
ENT_04735,BUSINESS,59300000,VERIFIED,,tier2
ENT_04736,INDIVIDUAL,0,VERIFIED,64.0,metro
ENT_04737,INDIVIDUAL,1200000,VERIFIED,20.0,tier2
ENT_04738,INDIVIDUAL,4300000,VERIFIED,61.0,metro
ENT_04739,INDIVIDUAL,9100000,VERIFIED,44.0,tier2
ENT_04740,INDIVIDUAL,1100000,VERIFIED,34.0,metro
ENT_04741,INDIVIDUAL,900000,VERIFIED,23.0,tier2
ENT_04742,INDIVIDUAL,5400000,VERIFIED,44.0,metro
ENT_04743,INDIVIDUAL,1300000,VERIFIED,42.0,tier2
ENT_04744,INDIVIDUAL,90000000,VERIFIED,22.0,metro
ENT_04745,INDIVIDUAL,7600000,VERIFIED,41.0,rural
ENT_04746,INDIVIDUAL,1700000,VERIFIED,27.0,metro
ENT_04747,BUSINESS,1100000,VERIFIED,,tier2
ENT_04748,INDIVIDUAL,0,VERIFIED,47.0,tier2
ENT_04749,BUSINESS,34100000,VERIFIED,,metro
ENT_04750,INDIVIDUAL,800000,VERIFIED,20.0,metro
ENT_04751,INDIVIDUAL,900000,VERIFIED,55.0,tier2
ENT_04752,INDIVIDUAL,1300000,VERIFIED,46.0,tier2
ENT_04753,INDIVIDUAL,1400000,VERIFIED,25.0,tier2
ENT_04754,INDIVIDUAL,6300000,VERIFIED,44.0,rural
ENT_04755,INDIVIDUAL,4500000,VERIFIED,23.0,tier2
ENT_04756,INDIVIDUAL,1300000,VERIFIED,50.0,metro
ENT_04757,INDIVIDUAL,9600000,VERIFIED,56.0,rural
ENT_04758,INDIVIDUAL,600000,VERIFIED,54.0,metro
ENT_04759,INDIVIDUAL,9900000,VERIFIED,50.0,tier2
ENT_04760,BUSINESS,50900000,VERIFIED,,metro
ENT_04761,BUSINESS,96800000,VERIFIED,,metro
ENT_04762,INDIVIDUAL,500000,VERIFIED,26.0,rural
ENT_04763,INDIVIDUAL,0,VERIFIED,59.0,rural
ENT_04764,INDIVIDUAL,1900000,VERIFIED,52.0,rural
ENT_04765,INDIVIDUAL,900000,VERIFIED,43.0,metro
ENT_04766,BUSINESS,88100000,VERIFIED,,metro
ENT_04767,BUSINESS,7000000,VERIFIED,,metro
ENT_04768,BUSINESS,9600000,VERIFIED,,rural
ENT_04769,BUSINESS,22200000,VERIFIED,,tier2
ENT_04770,INDIVIDUAL,1500000,VERIFIED,31.0,tier2
ENT_04771,INDIVIDUAL,0,VERIFIED,65.0,rural
ENT_04772,INDIVIDUAL,700000,VERIFIED,57.0,metro
ENT_04773,INDIVIDUAL,300000,VERIFIED,31.0,tier2
ENT_04774,INDIVIDUAL,9500000,VERIFIED,33.0,rural
ENT_04775,INDIVIDUAL,5100000,VERIFIED,37.0,tier2
ENT_04776,INDIVIDUAL,2400000,VERIFIED,36.0,metro
ENT_04777,INDIVIDUAL,56000000,VERIFIED,19.0,rural
ENT_04778,INDIVIDUAL,0,VERIFIED,39.0,rural
ENT_04779,INDIVIDUAL,0,VERIFIED,34.0,rural
ENT_04780,INDIVIDUAL,37800000,VERIFIED,32.0,tier2
ENT_04781,INDIVIDUAL,9400000,VERIFIED,33.0,rural
ENT_04782,INDIVIDUAL,9800000,VERIFIED,61.0,rural
ENT_04783,INDIVIDUAL,2400000,VERIFIED,44.0,metro
ENT_04784,BUSINESS,75600000,VERIFIED,,metro
ENT_04785,INDIVIDUAL,1300000,VERIFIED,51.0,tier2
ENT_04786,INDIVIDUAL,15300000,VERIFIED,24.0,metro
ENT_04787,BUSINESS,9300000,VERIFIED,,tier2
ENT_04788,INDIVIDUAL,1000000,VERIFIED,20.0,metro
ENT_04789,INDIVIDUAL,2900000,VERIFIED,44.0,tier2
ENT_04790,INDIVIDUAL,3600000,VERIFIED,19.0,tier2
ENT_04791,INDIVIDUAL,1800000,VERIFIED,47.0,metro
ENT_04792,INDIVIDUAL,900000,VERIFIED,53.0,metro
ENT_04793,BUSINESS,96200000,VERIFIED,,tier2
ENT_04794,INDIVIDUAL,0,VERIFIED,19.0,metro
ENT_04795,INDIVIDUAL,5300000,VERIFIED,54.0,metro
ENT_04796,INDIVIDUAL,2100000,VERIFIED,22.0,metro
ENT_04797,INDIVIDUAL,80100000,VERIFIED,25.0,tier2
ENT_04798,BUSINESS,3100000,VERIFIED,,tier2
ENT_04799,INDIVIDUAL,1100000,VERIFIED,20.0,tier2
ENT_04800,BUSINESS,6800000,VERIFIED,,metro
ENT_04801,INDIVIDUAL,900000,VERIFIED,30.0,tier2
ENT_04802,BUSINESS,5100000,VERIFIED,,rural
ENT_04803,INDIVIDUAL,9200000,VERIFIED,34.0,metro
ENT_04804,INDIVIDUAL,7200000,VERIFIED,18.0,metro
ENT_04805,INDIVIDUAL,9400000,VERIFIED,60.0,metro
ENT_04806,INDIVIDUAL,3700000,VERIFIED,44.0,tier2
ENT_04807,INDIVIDUAL,25900000,VERIFIED,32.0,metro
ENT_04808,INDIVIDUAL,700000,VERIFIED,54.0,metro
ENT_04809,BUSINESS,4100000,VERIFIED,,tier2
ENT_04810,INDIVIDUAL,500000,VERIFIED,36.0,metro
ENT_04811,INDIVIDUAL,9800000,VERIFIED,37.0,metro
ENT_04812,INDIVIDUAL,6400000,VERIFIED,34.0,tier2
ENT_04813,INDIVIDUAL,6600000,VERIFIED,41.0,tier2
ENT_04814,INDIVIDUAL,0,VERIFIED,33.0,rural
ENT_04815,BUSINESS,2500000,VERIFIED,,metro
ENT_04816,INDIVIDUAL,1000000,VERIFIED,33.0,tier2
ENT_04817,INDIVIDUAL,6200000,VERIFIED,27.0,rural
ENT_04818,TRUST,5800000,VERIFIED,,metro
ENT_04819,INDIVIDUAL,7700000,VERIFIED,44.0,metro
ENT_04820,INDIVIDUAL,700000,VERIFIED,54.0,rural
ENT_04821,TRUST,2700000,VERIFIED,,tier2
ENT_04822,TRUST,28800000,VERIFIED,,metro
ENT_04823,INDIVIDUAL,1100000,VERIFIED,42.0,metro
ENT_04824,INDIVIDUAL,1200000,VERIFIED,55.0,metro
ENT_04825,INDIVIDUAL,1200000,VERIFIED,55.0,rural
ENT_04826,BUSINESS,8500000,VERIFIED,,rural
ENT_04827,INDIVIDUAL,66100000,VERIFIED,33.0,metro
ENT_04828,INDIVIDUAL,6100000,VERIFIED,53.0,tier2
ENT_04829,INDIVIDUAL,500000,VERIFIED,41.0,rural
ENT_04830,INDIVIDUAL,600000,VERIFIED,34.0,tier2
ENT_04831,INDIVIDUAL,92600000,VERIFIED,34.0,rural
ENT_04832,BUSINESS,8700000,VERIFIED,,tier2
ENT_04833,INDIVIDUAL,2000000,VERIFIED,27.0,rural
ENT_04834,INDIVIDUAL,0,VERIFIED,22.0,metro
ENT_04835,INDIVIDUAL,81500000,VERIFIED,47.0,rural
ENT_04836,INDIVIDUAL,1800000,VERIFIED,37.0,tier2
ENT_04837,INDIVIDUAL,4600000,VERIFIED,64.0,rural
ENT_04838,INDIVIDUAL,300000,VERIFIED,31.0,tier2
ENT_04839,INDIVIDUAL,1300000,VERIFIED,52.0,metro
ENT_04840,INDIVIDUAL,6500000,VERIFIED,59.0,metro
ENT_04841,INDIVIDUAL,1400000,VERIFIED,60.0,rural
ENT_04842,INDIVIDUAL,43700000,VERIFIED,57.0,rural
ENT_04843,INDIVIDUAL,0,VERIFIED,29.0,metro
ENT_04844,BUSINESS,53600000,VERIFIED,,metro
ENT_04845,BUSINESS,67200000,VERIFIED,,rural
ENT_04846,INDIVIDUAL,68200000,VERIFIED,52.0,rural
ENT_04847,TRUST,51100000,VERIFIED,,tier2
ENT_04848,BUSINESS,35100000,VERIFIED,,tier2
ENT_04849,INDIVIDUAL,6200000,VERIFIED,24.0,rural
ENT_04850,INDIVIDUAL,1000000,VERIFIED,27.0,tier2
ENT_04851,INDIVIDUAL,4700000,VERIFIED,18.0,metro
ENT_04852,INDIVIDUAL,700000,VERIFIED,25.0,tier2
ENT_04853,INDIVIDUAL,77200000,VERIFIED,30.0,metro
ENT_04854,INDIVIDUAL,2200000,VERIFIED,18.0,metro
ENT_04855,INDIVIDUAL,500000,VERIFIED,22.0,metro
ENT_04856,TRUST,18800000,VERIFIED,,tier2
ENT_04857,INDIVIDUAL,300000,VERIFIED,27.0,tier2
ENT_04858,BUSINESS,8500000,VERIFIED,,metro
ENT_04859,INDIVIDUAL,300000,VERIFIED,30.0,metro
ENT_04860,INDIVIDUAL,700000,VERIFIED,35.0,rural
ENT_04861,INDIVIDUAL,4400000,VERIFIED,49.0,metro
ENT_04862,INDIVIDUAL,52500000,VERIFIED,26.0,tier2
ENT_04863,INDIVIDUAL,0,VERIFIED,18.0,tier2
ENT_04864,INDIVIDUAL,1500000,VERIFIED,56.0,metro
ENT_04865,INDIVIDUAL,0,VERIFIED,62.0,tier2
ENT_04866,INDIVIDUAL,1000000,VERIFIED,62.0,metro
ENT_04867,INDIVIDUAL,8500000,VERIFIED,40.0,metro
ENT_04868,INDIVIDUAL,700000,VERIFIED,20.0,tier2
ENT_04869,INDIVIDUAL,7500000,VERIFIED,18.0,metro
ENT_04870,INDIVIDUAL,0,VERIFIED,65.0,rural
ENT_04871,INDIVIDUAL,4300000,VERIFIED,35.0,tier2
ENT_04872,INDIVIDUAL,4100000,VERIFIED,56.0,tier2
ENT_04873,BUSINESS,94000000,VERIFIED,,metro
ENT_04874,INDIVIDUAL,0,VERIFIED,33.0,rural
ENT_04875,BUSINESS,41900000,VERIFIED,,metro
ENT_04876,INDIVIDUAL,0,VERIFIED,33.0,tier2
ENT_04877,INDIVIDUAL,3200000,VERIFIED,23.0,rural
ENT_04878,INDIVIDUAL,900000,VERIFIED,43.0,tier2
ENT_04879,INDIVIDUAL,1500000,VERIFIED,33.0,tier2
ENT_04880,BUSINESS,80000000,VERIFIED,,rural
ENT_04881,INDIVIDUAL,1200000,VERIFIED,60.0,metro
ENT_04882,INDIVIDUAL,800000,VERIFIED,28.0,tier2
ENT_04883,INDIVIDUAL,49100000,VERIFIED,36.0,tier2
ENT_04884,INDIVIDUAL,600000,VERIFIED,64.0,metro
ENT_04885,INDIVIDUAL,300000,VERIFIED,30.0,tier2
ENT_04886,INDIVIDUAL,300000,VERIFIED,50.0,rural
ENT_04887,BUSINESS,59900000,VERIFIED,,metro
ENT_04888,INDIVIDUAL,7100000,VERIFIED,20.0,tier2
ENT_04889,INDIVIDUAL,2500000,VERIFIED,56.0,tier2
ENT_04890,INDIVIDUAL,9800000,VERIFIED,58.0,rural
ENT_04891,INDIVIDUAL,400000,VERIFIED,30.0,tier2
ENT_04892,BUSINESS,20200000,VERIFIED,,metro
ENT_04893,INDIVIDUAL,8100000,VERIFIED,21.0,metro
ENT_04894,BUSINESS,2400000,VERIFIED,,tier2
ENT_04895,INDIVIDUAL,1000000,VERIFIED,61.0,tier2
ENT_04896,INDIVIDUAL,0,VERIFIED,32.0,tier2
ENT_04897,INDIVIDUAL,0,VERIFIED,48.0,rural
ENT_04898,INDIVIDUAL,1000000,VERIFIED,64.0,tier2
ENT_04899,INDIVIDUAL,9600000,VERIFIED,61.0,tier2
ENT_04900,BUSINESS,6600000,VERIFIED,,tier2
ENT_04901,INDIVIDUAL,8900000,VERIFIED,54.0,metro
ENT_04902,INDIVIDUAL,1500000,VERIFIED,49.0,rural
ENT_04903,TRUST,28400000,VERIFIED,,metro
ENT_04904,INDIVIDUAL,1000000,VERIFIED,41.0,metro
ENT_04905,INDIVIDUAL,1900000,VERIFIED,65.0,tier2
ENT_04906,INDIVIDUAL,1100000,VERIFIED,46.0,metro
ENT_04907,BUSINESS,5200000,VERIFIED,,rural
ENT_04908,INDIVIDUAL,900000,VERIFIED,43.0,metro
ENT_04909,BUSINESS,7700000,VERIFIED,,rural
ENT_04910,INDIVIDUAL,4400000,VERIFIED,18.0,tier2
ENT_04911,INDIVIDUAL,0,VERIFIED,31.0,tier2
ENT_04912,INDIVIDUAL,16000000,VERIFIED,65.0,metro
ENT_04913,INDIVIDUAL,300000,VERIFIED,56.0,metro
ENT_04914,INDIVIDUAL,1000000,VERIFIED,41.0,tier2
ENT_04915,INDIVIDUAL,400000,VERIFIED,54.0,tier2
ENT_04916,INDIVIDUAL,300000,VERIFIED,57.0,tier2
ENT_04917,INDIVIDUAL,1000000,VERIFIED,40.0,rural
ENT_04918,BUSINESS,36300000,VERIFIED,,rural
ENT_04919,TRUST,1500000,VERIFIED,,metro
ENT_04920,INDIVIDUAL,38800000,VERIFIED,62.0,metro
ENT_04921,INDIVIDUAL,2500000,VERIFIED,53.0,metro
ENT_04922,INDIVIDUAL,8600000,VERIFIED,42.0,metro
ENT_04923,INDIVIDUAL,700000,VERIFIED,39.0,metro
ENT_04924,INDIVIDUAL,8600000,VERIFIED,61.0,metro
ENT_04925,INDIVIDUAL,1600000,VERIFIED,38.0,tier2
ENT_04926,INDIVIDUAL,1500000,VERIFIED,44.0,metro
ENT_04927,INDIVIDUAL,1100000,VERIFIED,45.0,metro
ENT_04928,INDIVIDUAL,1300000,VERIFIED,27.0,tier2
ENT_04929,BUSINESS,3500000,VERIFIED,,metro
ENT_04930,TRUST,12700000,VERIFIED,,metro
ENT_04931,TRUST,6600000,VERIFIED,,metro
ENT_04932,INDIVIDUAL,53300000,VERIFIED,49.0,rural
ENT_04933,INDIVIDUAL,0,VERIFIED,51.0,metro
ENT_04934,INDIVIDUAL,700000,VERIFIED,37.0,metro
ENT_04935,INDIVIDUAL,1000000,VERIFIED,54.0,metro
ENT_04936,INDIVIDUAL,84900000,VERIFIED,65.0,metro
ENT_04937,INDIVIDUAL,9800000,VERIFIED,47.0,tier2
ENT_04938,INDIVIDUAL,1200000,VERIFIED,65.0,metro
ENT_04939,INDIVIDUAL,8300000,VERIFIED,52.0,metro
ENT_04940,TRUST,69400000,VERIFIED,,metro
ENT_04941,INDIVIDUAL,8000000,VERIFIED,33.0,metro
ENT_04942,INDIVIDUAL,4300000,VERIFIED,58.0,tier2
ENT_04943,INDIVIDUAL,1000000,VERIFIED,41.0,tier2
ENT_04944,INDIVIDUAL,600000,VERIFIED,65.0,tier2
ENT_04945,BUSINESS,7900000,VERIFIED,,metro
ENT_04946,BUSINESS,8200000,VERIFIED,,metro
ENT_04947,INDIVIDUAL,1000000,VERIFIED,33.0,metro
ENT_04948,BUSINESS,31700000,VERIFIED,,tier2
ENT_04949,INDIVIDUAL,6100000,VERIFIED,36.0,metro
ENT_04950,INDIVIDUAL,2700000,VERIFIED,38.0,metro
ENT_04951,INDIVIDUAL,1500000,VERIFIED,47.0,metro
ENT_04952,BUSINESS,26900000,VERIFIED,,metro
ENT_04953,BUSINESS,3800000,VERIFIED,,tier2
ENT_04954,BUSINESS,2700000,VERIFIED,,metro
ENT_04955,INDIVIDUAL,4200000,VERIFIED,62.0,rural
ENT_04956,INDIVIDUAL,3900000,VERIFIED,29.0,tier2
ENT_04957,INDIVIDUAL,700000,VERIFIED,49.0,tier2
ENT_04958,INDIVIDUAL,8700000,VERIFIED,18.0,tier2
ENT_04959,INDIVIDUAL,2000000,VERIFIED,39.0,rural
ENT_04960,INDIVIDUAL,900000,VERIFIED,21.0,rural
ENT_04961,INDIVIDUAL,1400000,VERIFIED,56.0,tier2
ENT_04962,INDIVIDUAL,22700000,VERIFIED,19.0,metro
ENT_04963,BUSINESS,3700000,VERIFIED,,tier2
ENT_04964,INDIVIDUAL,9000000,VERIFIED,64.0,tier2
ENT_04965,BUSINESS,57800000,VERIFIED,,metro
ENT_04966,BUSINESS,6000000,VERIFIED,,metro
ENT_04967,INDIVIDUAL,1500000,VERIFIED,46.0,metro
ENT_04968,INDIVIDUAL,0,VERIFIED,42.0,tier2
ENT_04969,INDIVIDUAL,1200000,VERIFIED,50.0,tier2
ENT_04970,INDIVIDUAL,1400000,VERIFIED,20.0,tier2
ENT_04971,INDIVIDUAL,300000,VERIFIED,26.0,rural
ENT_04972,INDIVIDUAL,6500000,VERIFIED,48.0,tier2
ENT_04973,INDIVIDUAL,1000000,VERIFIED,44.0,metro
ENT_04974,INDIVIDUAL,0,VERIFIED,45.0,rural
ENT_04975,INDIVIDUAL,0,VERIFIED,63.0,metro
ENT_04976,BUSINESS,74900000,VERIFIED,,rural
ENT_04977,BUSINESS,52100000,VERIFIED,,tier2
ENT_04978,INDIVIDUAL,800000,VERIFIED,56.0,metro
ENT_04979,INDIVIDUAL,600000,VERIFIED,55.0,tier2
ENT_04980,INDIVIDUAL,1200000,VERIFIED,52.0,tier2
ENT_04981,BUSINESS,4200000,VERIFIED,,tier2
ENT_04982,INDIVIDUAL,1200000,VERIFIED,65.0,tier2
ENT_04983,INDIVIDUAL,700000,VERIFIED,56.0,tier2
ENT_04984,INDIVIDUAL,900000,VERIFIED,45.0,metro
ENT_04985,INDIVIDUAL,8500000,VERIFIED,34.0,rural
ENT_04986,INDIVIDUAL,1400000,VERIFIED,53.0,tier2
ENT_04987,BUSINESS,9400000,VERIFIED,,rural
ENT_04988,INDIVIDUAL,8100000,VERIFIED,39.0,metro
ENT_04989,INDIVIDUAL,3300000,VERIFIED,61.0,metro
ENT_04990,INDIVIDUAL,99600000,VERIFIED,28.0,metro
ENT_04991,INDIVIDUAL,7700000,VERIFIED,63.0,rural
ENT_04992,BUSINESS,5300000,VERIFIED,,metro
ENT_04993,INDIVIDUAL,7200000,VERIFIED,22.0,rural
ENT_04994,INDIVIDUAL,2600000,VERIFIED,31.0,metro
ENT_04995,INDIVIDUAL,1700000,VERIFIED,39.0,tier2
ENT_04996,TRUST,63400000,VERIFIED,,metro
ENT_04997,INDIVIDUAL,30400000,VERIFIED,62.0,tier2
ENT_04998,INDIVIDUAL,700000,VERIFIED,47.0,tier2
ENT_04999,INDIVIDUAL,4400000,VERIFIED,43.0,metro
ENT_05000,INDIVIDUAL,9700000,VERIFIED,46.0,tier2
ENT_05001,INDIVIDUAL,3400000,VERIFIED,61.0,tier2
ENT_05002,TRUST,25700000,VERIFIED,,metro
ENT_05003,BUSINESS,8300000,VERIFIED,,rural
ENT_05004,INDIVIDUAL,500000,VERIFIED,18.0,metro
ENT_05005,INDIVIDUAL,85000000,VERIFIED,46.0,tier2
ENT_05006,INDIVIDUAL,1000000,VERIFIED,60.0,rural
ENT_05007,BUSINESS,60500000,VERIFIED,,metro
ENT_05008,TRUST,54100000,VERIFIED,,metro
ENT_05009,INDIVIDUAL,1000000,VERIFIED,39.0,tier2
ENT_05010,BUSINESS,4700000,VERIFIED,,tier2
ENT_05011,INDIVIDUAL,800000,VERIFIED,34.0,metro
ENT_05012,INDIVIDUAL,4800000,VERIFIED,34.0,metro
ENT_05013,INDIVIDUAL,4700000,VERIFIED,18.0,metro
ENT_05014,BUSINESS,64700000,VERIFIED,,rural
ENT_05015,INDIVIDUAL,5000000,VERIFIED,48.0,rural
ENT_05016,INDIVIDUAL,600000,VERIFIED,44.0,metro
ENT_05017,BUSINESS,25700000,VERIFIED,,rural
ENT_05018,INDIVIDUAL,500000,VERIFIED,20.0,tier2
ENT_05019,INDIVIDUAL,0,VERIFIED,57.0,tier2
ENT_05020,INDIVIDUAL,89500000,VERIFIED,35.0,tier2
ENT_05021,INDIVIDUAL,1100000,VERIFIED,55.0,tier2
ENT_05022,INDIVIDUAL,7000000,VERIFIED,56.0,metro
ENT_05023,BUSINESS,23800000,VERIFIED,,rural
ENT_05024,INDIVIDUAL,700000,VERIFIED,25.0,metro
ENT_05025,INDIVIDUAL,300000,VERIFIED,37.0,metro
ENT_05026,INDIVIDUAL,1500000,VERIFIED,42.0,tier2
ENT_05027,INDIVIDUAL,11400000,VERIFIED,54.0,metro
ENT_05028,INDIVIDUAL,68600000,VERIFIED,34.0,tier2
ENT_05029,BUSINESS,2700000,VERIFIED,,tier2
ENT_05030,INDIVIDUAL,1200000,VERIFIED,34.0,metro
ENT_05031,INDIVIDUAL,1500000,VERIFIED,32.0,rural
ENT_05032,INDIVIDUAL,2700000,VERIFIED,39.0,tier2
ENT_05033,INDIVIDUAL,6900000,VERIFIED,30.0,rural
ENT_05034,INDIVIDUAL,1200000,VERIFIED,65.0,metro
ENT_05035,INDIVIDUAL,900000,VERIFIED,47.0,metro
ENT_05036,INDIVIDUAL,77200000,VERIFIED,37.0,metro
ENT_05037,BUSINESS,3500000,VERIFIED,,metro
ENT_05038,INDIVIDUAL,8700000,VERIFIED,38.0,tier2
ENT_05039,INDIVIDUAL,1100000,VERIFIED,35.0,metro
ENT_05040,INDIVIDUAL,1500000,VERIFIED,32.0,metro
ENT_05041,BUSINESS,83900000,VERIFIED,,tier2
ENT_05042,INDIVIDUAL,3100000,VERIFIED,47.0,metro
ENT_05043,INDIVIDUAL,31400000,VERIFIED,24.0,rural
ENT_05044,INDIVIDUAL,5900000,VERIFIED,43.0,metro
ENT_05045,INDIVIDUAL,9200000,VERIFIED,61.0,metro
ENT_05046,INDIVIDUAL,2100000,VERIFIED,47.0,tier2
ENT_05047,INDIVIDUAL,5800000,VERIFIED,41.0,rural
ENT_05048,INDIVIDUAL,1100000,VERIFIED,55.0,rural
ENT_05049,BUSINESS,2700000,VERIFIED,,metro
ENT_05050,INDIVIDUAL,2500000,VERIFIED,46.0,tier2
ENT_05051,BUSINESS,3100000,VERIFIED,,metro
ENT_05052,INDIVIDUAL,1400000,VERIFIED,63.0,rural
ENT_05053,INDIVIDUAL,700000,VERIFIED,63.0,tier2
ENT_05054,INDIVIDUAL,0,VERIFIED,53.0,metro
ENT_05055,INDIVIDUAL,800000,VERIFIED,63.0,metro
ENT_05056,INDIVIDUAL,1000000,VERIFIED,38.0,metro
ENT_05057,INDIVIDUAL,0,VERIFIED,52.0,tier2
ENT_05058,INDIVIDUAL,3600000,VERIFIED,47.0,tier2
ENT_05059,INDIVIDUAL,0,VERIFIED,49.0,tier2
ENT_05060,INDIVIDUAL,1100000,VERIFIED,56.0,tier2
ENT_05061,INDIVIDUAL,1100000,VERIFIED,31.0,tier2
ENT_05062,INDIVIDUAL,600000,VERIFIED,51.0,metro
ENT_05063,INDIVIDUAL,0,VERIFIED,48.0,metro
ENT_05064,INDIVIDUAL,9700000,VERIFIED,24.0,metro
ENT_05065,BUSINESS,9000000,VERIFIED,,rural
ENT_05066,INDIVIDUAL,7900000,VERIFIED,24.0,metro
ENT_05067,INDIVIDUAL,7600000,VERIFIED,59.0,metro
ENT_05068,INDIVIDUAL,7500000,VERIFIED,26.0,rural
ENT_05069,INDIVIDUAL,1000000,VERIFIED,43.0,metro
ENT_05070,INDIVIDUAL,13700000,VERIFIED,25.0,metro
ENT_05071,INDIVIDUAL,1500000,VERIFIED,27.0,tier2
ENT_05072,INDIVIDUAL,3900000,VERIFIED,32.0,metro
ENT_05073,INDIVIDUAL,6500000,VERIFIED,60.0,metro
ENT_05074,BUSINESS,5000000,VERIFIED,,metro
ENT_05075,INDIVIDUAL,1200000,VERIFIED,44.0,rural
ENT_05076,INDIVIDUAL,3400000,VERIFIED,39.0,metro
ENT_05077,INDIVIDUAL,6600000,VERIFIED,33.0,tier2
ENT_05078,INDIVIDUAL,9400000,VERIFIED,31.0,metro
ENT_05079,INDIVIDUAL,9700000,VERIFIED,38.0,metro
ENT_05080,BUSINESS,7700000,VERIFIED,,metro
ENT_05081,INDIVIDUAL,3800000,VERIFIED,51.0,metro
ENT_05082,BUSINESS,47600000,VERIFIED,,rural
ENT_05083,INDIVIDUAL,400000,VERIFIED,37.0,metro
ENT_05084,BUSINESS,2900000,VERIFIED,,rural
ENT_05085,TRUST,3500000,VERIFIED,,metro
ENT_05086,TRUST,93800000,VERIFIED,,rural
ENT_05087,INDIVIDUAL,0,VERIFIED,20.0,tier2
ENT_05088,INDIVIDUAL,8900000,VERIFIED,46.0,tier2
ENT_05089,BUSINESS,92300000,VERIFIED,,tier2
ENT_05090,INDIVIDUAL,700000,VERIFIED,34.0,metro
ENT_05091,INDIVIDUAL,1300000,VERIFIED,32.0,rural
ENT_05092,INDIVIDUAL,4800000,VERIFIED,19.0,metro
ENT_05093,INDIVIDUAL,800000,VERIFIED,48.0,metro
ENT_05094,INDIVIDUAL,2500000,VERIFIED,40.0,tier2
ENT_05095,INDIVIDUAL,500000,VERIFIED,56.0,rural
ENT_05096,INDIVIDUAL,3900000,VERIFIED,24.0,tier2
ENT_05097,TRUST,10000000,VERIFIED,,metro
ENT_05098,INDIVIDUAL,0,VERIFIED,53.0,metro
ENT_05099,INDIVIDUAL,500000,VERIFIED,32.0,metro
ENT_05100,INDIVIDUAL,1400000,VERIFIED,41.0,metro
ENT_05101,INDIVIDUAL,7800000,VERIFIED,33.0,tier2
ENT_05102,INDIVIDUAL,0,VERIFIED,47.0,rural
ENT_05103,INDIVIDUAL,7000000,VERIFIED,63.0,metro
ENT_05104,INDIVIDUAL,1400000,VERIFIED,58.0,tier2
ENT_05105,INDIVIDUAL,9000000,VERIFIED,49.0,metro
ENT_05106,BUSINESS,6400000,VERIFIED,,metro
ENT_05107,INDIVIDUAL,0,VERIFIED,28.0,rural
ENT_05108,INDIVIDUAL,6100000,VERIFIED,54.0,tier2
ENT_05109,INDIVIDUAL,20100000,VERIFIED,32.0,tier2
ENT_05110,INDIVIDUAL,1000000,VERIFIED,42.0,tier2
ENT_05111,INDIVIDUAL,8100000,VERIFIED,31.0,tier2
ENT_05112,BUSINESS,8500000,VERIFIED,,rural
ENT_05113,BUSINESS,78000000,VERIFIED,,tier2
ENT_05114,INDIVIDUAL,300000,VERIFIED,27.0,metro
ENT_05115,BUSINESS,8300000,VERIFIED,,tier2
ENT_05116,INDIVIDUAL,3300000,VERIFIED,25.0,tier2
ENT_05117,INDIVIDUAL,1000000,VERIFIED,25.0,tier2
ENT_05118,INDIVIDUAL,900000,VERIFIED,22.0,metro
ENT_05119,TRUST,4500000,VERIFIED,,metro
ENT_05120,TRUST,2700000,VERIFIED,,tier2
ENT_05121,TRUST,1900000,VERIFIED,,rural
ENT_05122,INDIVIDUAL,900000,VERIFIED,53.0,metro
ENT_05123,INDIVIDUAL,1400000,VERIFIED,19.0,metro
ENT_05124,BUSINESS,25300000,VERIFIED,,tier2
ENT_05125,INDIVIDUAL,700000,VERIFIED,36.0,metro
ENT_05126,INDIVIDUAL,800000,VERIFIED,22.0,metro
ENT_05127,BUSINESS,41400000,VERIFIED,,metro
ENT_05128,BUSINESS,8000000,VERIFIED,,metro
ENT_05129,INDIVIDUAL,600000,VERIFIED,22.0,tier2
ENT_05130,INDIVIDUAL,1300000,VERIFIED,42.0,rural
ENT_05131,INDIVIDUAL,1500000,VERIFIED,28.0,tier2
ENT_05132,INDIVIDUAL,700000,VERIFIED,23.0,metro
ENT_05133,INDIVIDUAL,1500000,VERIFIED,53.0,metro
ENT_05134,TRUST,45100000,VERIFIED,,metro
ENT_05135,INDIVIDUAL,1500000,VERIFIED,35.0,tier2
ENT_05136,BUSINESS,59200000,VERIFIED,,metro
ENT_05137,INDIVIDUAL,8300000,VERIFIED,18.0,metro
ENT_05138,INDIVIDUAL,16700000,VERIFIED,34.0,rural
ENT_05139,INDIVIDUAL,9900000,VERIFIED,23.0,metro
ENT_05140,INDIVIDUAL,3500000,VERIFIED,27.0,metro
ENT_05141,INDIVIDUAL,8500000,VERIFIED,47.0,tier2
ENT_05142,INDIVIDUAL,3700000,VERIFIED,22.0,metro
ENT_05143,INDIVIDUAL,1200000,VERIFIED,38.0,metro
ENT_05144,INDIVIDUAL,6400000,VERIFIED,24.0,tier2
ENT_05145,INDIVIDUAL,5700000,VERIFIED,50.0,metro
ENT_05146,INDIVIDUAL,7100000,VERIFIED,33.0,metro
ENT_05147,INDIVIDUAL,0,VERIFIED,23.0,rural
ENT_05148,INDIVIDUAL,1100000,VERIFIED,44.0,metro
ENT_05149,INDIVIDUAL,7200000,VERIFIED,53.0,metro
ENT_05150,INDIVIDUAL,0,VERIFIED,60.0,metro
ENT_05151,INDIVIDUAL,500000,VERIFIED,39.0,tier2
ENT_05152,BUSINESS,2800000,VERIFIED,,rural
ENT_05153,BUSINESS,1900000,VERIFIED,,metro
ENT_05154,INDIVIDUAL,3500000,VERIFIED,18.0,metro
ENT_05155,INDIVIDUAL,500000,VERIFIED,50.0,metro
ENT_05156,INDIVIDUAL,5200000,VERIFIED,62.0,metro
ENT_05157,INDIVIDUAL,3100000,VERIFIED,36.0,tier2
ENT_05158,INDIVIDUAL,1300000,VERIFIED,43.0,metro
ENT_05159,INDIVIDUAL,700000,VERIFIED,38.0,tier2
ENT_05160,INDIVIDUAL,0,VERIFIED,43.0,metro
ENT_05161,INDIVIDUAL,7600000,VERIFIED,27.0,metro
ENT_05162,BUSINESS,5000000,VERIFIED,,metro
ENT_05163,TRUST,1600000,VERIFIED,,metro
ENT_05164,INDIVIDUAL,0,VERIFIED,60.0,tier2
ENT_05165,INDIVIDUAL,2400000,VERIFIED,31.0,metro
ENT_05166,INDIVIDUAL,400000,VERIFIED,30.0,metro
ENT_05167,INDIVIDUAL,900000,VERIFIED,25.0,tier2
ENT_05168,INDIVIDUAL,4200000,VERIFIED,39.0,rural
ENT_05169,INDIVIDUAL,500000,VERIFIED,31.0,metro
ENT_05170,INDIVIDUAL,1500000,VERIFIED,37.0,tier2
ENT_05171,INDIVIDUAL,0,VERIFIED,34.0,tier2
ENT_05172,INDIVIDUAL,500000,VERIFIED,65.0,metro
ENT_05173,BUSINESS,6500000,VERIFIED,,tier2
ENT_05174,INDIVIDUAL,600000,VERIFIED,35.0,tier2
ENT_05175,INDIVIDUAL,3200000,VERIFIED,57.0,metro
ENT_05176,INDIVIDUAL,1500000,VERIFIED,23.0,metro
ENT_05177,INDIVIDUAL,900000,VERIFIED,41.0,rural
ENT_05178,INDIVIDUAL,0,VERIFIED,49.0,tier2
ENT_05179,INDIVIDUAL,1500000,VERIFIED,33.0,rural
ENT_05180,INDIVIDUAL,6300000,VERIFIED,44.0,metro
ENT_05181,INDIVIDUAL,5700000,VERIFIED,32.0,metro
ENT_05182,BUSINESS,4600000,VERIFIED,,rural
ENT_05183,INDIVIDUAL,88300000,VERIFIED,43.0,metro
ENT_05184,INDIVIDUAL,600000,VERIFIED,53.0,tier2
ENT_05185,INDIVIDUAL,23000000,VERIFIED,58.0,rural
ENT_05186,INDIVIDUAL,4100000,VERIFIED,27.0,metro
ENT_05187,BUSINESS,60500000,VERIFIED,,rural
ENT_05188,INDIVIDUAL,1000000,VERIFIED,23.0,metro
ENT_05189,INDIVIDUAL,6300000,VERIFIED,30.0,tier2
ENT_05190,INDIVIDUAL,700000,VERIFIED,31.0,rural
ENT_05191,INDIVIDUAL,7400000,VERIFIED,65.0,metro
ENT_05192,INDIVIDUAL,0,VERIFIED,24.0,metro
ENT_05193,INDIVIDUAL,1000000,VERIFIED,55.0,tier2
ENT_05194,INDIVIDUAL,7900000,VERIFIED,60.0,metro
ENT_05195,INDIVIDUAL,9600000,VERIFIED,50.0,metro
ENT_05196,INDIVIDUAL,9300000,VERIFIED,30.0,tier2
ENT_05197,INDIVIDUAL,1000000,VERIFIED,31.0,metro
ENT_05198,INDIVIDUAL,500000,VERIFIED,18.0,rural
ENT_05199,INDIVIDUAL,7100000,VERIFIED,53.0,rural
ENT_05200,INDIVIDUAL,5900000,VERIFIED,64.0,metro
ENT_05201,INDIVIDUAL,400000,VERIFIED,36.0,metro
ENT_05202,INDIVIDUAL,6600000,VERIFIED,43.0,metro
ENT_05203,INDIVIDUAL,8400000,VERIFIED,58.0,metro
ENT_05204,BUSINESS,31000000,VERIFIED,,rural
ENT_05205,INDIVIDUAL,500000,VERIFIED,65.0,rural
ENT_05206,BUSINESS,11100000,VERIFIED,,metro
ENT_05207,BUSINESS,9500000,VERIFIED,,metro
ENT_05208,INDIVIDUAL,5900000,VERIFIED,63.0,metro
ENT_05209,INDIVIDUAL,6700000,VERIFIED,61.0,metro
ENT_05210,INDIVIDUAL,3700000,VERIFIED,39.0,metro
ENT_05211,INDIVIDUAL,900000,VERIFIED,24.0,metro
ENT_05212,INDIVIDUAL,2400000,VERIFIED,43.0,tier2
ENT_05213,INDIVIDUAL,8400000,VERIFIED,20.0,tier2
ENT_05214,INDIVIDUAL,700000,VERIFIED,35.0,metro
ENT_05215,BUSINESS,77200000,VERIFIED,,rural
ENT_05216,TRUST,4600000,VERIFIED,,metro
ENT_05217,INDIVIDUAL,4300000,VERIFIED,23.0,tier2
ENT_05218,TRUST,71400000,VERIFIED,,metro
ENT_05219,INDIVIDUAL,1100000,VERIFIED,23.0,metro
ENT_05220,INDIVIDUAL,1300000,VERIFIED,63.0,tier2
ENT_05221,INDIVIDUAL,1600000,VERIFIED,37.0,tier2
ENT_05222,BUSINESS,2900000,VERIFIED,,tier2
ENT_05223,BUSINESS,22100000,VERIFIED,,metro
ENT_05224,INDIVIDUAL,0,VERIFIED,22.0,rural
ENT_05225,INDIVIDUAL,500000,VERIFIED,25.0,rural
ENT_05226,INDIVIDUAL,1400000,VERIFIED,39.0,metro
ENT_05227,INDIVIDUAL,300000,VERIFIED,31.0,metro
ENT_05228,INDIVIDUAL,0,VERIFIED,48.0,tier2
ENT_05229,INDIVIDUAL,1200000,VERIFIED,24.0,metro
ENT_05230,INDIVIDUAL,0,VERIFIED,38.0,tier2
ENT_05231,INDIVIDUAL,2100000,VERIFIED,49.0,metro
ENT_05232,BUSINESS,8400000,VERIFIED,,tier2
ENT_05233,BUSINESS,4800000,VERIFIED,,rural
ENT_05234,INDIVIDUAL,0,VERIFIED,51.0,tier2
ENT_05235,INDIVIDUAL,400000,VERIFIED,26.0,rural
ENT_05236,INDIVIDUAL,5000000,VERIFIED,26.0,rural
ENT_05237,BUSINESS,6500000,VERIFIED,,metro
ENT_05238,INDIVIDUAL,700000,VERIFIED,45.0,metro
ENT_05239,INDIVIDUAL,2000000,VERIFIED,20.0,rural
ENT_05240,INDIVIDUAL,2400000,VERIFIED,60.0,rural
ENT_05241,INDIVIDUAL,4600000,VERIFIED,28.0,metro
ENT_05242,INDIVIDUAL,300000,VERIFIED,22.0,tier2
ENT_05243,INDIVIDUAL,800000,VERIFIED,21.0,metro
ENT_05244,INDIVIDUAL,28900000,VERIFIED,42.0,metro
ENT_05245,INDIVIDUAL,5300000,VERIFIED,28.0,rural
ENT_05246,INDIVIDUAL,4900000,VERIFIED,22.0,metro
ENT_05247,INDIVIDUAL,1400000,VERIFIED,22.0,rural
ENT_05248,INDIVIDUAL,10000000,VERIFIED,57.0,metro
ENT_05249,INDIVIDUAL,53600000,VERIFIED,42.0,tier2
ENT_05250,INDIVIDUAL,71200000,VERIFIED,32.0,rural
ENT_05251,INDIVIDUAL,1300000,VERIFIED,62.0,tier2
ENT_05252,INDIVIDUAL,1300000,VERIFIED,43.0,metro
ENT_05253,INDIVIDUAL,2800000,VERIFIED,29.0,metro
ENT_05254,INDIVIDUAL,900000,VERIFIED,43.0,metro
ENT_05255,INDIVIDUAL,300000,VERIFIED,34.0,metro
ENT_05256,INDIVIDUAL,0,VERIFIED,20.0,metro
ENT_05257,BUSINESS,21300000,VERIFIED,,rural
ENT_05258,INDIVIDUAL,7500000,VERIFIED,59.0,rural
ENT_05259,INDIVIDUAL,300000,VERIFIED,62.0,tier2
ENT_05260,INDIVIDUAL,300000,VERIFIED,18.0,rural
ENT_05261,TRUST,9600000,VERIFIED,,metro
ENT_05262,TRUST,23800000,VERIFIED,,tier2
ENT_05263,INDIVIDUAL,600000,VERIFIED,50.0,tier2
ENT_05264,INDIVIDUAL,9400000,VERIFIED,28.0,metro
ENT_05265,INDIVIDUAL,500000,VERIFIED,53.0,metro
ENT_05266,INDIVIDUAL,800000,VERIFIED,27.0,tier2
ENT_05267,INDIVIDUAL,8600000,VERIFIED,37.0,metro
ENT_05268,INDIVIDUAL,0,VERIFIED,53.0,metro
ENT_05269,INDIVIDUAL,800000,VERIFIED,24.0,tier2
ENT_05270,BUSINESS,5000000,VERIFIED,,metro
ENT_05271,TRUST,3100000,VERIFIED,,tier2
ENT_05272,INDIVIDUAL,300000,VERIFIED,45.0,metro
ENT_05273,INDIVIDUAL,46800000,VERIFIED,49.0,tier2
ENT_05274,INDIVIDUAL,7700000,VERIFIED,33.0,metro
ENT_05275,BUSINESS,1300000,VERIFIED,,rural
ENT_05276,INDIVIDUAL,1400000,VERIFIED,39.0,metro
ENT_05277,INDIVIDUAL,1500000,VERIFIED,26.0,tier2
ENT_05278,INDIVIDUAL,77100000,VERIFIED,34.0,metro
ENT_05279,INDIVIDUAL,4600000,VERIFIED,64.0,rural
ENT_05280,INDIVIDUAL,0,VERIFIED,23.0,tier2
ENT_05281,INDIVIDUAL,32800000,VERIFIED,19.0,metro
ENT_05282,INDIVIDUAL,1100000,VERIFIED,59.0,tier2
ENT_05283,INDIVIDUAL,57500000,VERIFIED,53.0,tier2
ENT_05284,INDIVIDUAL,600000,VERIFIED,60.0,tier2
ENT_05285,BUSINESS,6100000,VERIFIED,,tier2
ENT_05286,INDIVIDUAL,8000000,VERIFIED,38.0,rural
ENT_05287,BUSINESS,81400000,VERIFIED,,tier2
ENT_05288,INDIVIDUAL,1200000,VERIFIED,65.0,metro
ENT_05289,INDIVIDUAL,68000000,VERIFIED,58.0,metro
ENT_05290,INDIVIDUAL,7600000,VERIFIED,56.0,rural
ENT_05291,INDIVIDUAL,1400000,VERIFIED,21.0,metro
ENT_05292,INDIVIDUAL,1000000,VERIFIED,35.0,metro
ENT_05293,BUSINESS,24700000,VERIFIED,,metro
ENT_05294,INDIVIDUAL,1300000,VERIFIED,53.0,metro
ENT_05295,INDIVIDUAL,2700000,VERIFIED,40.0,metro
ENT_05296,INDIVIDUAL,1000000,VERIFIED,64.0,metro
ENT_05297,INDIVIDUAL,6000000,VERIFIED,36.0,metro
ENT_05298,INDIVIDUAL,3300000,VERIFIED,38.0,rural
ENT_05299,BUSINESS,4000000,VERIFIED,,tier2
ENT_05300,BUSINESS,62400000,VERIFIED,,metro
ENT_05301,INDIVIDUAL,0,VERIFIED,63.0,metro
ENT_05302,INDIVIDUAL,600000,VERIFIED,43.0,tier2
ENT_05303,INDIVIDUAL,1000000,VERIFIED,36.0,rural
ENT_05304,INDIVIDUAL,0,VERIFIED,29.0,rural
ENT_05305,INDIVIDUAL,500000,VERIFIED,35.0,metro
ENT_05306,INDIVIDUAL,1500000,VERIFIED,31.0,metro
ENT_05307,INDIVIDUAL,9600000,VERIFIED,56.0,metro
ENT_05308,INDIVIDUAL,400000,VERIFIED,38.0,tier2
ENT_05309,BUSINESS,33100000,VERIFIED,,metro
ENT_05310,INDIVIDUAL,8700000,VERIFIED,45.0,metro
ENT_05311,BUSINESS,6600000,VERIFIED,,metro
ENT_05312,INDIVIDUAL,71400000,VERIFIED,26.0,rural
ENT_05313,INDIVIDUAL,0,VERIFIED,47.0,tier2
ENT_05314,INDIVIDUAL,46700000,VERIFIED,61.0,metro
ENT_05315,INDIVIDUAL,1200000,VERIFIED,31.0,metro
ENT_05316,TRUST,2600000,VERIFIED,,rural
ENT_05317,INDIVIDUAL,22400000,VERIFIED,32.0,tier2
ENT_05318,INDIVIDUAL,1500000,VERIFIED,40.0,metro
ENT_05319,INDIVIDUAL,1300000,VERIFIED,55.0,metro
ENT_05320,INDIVIDUAL,3700000,VERIFIED,41.0,tier2
ENT_05321,INDIVIDUAL,1200000,VERIFIED,21.0,metro
ENT_05322,INDIVIDUAL,1200000,VERIFIED,59.0,metro
ENT_05323,INDIVIDUAL,800000,VERIFIED,42.0,tier2
ENT_05324,INDIVIDUAL,1800000,VERIFIED,50.0,tier2
ENT_05325,INDIVIDUAL,1000000,VERIFIED,64.0,metro
ENT_05326,TRUST,3900000,VERIFIED,,metro
ENT_05327,INDIVIDUAL,1500000,VERIFIED,31.0,metro
ENT_05328,INDIVIDUAL,76600000,VERIFIED,58.0,metro
ENT_05329,BUSINESS,4600000,VERIFIED,,metro
ENT_05330,INDIVIDUAL,4100000,VERIFIED,46.0,metro
ENT_05331,INDIVIDUAL,5500000,VERIFIED,30.0,tier2
ENT_05332,INDIVIDUAL,400000,VERIFIED,60.0,metro
ENT_05333,INDIVIDUAL,82800000,VERIFIED,45.0,metro
ENT_05334,INDIVIDUAL,9200000,VERIFIED,44.0,metro
ENT_05335,INDIVIDUAL,8000000,VERIFIED,23.0,rural
ENT_05336,INDIVIDUAL,300000,VERIFIED,44.0,tier2
ENT_05337,INDIVIDUAL,2900000,VERIFIED,26.0,metro
ENT_05338,INDIVIDUAL,1300000,VERIFIED,53.0,tier2
ENT_05339,INDIVIDUAL,1000000,VERIFIED,58.0,metro
ENT_05340,INDIVIDUAL,600000,VERIFIED,61.0,metro
ENT_05341,INDIVIDUAL,1900000,VERIFIED,26.0,metro
ENT_05342,INDIVIDUAL,9200000,VERIFIED,50.0,metro
ENT_05343,INDIVIDUAL,400000,VERIFIED,36.0,rural
ENT_05344,INDIVIDUAL,300000,VERIFIED,19.0,rural
ENT_05345,INDIVIDUAL,4100000,VERIFIED,54.0,tier2
ENT_05346,INDIVIDUAL,4100000,VERIFIED,62.0,tier2
ENT_05347,INDIVIDUAL,800000,VERIFIED,56.0,tier2
ENT_05348,INDIVIDUAL,1200000,VERIFIED,31.0,metro
ENT_05349,INDIVIDUAL,83000000,VERIFIED,34.0,metro
ENT_05350,INDIVIDUAL,1300000,VERIFIED,49.0,metro
ENT_05351,INDIVIDUAL,5300000,VERIFIED,31.0,rural
ENT_05352,INDIVIDUAL,0,VERIFIED,35.0,tier2
ENT_05353,INDIVIDUAL,800000,VERIFIED,28.0,tier2
ENT_05354,INDIVIDUAL,1000000,VERIFIED,32.0,rural
ENT_05355,INDIVIDUAL,7200000,VERIFIED,29.0,rural
ENT_05356,INDIVIDUAL,1500000,VERIFIED,33.0,metro
ENT_05357,BUSINESS,86900000,VERIFIED,,metro
ENT_05358,INDIVIDUAL,1100000,VERIFIED,46.0,tier2
ENT_05359,INDIVIDUAL,700000,VERIFIED,54.0,metro
ENT_05360,INDIVIDUAL,700000,VERIFIED,44.0,tier2
ENT_05361,INDIVIDUAL,69200000,VERIFIED,26.0,rural
ENT_05362,INDIVIDUAL,800000,VERIFIED,25.0,metro
ENT_05363,INDIVIDUAL,2600000,VERIFIED,46.0,rural
ENT_05364,INDIVIDUAL,600000,VERIFIED,65.0,metro
ENT_05365,INDIVIDUAL,1500000,VERIFIED,31.0,metro
ENT_05366,BUSINESS,2600000,VERIFIED,,tier2
ENT_05367,INDIVIDUAL,9400000,VERIFIED,41.0,rural
ENT_05368,INDIVIDUAL,4700000,VERIFIED,49.0,metro
ENT_05369,TRUST,4600000,VERIFIED,,rural
ENT_05370,TRUST,97800000,VERIFIED,,rural
ENT_05371,INDIVIDUAL,4700000,VERIFIED,62.0,tier2
ENT_05372,INDIVIDUAL,1300000,VERIFIED,57.0,tier2
ENT_05373,INDIVIDUAL,1300000,VERIFIED,27.0,tier2
ENT_05374,INDIVIDUAL,2900000,VERIFIED,62.0,metro
ENT_05375,INDIVIDUAL,5000000,VERIFIED,22.0,tier2
ENT_05376,INDIVIDUAL,1400000,VERIFIED,46.0,metro
ENT_05377,INDIVIDUAL,9500000,VERIFIED,26.0,rural
ENT_05378,INDIVIDUAL,6400000,VERIFIED,30.0,metro
ENT_05379,INDIVIDUAL,1500000,VERIFIED,27.0,metro
ENT_05380,BUSINESS,61500000,VERIFIED,,rural
ENT_05381,INDIVIDUAL,7900000,VERIFIED,31.0,metro
ENT_05382,INDIVIDUAL,1000000,VERIFIED,61.0,tier2
ENT_05383,INDIVIDUAL,3100000,VERIFIED,62.0,tier2
ENT_05384,INDIVIDUAL,9100000,VERIFIED,23.0,tier2
ENT_05385,INDIVIDUAL,9100000,VERIFIED,61.0,metro
ENT_05386,BUSINESS,1300000,VERIFIED,,tier2
ENT_05387,INDIVIDUAL,1200000,VERIFIED,63.0,rural
ENT_05388,INDIVIDUAL,700000,VERIFIED,57.0,metro
ENT_05389,BUSINESS,5700000,VERIFIED,,metro
ENT_05390,INDIVIDUAL,1000000,VERIFIED,22.0,metro
ENT_05391,INDIVIDUAL,1000000,VERIFIED,40.0,tier2
ENT_05392,INDIVIDUAL,10000000,VERIFIED,59.0,metro
ENT_05393,BUSINESS,4600000,VERIFIED,,metro
ENT_05394,INDIVIDUAL,700000,VERIFIED,33.0,metro
ENT_05395,INDIVIDUAL,5300000,VERIFIED,22.0,tier2
ENT_05396,BUSINESS,4500000,VERIFIED,,tier2
ENT_05397,INDIVIDUAL,800000,VERIFIED,40.0,tier2
ENT_05398,INDIVIDUAL,1100000,VERIFIED,24.0,rural
ENT_05399,INDIVIDUAL,700000,VERIFIED,46.0,metro
ENT_05400,BUSINESS,13600000,VERIFIED,,metro
ENT_05401,BUSINESS,90900000,VERIFIED,,rural
ENT_05402,INDIVIDUAL,7700000,VERIFIED,62.0,tier2
ENT_05403,INDIVIDUAL,400000,VERIFIED,45.0,metro
ENT_05404,INDIVIDUAL,53400000,VERIFIED,51.0,rural
ENT_05405,INDIVIDUAL,7000000,VERIFIED,42.0,metro
ENT_05406,INDIVIDUAL,3500000,VERIFIED,60.0,metro
ENT_05407,INDIVIDUAL,300000,VERIFIED,64.0,metro
ENT_05408,INDIVIDUAL,64900000,VERIFIED,31.0,metro
ENT_05409,INDIVIDUAL,1800000,VERIFIED,55.0,metro
ENT_05410,INDIVIDUAL,7900000,VERIFIED,41.0,metro
ENT_05411,TRUST,4600000,VERIFIED,,metro
ENT_05412,INDIVIDUAL,1000000,VERIFIED,62.0,metro
ENT_05413,INDIVIDUAL,0,VERIFIED,39.0,tier2
ENT_05414,INDIVIDUAL,1100000,VERIFIED,49.0,tier2
ENT_05415,INDIVIDUAL,3500000,VERIFIED,18.0,metro
ENT_05416,INDIVIDUAL,1000000,VERIFIED,29.0,metro
ENT_05417,INDIVIDUAL,9200000,VERIFIED,32.0,metro
ENT_05418,INDIVIDUAL,1400000,VERIFIED,63.0,metro
ENT_05419,INDIVIDUAL,5700000,VERIFIED,37.0,metro
ENT_05420,TRUST,93700000,VERIFIED,,metro
ENT_05421,BUSINESS,22800000,VERIFIED,,rural
ENT_05422,BUSINESS,8100000,VERIFIED,,rural
ENT_05423,BUSINESS,58000000,VERIFIED,,metro
ENT_05424,INDIVIDUAL,2500000,VERIFIED,50.0,metro
ENT_05425,INDIVIDUAL,7100000,VERIFIED,59.0,tier2
ENT_05426,INDIVIDUAL,0,VERIFIED,56.0,metro
ENT_05427,INDIVIDUAL,0,VERIFIED,22.0,metro
ENT_05428,INDIVIDUAL,2800000,VERIFIED,30.0,metro
ENT_05429,INDIVIDUAL,1300000,VERIFIED,21.0,metro
ENT_05430,INDIVIDUAL,9800000,VERIFIED,60.0,metro
ENT_05431,INDIVIDUAL,6400000,VERIFIED,25.0,tier2
ENT_05432,INDIVIDUAL,900000,VERIFIED,41.0,tier2
ENT_05433,INDIVIDUAL,6100000,VERIFIED,47.0,metro
ENT_05434,INDIVIDUAL,9700000,VERIFIED,42.0,tier2
ENT_05435,INDIVIDUAL,700000,VERIFIED,19.0,metro
ENT_05436,INDIVIDUAL,700000,VERIFIED,26.0,rural
ENT_05437,INDIVIDUAL,3500000,VERIFIED,47.0,tier2
ENT_05438,TRUST,8400000,VERIFIED,,metro
ENT_05439,INDIVIDUAL,82000000,VERIFIED,18.0,metro
ENT_05440,INDIVIDUAL,1300000,VERIFIED,33.0,metro
ENT_05441,INDIVIDUAL,1500000,VERIFIED,58.0,tier2
ENT_05442,INDIVIDUAL,13800000,VERIFIED,65.0,tier2
ENT_05443,INDIVIDUAL,500000,VERIFIED,44.0,metro
ENT_05444,INDIVIDUAL,800000,VERIFIED,53.0,tier2
ENT_05445,INDIVIDUAL,1000000,VERIFIED,39.0,tier2
ENT_05446,BUSINESS,3800000,VERIFIED,,metro
ENT_05447,INDIVIDUAL,5500000,VERIFIED,49.0,rural
ENT_05448,INDIVIDUAL,1200000,VERIFIED,43.0,metro
ENT_05449,INDIVIDUAL,600000,VERIFIED,63.0,tier2
ENT_05450,INDIVIDUAL,4600000,VERIFIED,61.0,rural
ENT_05451,BUSINESS,2100000,VERIFIED,,rural
ENT_05452,BUSINESS,53300000,VERIFIED,,metro
ENT_05453,INDIVIDUAL,900000,VERIFIED,52.0,metro
ENT_05454,BUSINESS,7300000,VERIFIED,,tier2
ENT_05455,INDIVIDUAL,0,VERIFIED,20.0,tier2
ENT_05456,INDIVIDUAL,1200000,VERIFIED,52.0,metro
ENT_05457,INDIVIDUAL,1400000,VERIFIED,42.0,tier2
ENT_05458,INDIVIDUAL,8100000,VERIFIED,39.0,metro
ENT_05459,BUSINESS,6100000,VERIFIED,,rural
ENT_05460,INDIVIDUAL,0,VERIFIED,59.0,tier2
ENT_05461,INDIVIDUAL,900000,VERIFIED,59.0,rural
ENT_05462,INDIVIDUAL,3500000,VERIFIED,18.0,metro
ENT_05463,INDIVIDUAL,8500000,VERIFIED,21.0,tier2
ENT_05464,INDIVIDUAL,1100000,VERIFIED,46.0,tier2
ENT_05465,INDIVIDUAL,4900000,VERIFIED,52.0,rural
ENT_05466,INDIVIDUAL,3900000,VERIFIED,39.0,tier2
ENT_05467,INDIVIDUAL,1200000,VERIFIED,29.0,tier2
ENT_05468,INDIVIDUAL,1600000,VERIFIED,34.0,tier2
ENT_05469,INDIVIDUAL,400000,VERIFIED,33.0,tier2
ENT_05470,INDIVIDUAL,9200000,VERIFIED,19.0,tier2
ENT_05471,BUSINESS,9600000,VERIFIED,,tier2
ENT_05472,INDIVIDUAL,1500000,VERIFIED,54.0,metro
ENT_05473,INDIVIDUAL,4200000,VERIFIED,47.0,rural
ENT_05474,BUSINESS,1900000,VERIFIED,,rural
ENT_05475,BUSINESS,79700000,VERIFIED,,tier2
ENT_05476,INDIVIDUAL,4100000,VERIFIED,18.0,rural
ENT_05477,INDIVIDUAL,71900000,VERIFIED,46.0,tier2
ENT_05478,INDIVIDUAL,1100000,VERIFIED,55.0,rural
ENT_05479,INDIVIDUAL,900000,VERIFIED,56.0,metro
ENT_05480,TRUST,76300000,VERIFIED,,metro
ENT_05481,INDIVIDUAL,1000000,VERIFIED,45.0,metro
ENT_05482,BUSINESS,50700000,VERIFIED,,rural
ENT_05483,INDIVIDUAL,3700000,VERIFIED,44.0,rural
ENT_05484,INDIVIDUAL,9500000,VERIFIED,60.0,metro
ENT_05485,INDIVIDUAL,9100000,VERIFIED,28.0,metro
ENT_05486,INDIVIDUAL,3300000,VERIFIED,45.0,metro
ENT_05487,INDIVIDUAL,7500000,VERIFIED,18.0,tier2
ENT_05488,INDIVIDUAL,900000,VERIFIED,23.0,rural
ENT_05489,TRUST,8000000,VERIFIED,,rural
ENT_05490,INDIVIDUAL,7800000,VERIFIED,56.0,metro
ENT_05491,INDIVIDUAL,5000000,VERIFIED,54.0,tier2
ENT_05492,INDIVIDUAL,1000000,VERIFIED,48.0,metro
ENT_05493,INDIVIDUAL,95600000,VERIFIED,49.0,metro
ENT_05494,INDIVIDUAL,8100000,VERIFIED,41.0,rural
ENT_05495,INDIVIDUAL,400000,VERIFIED,63.0,rural
ENT_05496,INDIVIDUAL,2300000,VERIFIED,42.0,metro
ENT_05497,INDIVIDUAL,400000,VERIFIED,26.0,tier2
ENT_05498,BUSINESS,45900000,VERIFIED,,rural
ENT_05499,INDIVIDUAL,1300000,VERIFIED,25.0,rural
ENT_05500,INDIVIDUAL,300000,VERIFIED,59.0,metro
ENT_05501,INDIVIDUAL,3300000,VERIFIED,34.0,metro
ENT_05502,INDIVIDUAL,1000000,VERIFIED,53.0,rural
ENT_05503,INDIVIDUAL,1600000,VERIFIED,58.0,metro
ENT_05504,INDIVIDUAL,600000,VERIFIED,19.0,metro
ENT_05505,INDIVIDUAL,1300000,VERIFIED,18.0,metro
ENT_05506,INDIVIDUAL,1400000,VERIFIED,49.0,metro
ENT_05507,INDIVIDUAL,51100000,VERIFIED,60.0,tier2
ENT_05508,INDIVIDUAL,26500000,VERIFIED,32.0,rural
ENT_05509,INDIVIDUAL,400000,VERIFIED,58.0,tier2
ENT_05510,INDIVIDUAL,1100000,VERIFIED,49.0,tier2
ENT_05511,INDIVIDUAL,700000,VERIFIED,29.0,rural
ENT_05512,INDIVIDUAL,700000,VERIFIED,62.0,rural
ENT_05513,INDIVIDUAL,1500000,VERIFIED,65.0,tier2
ENT_05514,TRUST,60600000,VERIFIED,,rural
ENT_05515,INDIVIDUAL,4500000,VERIFIED,37.0,metro
ENT_05516,INDIVIDUAL,6200000,VERIFIED,61.0,tier2
ENT_05517,INDIVIDUAL,0,VERIFIED,42.0,tier2
ENT_05518,INDIVIDUAL,1300000,VERIFIED,37.0,metro
ENT_05519,INDIVIDUAL,1400000,VERIFIED,22.0,metro
ENT_05520,INDIVIDUAL,7800000,VERIFIED,60.0,rural
ENT_05521,INDIVIDUAL,3500000,VERIFIED,60.0,tier2
ENT_05522,INDIVIDUAL,700000,VERIFIED,53.0,tier2
ENT_05523,INDIVIDUAL,46100000,VERIFIED,59.0,tier2
ENT_05524,INDIVIDUAL,900000,VERIFIED,49.0,metro
ENT_05525,TRUST,34600000,VERIFIED,,metro
ENT_05526,BUSINESS,47300000,VERIFIED,,tier2
ENT_05527,INDIVIDUAL,8700000,VERIFIED,36.0,metro
ENT_05528,INDIVIDUAL,8800000,VERIFIED,53.0,metro
ENT_05529,BUSINESS,6500000,VERIFIED,,rural
ENT_05530,INDIVIDUAL,1400000,VERIFIED,40.0,metro
ENT_05531,INDIVIDUAL,1500000,VERIFIED,21.0,metro
ENT_05532,INDIVIDUAL,7800000,VERIFIED,35.0,metro
ENT_05533,INDIVIDUAL,1600000,VERIFIED,47.0,metro
ENT_05534,INDIVIDUAL,71700000,VERIFIED,30.0,tier2
ENT_05535,INDIVIDUAL,1400000,VERIFIED,49.0,rural
ENT_05536,BUSINESS,75000000,VERIFIED,,tier2
ENT_05537,INDIVIDUAL,9700000,VERIFIED,18.0,metro
ENT_05538,BUSINESS,5200000,VERIFIED,,tier2
ENT_05539,INDIVIDUAL,1300000,VERIFIED,26.0,tier2
ENT_05540,INDIVIDUAL,800000,VERIFIED,19.0,tier2
ENT_05541,TRUST,5300000,VERIFIED,,metro
ENT_05542,INDIVIDUAL,71000000,VERIFIED,34.0,tier2
ENT_05543,INDIVIDUAL,3800000,VERIFIED,49.0,tier2
ENT_05544,BUSINESS,2200000,VERIFIED,,metro
ENT_05545,INDIVIDUAL,300000,VERIFIED,35.0,rural
ENT_05546,INDIVIDUAL,1000000,VERIFIED,34.0,metro
ENT_05547,INDIVIDUAL,3300000,VERIFIED,60.0,metro
ENT_05548,INDIVIDUAL,7300000,VERIFIED,32.0,tier2
ENT_05549,INDIVIDUAL,5400000,VERIFIED,36.0,metro
ENT_05550,INDIVIDUAL,6500000,VERIFIED,20.0,tier2
ENT_05551,BUSINESS,5100000,VERIFIED,,metro
ENT_05552,INDIVIDUAL,41100000,VERIFIED,40.0,rural
ENT_05553,INDIVIDUAL,9800000,VERIFIED,47.0,tier2
ENT_05554,BUSINESS,29000000,VERIFIED,,tier2
ENT_05555,INDIVIDUAL,600000,VERIFIED,46.0,metro
ENT_05556,INDIVIDUAL,2100000,VERIFIED,60.0,metro
ENT_05557,INDIVIDUAL,83600000,VERIFIED,64.0,tier2
ENT_05558,INDIVIDUAL,4200000,VERIFIED,24.0,metro
ENT_05559,INDIVIDUAL,7700000,VERIFIED,25.0,tier2
ENT_05560,INDIVIDUAL,500000,VERIFIED,18.0,tier2
ENT_05561,BUSINESS,2000000,VERIFIED,,tier2
ENT_05562,INDIVIDUAL,0,VERIFIED,33.0,rural
ENT_05563,INDIVIDUAL,54600000,VERIFIED,65.0,metro
ENT_05564,INDIVIDUAL,1400000,VERIFIED,39.0,tier2
ENT_05565,BUSINESS,9600000,VERIFIED,,tier2
ENT_05566,INDIVIDUAL,1500000,VERIFIED,24.0,rural
ENT_05567,TRUST,7700000,VERIFIED,,rural
ENT_05568,INDIVIDUAL,0,VERIFIED,50.0,metro
ENT_05569,BUSINESS,1700000,VERIFIED,,metro
ENT_05570,INDIVIDUAL,700000,VERIFIED,41.0,metro
ENT_05571,INDIVIDUAL,4000000,VERIFIED,24.0,metro
ENT_05572,INDIVIDUAL,800000,VERIFIED,46.0,metro
ENT_05573,INDIVIDUAL,2400000,VERIFIED,63.0,metro
ENT_05574,INDIVIDUAL,9000000,VERIFIED,34.0,metro
ENT_05575,INDIVIDUAL,3500000,VERIFIED,59.0,metro
ENT_05576,INDIVIDUAL,3800000,VERIFIED,23.0,rural
ENT_05577,INDIVIDUAL,9500000,VERIFIED,55.0,metro
ENT_05578,INDIVIDUAL,5100000,VERIFIED,19.0,metro
ENT_05579,INDIVIDUAL,1300000,VERIFIED,47.0,tier2
ENT_05580,INDIVIDUAL,5300000,VERIFIED,22.0,rural
ENT_05581,INDIVIDUAL,400000,VERIFIED,45.0,metro
ENT_05582,INDIVIDUAL,7400000,VERIFIED,49.0,metro
ENT_05583,INDIVIDUAL,1200000,VERIFIED,53.0,metro
ENT_05584,INDIVIDUAL,0,VERIFIED,38.0,metro
ENT_05585,INDIVIDUAL,1000000,VERIFIED,25.0,tier2
ENT_05586,INDIVIDUAL,9700000,VERIFIED,46.0,metro
ENT_05587,INDIVIDUAL,1200000,VERIFIED,65.0,tier2
ENT_05588,INDIVIDUAL,600000,VERIFIED,21.0,metro
ENT_05589,INDIVIDUAL,0,VERIFIED,29.0,metro
ENT_05590,INDIVIDUAL,1500000,VERIFIED,51.0,metro
ENT_05591,INDIVIDUAL,3700000,VERIFIED,65.0,rural
ENT_05592,INDIVIDUAL,3100000,VERIFIED,56.0,metro
ENT_05593,INDIVIDUAL,1600000,VERIFIED,33.0,tier2
ENT_05594,INDIVIDUAL,0,VERIFIED,64.0,tier2
ENT_05595,INDIVIDUAL,6800000,VERIFIED,61.0,metro
ENT_05596,INDIVIDUAL,2800000,VERIFIED,33.0,tier2
ENT_05597,INDIVIDUAL,0,VERIFIED,22.0,rural
ENT_05598,BUSINESS,27600000,VERIFIED,,metro
ENT_05599,BUSINESS,4100000,VERIFIED,,metro
ENT_05600,INDIVIDUAL,3000000,VERIFIED,27.0,metro
ENT_05601,INDIVIDUAL,3100000,VERIFIED,41.0,tier2
ENT_05602,INDIVIDUAL,3500000,VERIFIED,61.0,tier2
ENT_05603,BUSINESS,9100000,VERIFIED,,metro
ENT_05604,INDIVIDUAL,0,VERIFIED,52.0,tier2
ENT_05605,INDIVIDUAL,0,VERIFIED,62.0,metro
ENT_05606,INDIVIDUAL,300000,VERIFIED,47.0,tier2
ENT_05607,INDIVIDUAL,1000000,VERIFIED,45.0,metro
ENT_05608,INDIVIDUAL,0,VERIFIED,26.0,metro
ENT_05609,INDIVIDUAL,0,VERIFIED,21.0,rural
ENT_05610,BUSINESS,34700000,VERIFIED,,metro
ENT_05611,INDIVIDUAL,9300000,VERIFIED,60.0,tier2
ENT_05612,INDIVIDUAL,600000,VERIFIED,47.0,metro
ENT_05613,INDIVIDUAL,8400000,VERIFIED,23.0,tier2
ENT_05614,INDIVIDUAL,700000,VERIFIED,41.0,metro
ENT_05615,INDIVIDUAL,5400000,VERIFIED,39.0,metro
ENT_05616,INDIVIDUAL,900000,VERIFIED,49.0,metro
ENT_05617,INDIVIDUAL,2400000,VERIFIED,62.0,tier2
ENT_05618,INDIVIDUAL,500000,VERIFIED,45.0,metro
ENT_05619,INDIVIDUAL,1400000,VERIFIED,43.0,tier2
ENT_05620,INDIVIDUAL,7900000,VERIFIED,32.0,rural
ENT_05621,INDIVIDUAL,1000000,VERIFIED,24.0,metro
ENT_05622,BUSINESS,94200000,VERIFIED,,rural
ENT_05623,INDIVIDUAL,1300000,VERIFIED,59.0,rural
ENT_05624,INDIVIDUAL,900000,VERIFIED,22.0,metro
ENT_05625,INDIVIDUAL,3200000,VERIFIED,49.0,metro
ENT_05626,INDIVIDUAL,0,VERIFIED,61.0,metro
ENT_05627,BUSINESS,9700000,VERIFIED,,metro
ENT_05628,INDIVIDUAL,500000,VERIFIED,36.0,tier2
ENT_05629,INDIVIDUAL,1100000,VERIFIED,65.0,metro
ENT_05630,BUSINESS,12700000,VERIFIED,,rural
ENT_05631,INDIVIDUAL,1200000,VERIFIED,42.0,tier2
ENT_05632,BUSINESS,5800000,VERIFIED,,tier2
ENT_05633,INDIVIDUAL,300000,VERIFIED,35.0,tier2
ENT_05634,INDIVIDUAL,9200000,VERIFIED,32.0,metro
ENT_05635,INDIVIDUAL,5400000,VERIFIED,54.0,rural
ENT_05636,INDIVIDUAL,1400000,VERIFIED,56.0,metro
ENT_05637,INDIVIDUAL,300000,VERIFIED,42.0,metro
ENT_05638,INDIVIDUAL,0,VERIFIED,34.0,metro
ENT_05639,INDIVIDUAL,8400000,VERIFIED,24.0,metro
ENT_05640,INDIVIDUAL,500000,VERIFIED,35.0,metro
ENT_05641,INDIVIDUAL,0,VERIFIED,52.0,metro
ENT_05642,INDIVIDUAL,6100000,VERIFIED,59.0,metro
ENT_05643,BUSINESS,63800000,VERIFIED,,tier2
ENT_05644,INDIVIDUAL,9300000,VERIFIED,34.0,rural
ENT_05645,INDIVIDUAL,1200000,VERIFIED,46.0,tier2
ENT_05646,INDIVIDUAL,500000,VERIFIED,24.0,metro
ENT_05647,INDIVIDUAL,6200000,VERIFIED,39.0,rural
ENT_05648,INDIVIDUAL,8000000,VERIFIED,57.0,tier2
ENT_05649,INDIVIDUAL,10900000,VERIFIED,45.0,metro
ENT_05650,INDIVIDUAL,10000000,VERIFIED,38.0,metro
ENT_05651,INDIVIDUAL,30400000,VERIFIED,24.0,metro
ENT_05652,INDIVIDUAL,95200000,VERIFIED,40.0,metro
ENT_05653,INDIVIDUAL,6300000,VERIFIED,24.0,metro
ENT_05654,INDIVIDUAL,1000000,VERIFIED,53.0,tier2
ENT_05655,INDIVIDUAL,3700000,VERIFIED,51.0,rural
ENT_05656,INDIVIDUAL,8400000,VERIFIED,21.0,metro
ENT_05657,TRUST,2400000,VERIFIED,,tier2
ENT_05658,INDIVIDUAL,0,VERIFIED,22.0,metro
ENT_05659,INDIVIDUAL,1300000,VERIFIED,62.0,metro
ENT_05660,INDIVIDUAL,9800000,VERIFIED,30.0,metro
ENT_05661,INDIVIDUAL,1900000,VERIFIED,48.0,tier2
ENT_05662,INDIVIDUAL,300000,VERIFIED,20.0,metro
ENT_05663,INDIVIDUAL,0,VERIFIED,48.0,tier2
ENT_05664,INDIVIDUAL,5700000,VERIFIED,51.0,tier2
ENT_05665,INDIVIDUAL,900000,VERIFIED,33.0,tier2
ENT_05666,BUSINESS,2900000,VERIFIED,,metro
ENT_05667,INDIVIDUAL,8700000,VERIFIED,58.0,metro
ENT_05668,BUSINESS,20800000,VERIFIED,,metro
ENT_05669,INDIVIDUAL,9900000,VERIFIED,65.0,metro
ENT_05670,INDIVIDUAL,9000000,VERIFIED,65.0,rural
ENT_05671,BUSINESS,98800000,VERIFIED,,metro
ENT_05672,INDIVIDUAL,93800000,VERIFIED,63.0,rural
ENT_05673,INDIVIDUAL,300000,VERIFIED,25.0,tier2
ENT_05674,INDIVIDUAL,4300000,VERIFIED,40.0,metro
ENT_05675,BUSINESS,42500000,VERIFIED,,metro
ENT_05676,INDIVIDUAL,300000,VERIFIED,56.0,metro
ENT_05677,BUSINESS,63300000,VERIFIED,,tier2
ENT_05678,INDIVIDUAL,14700000,VERIFIED,59.0,tier2
ENT_05679,INDIVIDUAL,1500000,VERIFIED,55.0,tier2
ENT_05680,INDIVIDUAL,1400000,VERIFIED,20.0,tier2
ENT_05681,INDIVIDUAL,3200000,VERIFIED,62.0,metro
ENT_05682,INDIVIDUAL,3400000,VERIFIED,39.0,tier2
ENT_05683,INDIVIDUAL,0,VERIFIED,43.0,tier2
ENT_05684,INDIVIDUAL,1200000,VERIFIED,48.0,metro
ENT_05685,INDIVIDUAL,0,VERIFIED,62.0,metro
ENT_05686,INDIVIDUAL,700000,VERIFIED,18.0,tier2
ENT_05687,INDIVIDUAL,500000,VERIFIED,59.0,metro
ENT_05688,BUSINESS,1700000,VERIFIED,,metro
ENT_05689,BUSINESS,6500000,VERIFIED,,metro
ENT_05690,BUSINESS,9300000,VERIFIED,,tier2
ENT_05691,INDIVIDUAL,1500000,VERIFIED,53.0,rural
ENT_05692,INDIVIDUAL,9500000,VERIFIED,19.0,metro
ENT_05693,INDIVIDUAL,5700000,VERIFIED,18.0,tier2
ENT_05694,INDIVIDUAL,1400000,VERIFIED,23.0,metro
ENT_05695,INDIVIDUAL,400000,VERIFIED,39.0,metro
ENT_05696,INDIVIDUAL,8300000,VERIFIED,36.0,metro
ENT_05697,INDIVIDUAL,1100000,VERIFIED,57.0,tier2
ENT_05698,BUSINESS,41800000,VERIFIED,,rural
ENT_05699,INDIVIDUAL,2100000,VERIFIED,61.0,tier2
ENT_05700,INDIVIDUAL,28300000,VERIFIED,42.0,rural
ENT_05701,INDIVIDUAL,1900000,VERIFIED,19.0,tier2
ENT_05702,INDIVIDUAL,700000,VERIFIED,29.0,tier2
ENT_05703,INDIVIDUAL,1300000,VERIFIED,29.0,metro
ENT_05704,INDIVIDUAL,1200000,VERIFIED,60.0,rural
ENT_05705,INDIVIDUAL,500000,VERIFIED,54.0,metro
ENT_05706,INDIVIDUAL,1200000,VERIFIED,34.0,metro
ENT_05707,INDIVIDUAL,3400000,VERIFIED,56.0,tier2
ENT_05708,BUSINESS,22900000,VERIFIED,,metro
ENT_05709,INDIVIDUAL,300000,VERIFIED,42.0,metro
ENT_05710,INDIVIDUAL,4400000,VERIFIED,44.0,metro
ENT_05711,BUSINESS,4000000,VERIFIED,,metro
ENT_05712,INDIVIDUAL,1400000,VERIFIED,51.0,metro
ENT_05713,BUSINESS,7400000,VERIFIED,,metro
ENT_05714,BUSINESS,4600000,VERIFIED,,metro
ENT_05715,INDIVIDUAL,1200000,VERIFIED,26.0,tier2
ENT_05716,INDIVIDUAL,600000,VERIFIED,39.0,rural
ENT_05717,INDIVIDUAL,3000000,VERIFIED,53.0,tier2
ENT_05718,BUSINESS,72300000,VERIFIED,,metro
ENT_05719,TRUST,4100000,VERIFIED,,tier2
ENT_05720,BUSINESS,39000000,VERIFIED,,metro
ENT_05721,INDIVIDUAL,0,VERIFIED,48.0,metro
ENT_05722,INDIVIDUAL,1500000,VERIFIED,53.0,tier2
ENT_05723,INDIVIDUAL,8500000,VERIFIED,39.0,metro
ENT_05724,INDIVIDUAL,31700000,VERIFIED,35.0,rural
ENT_05725,INDIVIDUAL,6100000,VERIFIED,60.0,metro
ENT_05726,TRUST,56700000,VERIFIED,,metro
ENT_05727,INDIVIDUAL,1300000,VERIFIED,19.0,rural
ENT_05728,BUSINESS,2000000,VERIFIED,,rural
ENT_05729,INDIVIDUAL,18200000,VERIFIED,19.0,rural
ENT_05730,INDIVIDUAL,6700000,VERIFIED,24.0,metro
ENT_05731,INDIVIDUAL,900000,VERIFIED,64.0,metro
ENT_05732,INDIVIDUAL,0,VERIFIED,64.0,tier2
ENT_05733,BUSINESS,60300000,VERIFIED,,tier2
ENT_05734,INDIVIDUAL,9700000,VERIFIED,29.0,metro
ENT_05735,INDIVIDUAL,47600000,VERIFIED,57.0,rural
ENT_05736,TRUST,11900000,VERIFIED,,rural
ENT_05737,TRUST,9200000,VERIFIED,,metro
ENT_05738,INDIVIDUAL,8300000,VERIFIED,32.0,metro
ENT_05739,INDIVIDUAL,1400000,VERIFIED,65.0,rural
ENT_05740,BUSINESS,17300000,VERIFIED,,metro
ENT_05741,INDIVIDUAL,5200000,VERIFIED,46.0,metro
ENT_05742,TRUST,15700000,VERIFIED,,rural
ENT_05743,INDIVIDUAL,800000,VERIFIED,63.0,rural
ENT_05744,INDIVIDUAL,900000,VERIFIED,37.0,tier2
ENT_05745,INDIVIDUAL,4100000,VERIFIED,51.0,tier2
ENT_05746,INDIVIDUAL,6200000,VERIFIED,53.0,rural
ENT_05747,INDIVIDUAL,1100000,VERIFIED,40.0,metro
ENT_05748,INDIVIDUAL,0,VERIFIED,23.0,rural
ENT_05749,INDIVIDUAL,5800000,VERIFIED,56.0,metro
ENT_05750,TRUST,1000000,VERIFIED,,tier2
ENT_05751,INDIVIDUAL,5700000,VERIFIED,27.0,rural
ENT_05752,BUSINESS,63600000,VERIFIED,,metro
ENT_05753,INDIVIDUAL,5900000,VERIFIED,38.0,metro
ENT_05754,INDIVIDUAL,900000,VERIFIED,31.0,metro
ENT_05755,INDIVIDUAL,1200000,VERIFIED,34.0,metro
ENT_05756,INDIVIDUAL,1400000,VERIFIED,63.0,metro
ENT_05757,INDIVIDUAL,0,VERIFIED,27.0,metro
ENT_05758,INDIVIDUAL,2100000,VERIFIED,48.0,tier2
ENT_05759,INDIVIDUAL,0,VERIFIED,32.0,rural
ENT_05760,BUSINESS,57200000,VERIFIED,,metro
ENT_05761,INDIVIDUAL,2700000,VERIFIED,42.0,metro
ENT_05762,INDIVIDUAL,9900000,VERIFIED,20.0,tier2
ENT_05763,BUSINESS,93300000,VERIFIED,,metro
ENT_05764,INDIVIDUAL,97900000,VERIFIED,41.0,tier2
ENT_05765,INDIVIDUAL,4600000,VERIFIED,50.0,tier2
ENT_05766,INDIVIDUAL,600000,VERIFIED,46.0,tier2
ENT_05767,INDIVIDUAL,1300000,VERIFIED,33.0,metro
ENT_05768,INDIVIDUAL,4600000,VERIFIED,19.0,metro
ENT_05769,INDIVIDUAL,59100000,VERIFIED,44.0,metro
ENT_05770,INDIVIDUAL,5400000,VERIFIED,30.0,metro
ENT_05771,INDIVIDUAL,3600000,VERIFIED,59.0,tier2
ENT_05772,INDIVIDUAL,1400000,VERIFIED,59.0,tier2
ENT_05773,INDIVIDUAL,300000,VERIFIED,44.0,metro
ENT_05774,INDIVIDUAL,4000000,VERIFIED,65.0,metro
ENT_05775,INDIVIDUAL,1500000,VERIFIED,39.0,tier2
ENT_05776,INDIVIDUAL,500000,VERIFIED,30.0,rural
ENT_05777,INDIVIDUAL,300000,VERIFIED,58.0,tier2
ENT_05778,BUSINESS,4300000,VERIFIED,,metro
ENT_05779,BUSINESS,1800000,VERIFIED,,metro
ENT_05780,INDIVIDUAL,1500000,VERIFIED,60.0,metro
ENT_05781,INDIVIDUAL,0,VERIFIED,62.0,tier2
ENT_05782,INDIVIDUAL,6100000,VERIFIED,38.0,rural
ENT_05783,INDIVIDUAL,800000,VERIFIED,50.0,metro
ENT_05784,TRUST,51100000,VERIFIED,,metro
ENT_05785,INDIVIDUAL,1000000,VERIFIED,45.0,rural
ENT_05786,INDIVIDUAL,6200000,VERIFIED,50.0,metro
ENT_05787,INDIVIDUAL,8400000,VERIFIED,44.0,metro
ENT_05788,INDIVIDUAL,5900000,VERIFIED,53.0,rural
ENT_05789,INDIVIDUAL,0,VERIFIED,41.0,tier2
ENT_05790,INDIVIDUAL,1200000,VERIFIED,55.0,metro
ENT_05791,INDIVIDUAL,4500000,VERIFIED,63.0,metro
ENT_05792,INDIVIDUAL,1400000,VERIFIED,29.0,tier2
ENT_05793,INDIVIDUAL,700000,VERIFIED,19.0,metro
ENT_05794,BUSINESS,27800000,VERIFIED,,rural
ENT_05795,INDIVIDUAL,0,VERIFIED,22.0,metro
ENT_05796,INDIVIDUAL,300000,VERIFIED,37.0,metro
ENT_05797,INDIVIDUAL,1100000,VERIFIED,55.0,rural
ENT_05798,INDIVIDUAL,7400000,VERIFIED,39.0,metro
ENT_05799,INDIVIDUAL,2600000,VERIFIED,18.0,metro
ENT_05800,INDIVIDUAL,300000,VERIFIED,65.0,rural
ENT_05801,INDIVIDUAL,7400000,VERIFIED,48.0,tier2
ENT_05802,BUSINESS,52300000,VERIFIED,,metro
ENT_05803,BUSINESS,19700000,VERIFIED,,metro
ENT_05804,TRUST,7400000,VERIFIED,,tier2
ENT_05805,INDIVIDUAL,800000,VERIFIED,30.0,metro
ENT_05806,BUSINESS,64700000,VERIFIED,,rural
ENT_05807,INDIVIDUAL,63900000,VERIFIED,52.0,metro
ENT_05808,INDIVIDUAL,1100000,VERIFIED,56.0,metro
ENT_05809,BUSINESS,8300000,VERIFIED,,tier2
ENT_05810,INDIVIDUAL,1900000,VERIFIED,28.0,rural
ENT_05811,INDIVIDUAL,800000,VERIFIED,51.0,rural
ENT_05812,TRUST,45300000,VERIFIED,,tier2
ENT_05813,INDIVIDUAL,2200000,VERIFIED,55.0,metro
ENT_05814,INDIVIDUAL,19300000,VERIFIED,53.0,rural
ENT_05815,INDIVIDUAL,3500000,VERIFIED,52.0,metro
ENT_05816,INDIVIDUAL,700000,VERIFIED,26.0,tier2
ENT_05817,TRUST,2300000,VERIFIED,,tier2
ENT_05818,BUSINESS,1600000,VERIFIED,,rural
ENT_05819,INDIVIDUAL,400000,VERIFIED,50.0,metro
ENT_05820,INDIVIDUAL,400000,VERIFIED,23.0,metro
ENT_05821,INDIVIDUAL,400000,VERIFIED,39.0,rural
ENT_05822,INDIVIDUAL,300000,VERIFIED,22.0,metro
ENT_05823,INDIVIDUAL,0,VERIFIED,37.0,metro
ENT_05824,INDIVIDUAL,9500000,VERIFIED,63.0,metro
ENT_05825,INDIVIDUAL,85800000,VERIFIED,44.0,metro
ENT_05826,INDIVIDUAL,5000000,VERIFIED,38.0,metro
ENT_05827,INDIVIDUAL,4000000,VERIFIED,65.0,rural
ENT_05828,INDIVIDUAL,2500000,VERIFIED,53.0,tier2
ENT_05829,INDIVIDUAL,2800000,VERIFIED,44.0,rural
ENT_05830,BUSINESS,25600000,VERIFIED,,metro
ENT_05831,INDIVIDUAL,0,VERIFIED,57.0,rural
ENT_05832,BUSINESS,9800000,VERIFIED,,tier2
ENT_05833,TRUST,1200000,VERIFIED,,metro
ENT_05834,INDIVIDUAL,9900000,VERIFIED,64.0,tier2
ENT_05835,INDIVIDUAL,2700000,VERIFIED,65.0,metro
ENT_05836,INDIVIDUAL,1100000,VERIFIED,26.0,metro
ENT_05837,INDIVIDUAL,5500000,VERIFIED,58.0,metro
ENT_05838,INDIVIDUAL,1200000,VERIFIED,54.0,tier2
ENT_05839,TRUST,9000000,VERIFIED,,metro
ENT_05840,INDIVIDUAL,18800000,VERIFIED,65.0,metro
ENT_05841,INDIVIDUAL,1300000,VERIFIED,58.0,tier2
ENT_05842,BUSINESS,23200000,VERIFIED,,tier2
ENT_05843,INDIVIDUAL,1400000,VERIFIED,30.0,metro
ENT_05844,INDIVIDUAL,77600000,VERIFIED,47.0,rural
ENT_05845,INDIVIDUAL,1000000,VERIFIED,65.0,metro
ENT_05846,BUSINESS,2800000,VERIFIED,,tier2
ENT_05847,INDIVIDUAL,1400000,VERIFIED,20.0,metro
ENT_05848,TRUST,10000000,VERIFIED,,rural
ENT_05849,BUSINESS,11600000,VERIFIED,,rural
ENT_05850,INDIVIDUAL,3200000,VERIFIED,29.0,metro
ENT_05851,INDIVIDUAL,700000,VERIFIED,48.0,metro
ENT_05852,TRUST,14200000,VERIFIED,,tier2
ENT_05853,INDIVIDUAL,9100000,VERIFIED,50.0,rural
ENT_05854,INDIVIDUAL,900000,VERIFIED,62.0,metro
ENT_05855,INDIVIDUAL,43700000,VERIFIED,58.0,rural
ENT_05856,INDIVIDUAL,1100000,VERIFIED,53.0,metro
ENT_05857,INDIVIDUAL,5800000,VERIFIED,40.0,metro
ENT_05858,TRUST,1900000,VERIFIED,,metro
ENT_05859,INDIVIDUAL,0,VERIFIED,59.0,metro
ENT_05860,BUSINESS,2100000,VERIFIED,,rural
ENT_05861,INDIVIDUAL,8100000,VERIFIED,42.0,metro
ENT_05862,INDIVIDUAL,4500000,VERIFIED,60.0,tier2
ENT_05863,BUSINESS,3700000,VERIFIED,,tier2
ENT_05864,INDIVIDUAL,1400000,VERIFIED,64.0,metro
ENT_05865,TRUST,84700000,VERIFIED,,metro
ENT_05866,INDIVIDUAL,4700000,VERIFIED,37.0,metro
ENT_05867,INDIVIDUAL,1000000,VERIFIED,54.0,tier2
ENT_05868,TRUST,23100000,VERIFIED,,tier2
ENT_05869,INDIVIDUAL,6200000,VERIFIED,48.0,metro
ENT_05870,INDIVIDUAL,3800000,VERIFIED,26.0,tier2
ENT_05871,INDIVIDUAL,0,VERIFIED,53.0,metro
ENT_05872,INDIVIDUAL,9000000,VERIFIED,51.0,tier2
ENT_05873,INDIVIDUAL,5800000,VERIFIED,62.0,tier2
ENT_05874,INDIVIDUAL,1500000,VERIFIED,60.0,rural
ENT_05875,INDIVIDUAL,500000,VERIFIED,51.0,rural
ENT_05876,INDIVIDUAL,87800000,VERIFIED,25.0,tier2
ENT_05877,INDIVIDUAL,300000,VERIFIED,45.0,rural
ENT_05878,INDIVIDUAL,1400000,VERIFIED,37.0,tier2
ENT_05879,BUSINESS,75400000,VERIFIED,,metro
ENT_05880,INDIVIDUAL,38500000,VERIFIED,38.0,rural
ENT_05881,INDIVIDUAL,85100000,VERIFIED,35.0,tier2
ENT_05882,BUSINESS,2000000,VERIFIED,,metro
ENT_05883,INDIVIDUAL,0,VERIFIED,48.0,metro
ENT_05884,INDIVIDUAL,5200000,VERIFIED,56.0,tier2
ENT_05885,BUSINESS,38100000,VERIFIED,,tier2
ENT_05886,INDIVIDUAL,1300000,VERIFIED,22.0,tier2
ENT_05887,INDIVIDUAL,9700000,VERIFIED,28.0,metro
ENT_05888,INDIVIDUAL,1400000,VERIFIED,59.0,metro
ENT_05889,INDIVIDUAL,700000,VERIFIED,39.0,metro
ENT_05890,INDIVIDUAL,800000,VERIFIED,22.0,tier2
ENT_05891,INDIVIDUAL,400000,VERIFIED,57.0,metro
ENT_05892,INDIVIDUAL,1400000,VERIFIED,18.0,rural
ENT_05893,INDIVIDUAL,45900000,VERIFIED,65.0,tier2
ENT_05894,INDIVIDUAL,6000000,VERIFIED,30.0,rural
ENT_05895,INDIVIDUAL,8300000,VERIFIED,48.0,tier2
ENT_05896,INDIVIDUAL,24800000,VERIFIED,26.0,tier2
ENT_05897,INDIVIDUAL,3700000,VERIFIED,37.0,tier2
ENT_05898,INDIVIDUAL,900000,VERIFIED,53.0,metro
ENT_05899,INDIVIDUAL,6500000,VERIFIED,59.0,tier2
ENT_05900,TRUST,4500000,VERIFIED,,metro
ENT_05901,INDIVIDUAL,66600000,VERIFIED,18.0,metro
ENT_05902,BUSINESS,86500000,VERIFIED,,metro
ENT_05903,INDIVIDUAL,6100000,VERIFIED,65.0,metro
ENT_05904,BUSINESS,52600000,VERIFIED,,rural
ENT_05905,INDIVIDUAL,6000000,VERIFIED,20.0,tier2
ENT_05906,INDIVIDUAL,6100000,VERIFIED,58.0,tier2
ENT_05907,INDIVIDUAL,0,VERIFIED,39.0,tier2
ENT_05908,INDIVIDUAL,4800000,VERIFIED,57.0,tier2
ENT_05909,INDIVIDUAL,10000000,VERIFIED,51.0,rural
ENT_05910,INDIVIDUAL,1300000,VERIFIED,61.0,metro
ENT_05911,INDIVIDUAL,3100000,VERIFIED,23.0,rural
ENT_05912,BUSINESS,8100000,VERIFIED,,metro
ENT_05913,INDIVIDUAL,800000,VERIFIED,38.0,tier2
ENT_05914,INDIVIDUAL,500000,VERIFIED,44.0,metro
ENT_05915,BUSINESS,75600000,VERIFIED,,tier2
ENT_05916,INDIVIDUAL,1000000,VERIFIED,53.0,tier2
ENT_05917,BUSINESS,18400000,VERIFIED,,tier2
ENT_05918,BUSINESS,8700000,VERIFIED,,tier2
ENT_05919,INDIVIDUAL,400000,VERIFIED,27.0,tier2
ENT_05920,INDIVIDUAL,1500000,VERIFIED,37.0,tier2
ENT_05921,INDIVIDUAL,400000,VERIFIED,45.0,rural
ENT_05922,INDIVIDUAL,1500000,VERIFIED,61.0,tier2
ENT_05923,INDIVIDUAL,9400000,VERIFIED,54.0,metro
ENT_05924,INDIVIDUAL,900000,VERIFIED,38.0,tier2
ENT_05925,INDIVIDUAL,0,VERIFIED,38.0,metro
ENT_05926,INDIVIDUAL,10000000,VERIFIED,31.0,tier2
ENT_05927,INDIVIDUAL,54200000,VERIFIED,52.0,metro
ENT_05928,INDIVIDUAL,900000,VERIFIED,54.0,metro
ENT_05929,INDIVIDUAL,0,VERIFIED,55.0,metro
ENT_05930,INDIVIDUAL,7200000,VERIFIED,43.0,rural
ENT_05931,INDIVIDUAL,400000,VERIFIED,40.0,metro
ENT_05932,INDIVIDUAL,300000,VERIFIED,60.0,metro
ENT_05933,INDIVIDUAL,700000,VERIFIED,47.0,metro
ENT_05934,INDIVIDUAL,700000,VERIFIED,33.0,tier2
ENT_05935,BUSINESS,23600000,VERIFIED,,metro
ENT_05936,BUSINESS,51000000,VERIFIED,,metro
ENT_05937,INDIVIDUAL,1400000,VERIFIED,58.0,metro
ENT_05938,INDIVIDUAL,9300000,VERIFIED,41.0,metro
ENT_05939,INDIVIDUAL,600000,VERIFIED,27.0,tier2
ENT_05940,TRUST,9600000,VERIFIED,,tier2
ENT_05941,INDIVIDUAL,7200000,VERIFIED,65.0,tier2
ENT_05942,BUSINESS,9300000,VERIFIED,,metro
ENT_05943,INDIVIDUAL,7700000,VERIFIED,34.0,tier2
ENT_05944,INDIVIDUAL,500000,VERIFIED,33.0,metro
ENT_05945,INDIVIDUAL,9100000,VERIFIED,37.0,metro
ENT_05946,INDIVIDUAL,700000,VERIFIED,43.0,rural
ENT_05947,TRUST,4200000,VERIFIED,,tier2
ENT_05948,INDIVIDUAL,9800000,VERIFIED,33.0,rural
ENT_05949,INDIVIDUAL,800000,VERIFIED,54.0,metro
ENT_05950,INDIVIDUAL,7300000,VERIFIED,36.0,metro
ENT_05951,INDIVIDUAL,0,VERIFIED,47.0,metro
ENT_05952,INDIVIDUAL,300000,VERIFIED,22.0,metro
ENT_05953,INDIVIDUAL,0,VERIFIED,20.0,tier2
ENT_05954,INDIVIDUAL,0,VERIFIED,42.0,metro
ENT_05955,INDIVIDUAL,300000,VERIFIED,49.0,tier2
ENT_05956,INDIVIDUAL,1100000,VERIFIED,38.0,metro
ENT_05957,INDIVIDUAL,25900000,VERIFIED,25.0,tier2
ENT_05958,INDIVIDUAL,4000000,VERIFIED,60.0,tier2
ENT_05959,INDIVIDUAL,6600000,VERIFIED,43.0,tier2
ENT_05960,INDIVIDUAL,900000,VERIFIED,49.0,rural
ENT_05961,INDIVIDUAL,5500000,VERIFIED,63.0,tier2
ENT_05962,INDIVIDUAL,1000000,VERIFIED,26.0,metro
ENT_05963,INDIVIDUAL,400000,VERIFIED,31.0,metro
ENT_05964,INDIVIDUAL,600000,VERIFIED,57.0,metro
ENT_05965,INDIVIDUAL,0,VERIFIED,47.0,rural
ENT_05966,INDIVIDUAL,700000,VERIFIED,57.0,metro
ENT_05967,INDIVIDUAL,3800000,VERIFIED,38.0,metro
ENT_05968,INDIVIDUAL,6600000,VERIFIED,22.0,rural
ENT_05969,INDIVIDUAL,30000000,VERIFIED,63.0,tier2
ENT_05970,TRUST,6800000,VERIFIED,,tier2
ENT_05971,INDIVIDUAL,1300000,VERIFIED,45.0,rural
ENT_05972,INDIVIDUAL,300000,VERIFIED,50.0,metro
ENT_05973,BUSINESS,34200000,VERIFIED,,rural
ENT_05974,INDIVIDUAL,4300000,VERIFIED,63.0,tier2
ENT_05975,INDIVIDUAL,7600000,VERIFIED,42.0,metro
ENT_05976,INDIVIDUAL,0,VERIFIED,26.0,tier2
ENT_05977,TRUST,1900000,VERIFIED,,metro
ENT_05978,INDIVIDUAL,500000,VERIFIED,42.0,metro
ENT_05979,INDIVIDUAL,1300000,VERIFIED,52.0,tier2
ENT_05980,TRUST,50300000,VERIFIED,,rural
ENT_05981,INDIVIDUAL,700000,VERIFIED,58.0,tier2
ENT_05982,INDIVIDUAL,600000,VERIFIED,29.0,metro
ENT_05983,BUSINESS,2400000,VERIFIED,,tier2
ENT_05984,INDIVIDUAL,9500000,VERIFIED,62.0,metro
ENT_05985,INDIVIDUAL,29200000,VERIFIED,50.0,rural
ENT_05986,INDIVIDUAL,600000,VERIFIED,53.0,rural
ENT_05987,INDIVIDUAL,1200000,VERIFIED,31.0,metro
ENT_05988,TRUST,89900000,VERIFIED,,metro
ENT_05989,INDIVIDUAL,1000000,VERIFIED,23.0,metro
ENT_05990,INDIVIDUAL,400000,VERIFIED,34.0,tier2
ENT_05991,INDIVIDUAL,700000,VERIFIED,21.0,rural
ENT_05992,INDIVIDUAL,1100000,VERIFIED,31.0,rural
ENT_05993,INDIVIDUAL,0,VERIFIED,48.0,rural
ENT_05994,INDIVIDUAL,1000000,VERIFIED,20.0,tier2
ENT_05995,INDIVIDUAL,1300000,VERIFIED,48.0,metro
ENT_05996,TRUST,48600000,VERIFIED,,metro
ENT_05997,INDIVIDUAL,0,VERIFIED,44.0,tier2
ENT_05998,INDIVIDUAL,0,VERIFIED,44.0,metro
ENT_05999,INDIVIDUAL,700000,VERIFIED,52.0,tier2
ENT_06000,INDIVIDUAL,9400000,VERIFIED,37.0,metro
ENT_06001,INDIVIDUAL,1500000,VERIFIED,32.0,rural
ENT_06002,INDIVIDUAL,700000,VERIFIED,59.0,metro
ENT_06003,INDIVIDUAL,6900000,VERIFIED,37.0,metro
ENT_06004,INDIVIDUAL,800000,VERIFIED,63.0,rural
ENT_06005,INDIVIDUAL,1200000,VERIFIED,42.0,tier2
ENT_06006,INDIVIDUAL,1400000,VERIFIED,54.0,tier2
ENT_06007,INDIVIDUAL,3900000,VERIFIED,37.0,metro
ENT_06008,BUSINESS,79900000,VERIFIED,,metro
ENT_06009,INDIVIDUAL,5700000,VERIFIED,53.0,tier2
ENT_06010,INDIVIDUAL,24500000,VERIFIED,55.0,metro
ENT_06011,TRUST,2500000,VERIFIED,,rural
ENT_06012,BUSINESS,9100000,VERIFIED,,rural
ENT_06013,INDIVIDUAL,5300000,VERIFIED,28.0,metro
ENT_06014,INDIVIDUAL,900000,VERIFIED,54.0,tier2
ENT_06015,INDIVIDUAL,7500000,VERIFIED,47.0,metro
ENT_06016,INDIVIDUAL,0,VERIFIED,56.0,metro
ENT_06017,INDIVIDUAL,600000,VERIFIED,50.0,rural
ENT_06018,INDIVIDUAL,9100000,VERIFIED,23.0,metro
ENT_06019,INDIVIDUAL,1500000,VERIFIED,38.0,rural
ENT_06020,INDIVIDUAL,700000,VERIFIED,42.0,tier2
ENT_06021,INDIVIDUAL,2500000,VERIFIED,19.0,rural
ENT_06022,INDIVIDUAL,1500000,VERIFIED,23.0,metro
ENT_06023,INDIVIDUAL,1200000,VERIFIED,39.0,metro
ENT_06024,TRUST,67900000,VERIFIED,,tier2
ENT_06025,BUSINESS,20200000,VERIFIED,,metro
ENT_06026,INDIVIDUAL,9900000,VERIFIED,19.0,metro
ENT_06027,INDIVIDUAL,1700000,VERIFIED,54.0,metro
ENT_06028,INDIVIDUAL,81500000,VERIFIED,42.0,metro
ENT_06029,INDIVIDUAL,1100000,VERIFIED,32.0,tier2
ENT_06030,INDIVIDUAL,3600000,VERIFIED,33.0,metro
ENT_06031,INDIVIDUAL,1100000,VERIFIED,47.0,tier2
ENT_06032,INDIVIDUAL,1300000,VERIFIED,45.0,rural
ENT_06033,INDIVIDUAL,700000,VERIFIED,38.0,rural
ENT_06034,INDIVIDUAL,8500000,VERIFIED,63.0,metro
ENT_06035,INDIVIDUAL,2000000,VERIFIED,58.0,tier2
ENT_06036,INDIVIDUAL,0,VERIFIED,32.0,metro
ENT_06037,INDIVIDUAL,1400000,VERIFIED,64.0,metro
ENT_06038,BUSINESS,98900000,VERIFIED,,metro
ENT_06039,INDIVIDUAL,700000,VERIFIED,52.0,rural
ENT_06040,INDIVIDUAL,6600000,VERIFIED,64.0,rural
ENT_06041,BUSINESS,49600000,VERIFIED,,metro
ENT_06042,INDIVIDUAL,1000000,VERIFIED,21.0,metro
ENT_06043,INDIVIDUAL,5600000,VERIFIED,55.0,tier2
ENT_06044,INDIVIDUAL,400000,VERIFIED,24.0,metro
ENT_06045,INDIVIDUAL,58400000,VERIFIED,43.0,metro
ENT_06046,INDIVIDUAL,1400000,VERIFIED,40.0,metro
ENT_06047,INDIVIDUAL,6800000,VERIFIED,27.0,metro
ENT_06048,INDIVIDUAL,1100000,VERIFIED,39.0,metro
ENT_06049,TRUST,8400000,VERIFIED,,metro
ENT_06050,INDIVIDUAL,48900000,VERIFIED,51.0,rural
ENT_06051,INDIVIDUAL,0,VERIFIED,45.0,metro
ENT_06052,INDIVIDUAL,9300000,VERIFIED,63.0,rural
ENT_06053,INDIVIDUAL,6200000,VERIFIED,53.0,metro
ENT_06054,INDIVIDUAL,6600000,VERIFIED,47.0,metro
ENT_06055,INDIVIDUAL,0,VERIFIED,59.0,metro
ENT_06056,INDIVIDUAL,2800000,VERIFIED,42.0,metro
ENT_06057,INDIVIDUAL,1400000,VERIFIED,46.0,metro
ENT_06058,INDIVIDUAL,0,VERIFIED,46.0,tier2
ENT_06059,TRUST,27600000,VERIFIED,,metro
ENT_06060,INDIVIDUAL,1300000,VERIFIED,28.0,metro
ENT_06061,INDIVIDUAL,1500000,VERIFIED,33.0,metro
ENT_06062,INDIVIDUAL,3900000,VERIFIED,34.0,metro
ENT_06063,INDIVIDUAL,1400000,VERIFIED,19.0,rural
ENT_06064,TRUST,82400000,VERIFIED,,metro
ENT_06065,BUSINESS,77000000,VERIFIED,,metro
ENT_06066,INDIVIDUAL,6000000,VERIFIED,38.0,tier2
ENT_06067,INDIVIDUAL,0,VERIFIED,50.0,metro
ENT_06068,INDIVIDUAL,1400000,VERIFIED,42.0,rural
ENT_06069,INDIVIDUAL,8100000,VERIFIED,39.0,metro
ENT_06070,INDIVIDUAL,35100000,VERIFIED,24.0,metro
ENT_06071,INDIVIDUAL,7600000,VERIFIED,18.0,metro
ENT_06072,INDIVIDUAL,24600000,VERIFIED,51.0,rural
ENT_06073,INDIVIDUAL,52000000,VERIFIED,37.0,rural
ENT_06074,INDIVIDUAL,7100000,VERIFIED,53.0,rural
ENT_06075,TRUST,65700000,VERIFIED,,metro
ENT_06076,INDIVIDUAL,0,VERIFIED,64.0,tier2
ENT_06077,INDIVIDUAL,400000,VERIFIED,48.0,metro
ENT_06078,BUSINESS,67300000,VERIFIED,,metro
ENT_06079,INDIVIDUAL,1200000,VERIFIED,54.0,tier2
ENT_06080,INDIVIDUAL,1100000,VERIFIED,48.0,metro
ENT_06081,BUSINESS,4200000,VERIFIED,,rural
ENT_06082,BUSINESS,27700000,VERIFIED,,tier2
ENT_06083,INDIVIDUAL,69100000,VERIFIED,43.0,metro
ENT_06084,INDIVIDUAL,0,VERIFIED,30.0,tier2
ENT_06085,INDIVIDUAL,7000000,VERIFIED,18.0,metro
ENT_06086,INDIVIDUAL,0,VERIFIED,51.0,metro
ENT_06087,INDIVIDUAL,0,VERIFIED,19.0,metro
ENT_06088,INDIVIDUAL,1000000,VERIFIED,23.0,tier2
ENT_06089,INDIVIDUAL,700000,VERIFIED,22.0,metro
ENT_06090,INDIVIDUAL,9400000,VERIFIED,62.0,metro
ENT_06091,BUSINESS,23400000,VERIFIED,,rural
ENT_06092,INDIVIDUAL,2200000,VERIFIED,40.0,metro
ENT_06093,INDIVIDUAL,4200000,VERIFIED,35.0,metro
ENT_06094,INDIVIDUAL,6000000,VERIFIED,21.0,metro
ENT_06095,BUSINESS,3500000,VERIFIED,,metro
ENT_06096,TRUST,24500000,VERIFIED,,rural
ENT_06097,INDIVIDUAL,1100000,VERIFIED,63.0,tier2
ENT_06098,INDIVIDUAL,4300000,VERIFIED,39.0,metro
ENT_06099,INDIVIDUAL,900000,VERIFIED,49.0,metro
ENT_06100,INDIVIDUAL,7400000,VERIFIED,63.0,metro
ENT_06101,INDIVIDUAL,0,VERIFIED,41.0,metro
ENT_06102,INDIVIDUAL,1200000,VERIFIED,48.0,tier2
ENT_06103,INDIVIDUAL,400000,VERIFIED,54.0,metro
ENT_06104,INDIVIDUAL,8000000,VERIFIED,64.0,tier2
ENT_06105,INDIVIDUAL,500000,VERIFIED,54.0,metro
ENT_06106,INDIVIDUAL,1300000,VERIFIED,30.0,tier2
ENT_06107,INDIVIDUAL,8500000,VERIFIED,24.0,metro
ENT_06108,TRUST,43000000,VERIFIED,,rural
ENT_06109,INDIVIDUAL,8700000,VERIFIED,59.0,metro
ENT_06110,INDIVIDUAL,300000,VERIFIED,47.0,metro
ENT_06111,BUSINESS,4900000,VERIFIED,,rural
ENT_06112,INDIVIDUAL,4000000,VERIFIED,55.0,metro
ENT_06113,INDIVIDUAL,400000,VERIFIED,51.0,rural
ENT_06114,INDIVIDUAL,0,VERIFIED,37.0,tier2
ENT_06115,TRUST,84500000,VERIFIED,,metro
ENT_06116,INDIVIDUAL,10000000,VERIFIED,47.0,metro
ENT_06117,BUSINESS,9100000,VERIFIED,,metro
ENT_06118,INDIVIDUAL,700000,VERIFIED,57.0,rural
ENT_06119,INDIVIDUAL,900000,VERIFIED,41.0,metro
ENT_06120,INDIVIDUAL,1400000,VERIFIED,37.0,metro
ENT_06121,INDIVIDUAL,1500000,VERIFIED,28.0,tier2
ENT_06122,INDIVIDUAL,3800000,VERIFIED,35.0,rural
ENT_06123,INDIVIDUAL,2600000,VERIFIED,36.0,metro
ENT_06124,BUSINESS,1600000,VERIFIED,,tier2
ENT_06125,INDIVIDUAL,0,VERIFIED,62.0,metro
ENT_06126,INDIVIDUAL,700000,VERIFIED,28.0,metro
ENT_06127,INDIVIDUAL,95300000,VERIFIED,26.0,metro
ENT_06128,INDIVIDUAL,300000,VERIFIED,32.0,metro
ENT_06129,INDIVIDUAL,0,VERIFIED,23.0,tier2
ENT_06130,INDIVIDUAL,1700000,VERIFIED,24.0,tier2
ENT_06131,INDIVIDUAL,1400000,VERIFIED,25.0,tier2
ENT_06132,INDIVIDUAL,700000,VERIFIED,22.0,metro
ENT_06133,TRUST,1100000,VERIFIED,,tier2
ENT_06134,INDIVIDUAL,1200000,VERIFIED,32.0,metro
ENT_06135,INDIVIDUAL,4400000,VERIFIED,46.0,rural
ENT_06136,INDIVIDUAL,9100000,VERIFIED,33.0,rural
ENT_06137,TRUST,73100000,VERIFIED,,metro
ENT_06138,INDIVIDUAL,7100000,VERIFIED,23.0,rural
ENT_06139,INDIVIDUAL,3100000,VERIFIED,28.0,metro
ENT_06140,BUSINESS,84600000,VERIFIED,,tier2
ENT_06141,INDIVIDUAL,0,VERIFIED,64.0,metro
ENT_06142,INDIVIDUAL,0,VERIFIED,20.0,tier2
ENT_06143,INDIVIDUAL,1000000,VERIFIED,44.0,metro
ENT_06144,BUSINESS,6700000,VERIFIED,,tier2
ENT_06145,INDIVIDUAL,5100000,VERIFIED,38.0,metro
ENT_06146,BUSINESS,28000000,VERIFIED,,tier2
ENT_06147,INDIVIDUAL,8600000,VERIFIED,27.0,tier2
ENT_06148,INDIVIDUAL,6600000,VERIFIED,41.0,rural
ENT_06149,INDIVIDUAL,8900000,VERIFIED,30.0,metro
ENT_06150,INDIVIDUAL,8500000,VERIFIED,19.0,metro
ENT_06151,BUSINESS,9800000,VERIFIED,,metro
ENT_06152,INDIVIDUAL,3800000,VERIFIED,39.0,metro
ENT_06153,INDIVIDUAL,7500000,VERIFIED,24.0,rural
ENT_06154,INDIVIDUAL,33800000,VERIFIED,35.0,metro
ENT_06155,INDIVIDUAL,3600000,VERIFIED,21.0,metro
ENT_06156,INDIVIDUAL,500000,VERIFIED,27.0,metro
ENT_06157,INDIVIDUAL,1300000,VERIFIED,54.0,tier2
ENT_06158,INDIVIDUAL,3000000,VERIFIED,21.0,metro
ENT_06159,INDIVIDUAL,400000,VERIFIED,43.0,metro
ENT_06160,INDIVIDUAL,400000,VERIFIED,19.0,metro
ENT_06161,INDIVIDUAL,43200000,VERIFIED,52.0,rural
ENT_06162,INDIVIDUAL,4400000,VERIFIED,58.0,rural
ENT_06163,INDIVIDUAL,1300000,VERIFIED,61.0,tier2
ENT_06164,BUSINESS,2000000,VERIFIED,,tier2
ENT_06165,INDIVIDUAL,2100000,VERIFIED,26.0,metro
ENT_06166,INDIVIDUAL,7200000,VERIFIED,51.0,metro
ENT_06167,INDIVIDUAL,1400000,VERIFIED,40.0,rural
ENT_06168,INDIVIDUAL,9800000,VERIFIED,37.0,tier2
ENT_06169,INDIVIDUAL,1800000,VERIFIED,57.0,tier2
ENT_06170,INDIVIDUAL,1000000,VERIFIED,38.0,metro
ENT_06171,BUSINESS,54200000,VERIFIED,,tier2
ENT_06172,INDIVIDUAL,9300000,VERIFIED,26.0,rural
ENT_06173,INDIVIDUAL,0,VERIFIED,45.0,metro
ENT_06174,INDIVIDUAL,1900000,VERIFIED,60.0,tier2
ENT_06175,INDIVIDUAL,1400000,VERIFIED,45.0,metro
ENT_06176,INDIVIDUAL,1000000,VERIFIED,47.0,metro
ENT_06177,INDIVIDUAL,0,VERIFIED,27.0,metro
ENT_06178,INDIVIDUAL,7400000,VERIFIED,40.0,tier2
ENT_06179,INDIVIDUAL,400000,VERIFIED,37.0,metro
ENT_06180,INDIVIDUAL,12400000,VERIFIED,50.0,metro
ENT_06181,INDIVIDUAL,0,VERIFIED,20.0,metro
ENT_06182,INDIVIDUAL,2200000,VERIFIED,21.0,tier2
ENT_06183,INDIVIDUAL,1100000,VERIFIED,51.0,tier2
ENT_06184,INDIVIDUAL,1400000,VERIFIED,35.0,tier2
ENT_06185,BUSINESS,34800000,VERIFIED,,tier2
ENT_06186,INDIVIDUAL,58400000,VERIFIED,63.0,tier2
ENT_06187,INDIVIDUAL,9700000,VERIFIED,40.0,rural
ENT_06188,BUSINESS,74200000,VERIFIED,,metro
ENT_06189,INDIVIDUAL,900000,VERIFIED,53.0,tier2
ENT_06190,INDIVIDUAL,1100000,VERIFIED,20.0,metro
ENT_06191,BUSINESS,1000000,VERIFIED,,tier2
ENT_06192,TRUST,55800000,VERIFIED,,metro
ENT_06193,INDIVIDUAL,900000,VERIFIED,36.0,metro
ENT_06194,INDIVIDUAL,1300000,VERIFIED,52.0,metro
ENT_06195,INDIVIDUAL,7600000,VERIFIED,56.0,tier2
ENT_06196,TRUST,45400000,VERIFIED,,rural
ENT_06197,INDIVIDUAL,1000000,VERIFIED,23.0,metro
ENT_06198,INDIVIDUAL,6500000,VERIFIED,42.0,tier2
ENT_06199,INDIVIDUAL,400000,VERIFIED,53.0,metro
ENT_06200,INDIVIDUAL,900000,VERIFIED,37.0,metro
ENT_06201,INDIVIDUAL,5600000,VERIFIED,43.0,metro
ENT_06202,INDIVIDUAL,19100000,VERIFIED,50.0,metro
ENT_06203,INDIVIDUAL,1200000,VERIFIED,27.0,metro
ENT_06204,INDIVIDUAL,800000,VERIFIED,45.0,metro
ENT_06205,INDIVIDUAL,1000000,VERIFIED,63.0,metro
ENT_06206,INDIVIDUAL,0,VERIFIED,30.0,metro
ENT_06207,INDIVIDUAL,2300000,VERIFIED,55.0,tier2
ENT_06208,BUSINESS,66000000,VERIFIED,,metro
ENT_06209,INDIVIDUAL,2800000,VERIFIED,34.0,tier2
ENT_06210,INDIVIDUAL,700000,VERIFIED,39.0,metro
ENT_06211,INDIVIDUAL,40200000,VERIFIED,55.0,rural
ENT_06212,INDIVIDUAL,1400000,VERIFIED,60.0,tier2
ENT_06213,BUSINESS,51100000,VERIFIED,,tier2
ENT_06214,INDIVIDUAL,2700000,VERIFIED,37.0,metro
ENT_06215,INDIVIDUAL,0,VERIFIED,36.0,metro
ENT_06216,INDIVIDUAL,1300000,VERIFIED,19.0,tier2
ENT_06217,INDIVIDUAL,1200000,VERIFIED,37.0,tier2
ENT_06218,INDIVIDUAL,0,VERIFIED,62.0,rural
ENT_06219,INDIVIDUAL,1200000,VERIFIED,54.0,rural
ENT_06220,INDIVIDUAL,52300000,VERIFIED,42.0,metro
ENT_06221,INDIVIDUAL,5500000,VERIFIED,24.0,tier2
ENT_06222,INDIVIDUAL,800000,VERIFIED,27.0,metro
ENT_06223,INDIVIDUAL,300000,VERIFIED,28.0,metro
ENT_06224,INDIVIDUAL,700000,VERIFIED,20.0,metro
ENT_06225,INDIVIDUAL,400000,VERIFIED,29.0,metro
ENT_06226,INDIVIDUAL,1500000,VERIFIED,34.0,metro
ENT_06227,INDIVIDUAL,7400000,VERIFIED,18.0,metro
ENT_06228,INDIVIDUAL,1400000,VERIFIED,52.0,rural
ENT_06229,BUSINESS,7200000,VERIFIED,,tier2
ENT_06230,INDIVIDUAL,1300000,VERIFIED,57.0,metro
ENT_06231,INDIVIDUAL,6300000,VERIFIED,23.0,metro
ENT_06232,INDIVIDUAL,8000000,VERIFIED,36.0,metro
ENT_06233,INDIVIDUAL,1500000,VERIFIED,34.0,tier2
ENT_06234,INDIVIDUAL,6000000,VERIFIED,30.0,tier2
ENT_06235,INDIVIDUAL,1000000,VERIFIED,22.0,metro
ENT_06236,INDIVIDUAL,95700000,VERIFIED,25.0,rural
ENT_06237,INDIVIDUAL,1300000,VERIFIED,42.0,tier2
ENT_06238,BUSINESS,8700000,VERIFIED,,tier2
ENT_06239,INDIVIDUAL,900000,VERIFIED,23.0,metro
ENT_06240,INDIVIDUAL,2100000,VERIFIED,50.0,tier2
ENT_06241,INDIVIDUAL,8400000,VERIFIED,57.0,metro
ENT_06242,INDIVIDUAL,77300000,VERIFIED,61.0,tier2
ENT_06243,BUSINESS,67300000,VERIFIED,,tier2
ENT_06244,INDIVIDUAL,300000,VERIFIED,32.0,metro
ENT_06245,INDIVIDUAL,400000,VERIFIED,51.0,metro
ENT_06246,BUSINESS,4900000,VERIFIED,,metro
ENT_06247,TRUST,3000000,VERIFIED,,metro
ENT_06248,INDIVIDUAL,9500000,VERIFIED,18.0,metro
ENT_06249,INDIVIDUAL,6300000,VERIFIED,18.0,tier2
ENT_06250,INDIVIDUAL,0,VERIFIED,42.0,metro
ENT_06251,INDIVIDUAL,6800000,VERIFIED,51.0,metro
ENT_06252,INDIVIDUAL,1500000,VERIFIED,40.0,tier2
ENT_06253,INDIVIDUAL,500000,VERIFIED,27.0,metro
ENT_06254,INDIVIDUAL,700000,VERIFIED,21.0,metro
ENT_06255,INDIVIDUAL,1000000,VERIFIED,34.0,metro
ENT_06256,INDIVIDUAL,7700000,VERIFIED,46.0,metro
ENT_06257,BUSINESS,10000000,VERIFIED,,metro
ENT_06258,INDIVIDUAL,39500000,VERIFIED,23.0,metro
ENT_06259,INDIVIDUAL,17200000,VERIFIED,18.0,rural
ENT_06260,INDIVIDUAL,1500000,VERIFIED,46.0,metro
ENT_06261,BUSINESS,5400000,VERIFIED,,metro
ENT_06262,BUSINESS,2000000,VERIFIED,,metro
ENT_06263,INDIVIDUAL,800000,VERIFIED,36.0,metro
ENT_06264,INDIVIDUAL,900000,VERIFIED,20.0,metro
ENT_06265,INDIVIDUAL,0,VERIFIED,46.0,metro
ENT_06266,INDIVIDUAL,700000,VERIFIED,53.0,metro
ENT_06267,INDIVIDUAL,7600000,VERIFIED,55.0,metro
ENT_06268,INDIVIDUAL,0,VERIFIED,18.0,rural
ENT_06269,INDIVIDUAL,1300000,VERIFIED,21.0,rural
ENT_06270,INDIVIDUAL,1500000,VERIFIED,22.0,metro
ENT_06271,BUSINESS,9300000,VERIFIED,,metro
ENT_06272,INDIVIDUAL,600000,VERIFIED,30.0,rural
ENT_06273,BUSINESS,2400000,VERIFIED,,rural
ENT_06274,INDIVIDUAL,1400000,VERIFIED,45.0,rural
ENT_06275,TRUST,3100000,VERIFIED,,rural
ENT_06276,INDIVIDUAL,1500000,VERIFIED,40.0,metro
ENT_06277,INDIVIDUAL,600000,VERIFIED,32.0,metro
ENT_06278,INDIVIDUAL,1200000,VERIFIED,64.0,metro
ENT_06279,INDIVIDUAL,500000,VERIFIED,32.0,tier2
ENT_06280,INDIVIDUAL,1300000,VERIFIED,31.0,tier2
ENT_06281,INDIVIDUAL,99700000,VERIFIED,21.0,metro
ENT_06282,INDIVIDUAL,3300000,VERIFIED,42.0,tier2
ENT_06283,TRUST,83400000,VERIFIED,,metro
ENT_06284,INDIVIDUAL,1000000,VERIFIED,33.0,metro
ENT_06285,INDIVIDUAL,98900000,VERIFIED,37.0,tier2
ENT_06286,INDIVIDUAL,1100000,VERIFIED,49.0,tier2
ENT_06287,INDIVIDUAL,91100000,VERIFIED,65.0,rural
ENT_06288,BUSINESS,97800000,VERIFIED,,metro
ENT_06289,INDIVIDUAL,2900000,VERIFIED,48.0,tier2
ENT_06290,INDIVIDUAL,400000,VERIFIED,34.0,tier2
ENT_06291,TRUST,69000000,VERIFIED,,metro
ENT_06292,INDIVIDUAL,8700000,VERIFIED,42.0,metro
ENT_06293,INDIVIDUAL,0,VERIFIED,41.0,tier2
ENT_06294,INDIVIDUAL,5000000,VERIFIED,47.0,tier2
ENT_06295,INDIVIDUAL,5900000,VERIFIED,26.0,metro
ENT_06296,INDIVIDUAL,8100000,VERIFIED,57.0,metro
ENT_06297,BUSINESS,40900000,VERIFIED,,metro
ENT_06298,BUSINESS,11500000,VERIFIED,,metro
ENT_06299,INDIVIDUAL,76100000,VERIFIED,38.0,metro
ENT_06300,INDIVIDUAL,8600000,VERIFIED,63.0,metro
ENT_06301,INDIVIDUAL,400000,VERIFIED,64.0,tier2
ENT_06302,INDIVIDUAL,69700000,VERIFIED,27.0,metro
ENT_06303,INDIVIDUAL,9300000,VERIFIED,21.0,metro
ENT_06304,INDIVIDUAL,300000,VERIFIED,18.0,metro
ENT_06305,INDIVIDUAL,93800000,VERIFIED,25.0,tier2
ENT_06306,INDIVIDUAL,0,VERIFIED,38.0,metro
ENT_06307,INDIVIDUAL,6800000,VERIFIED,30.0,tier2
ENT_06308,INDIVIDUAL,86400000,VERIFIED,57.0,tier2
ENT_06309,INDIVIDUAL,97500000,VERIFIED,32.0,metro
ENT_06310,INDIVIDUAL,2700000,VERIFIED,59.0,tier2
ENT_06311,INDIVIDUAL,900000,VERIFIED,54.0,tier2
ENT_06312,INDIVIDUAL,10000000,VERIFIED,53.0,rural
ENT_06313,INDIVIDUAL,600000,VERIFIED,22.0,metro
ENT_06314,INDIVIDUAL,7300000,VERIFIED,61.0,rural
ENT_06315,TRUST,9000000,VERIFIED,,rural
ENT_06316,BUSINESS,84200000,VERIFIED,,metro
ENT_06317,INDIVIDUAL,400000,VERIFIED,51.0,tier2
ENT_06318,BUSINESS,2000000,VERIFIED,,tier2
ENT_06319,TRUST,7100000,VERIFIED,,metro
ENT_06320,INDIVIDUAL,3800000,VERIFIED,19.0,metro
ENT_06321,INDIVIDUAL,9800000,VERIFIED,58.0,metro
ENT_06322,INDIVIDUAL,5000000,VERIFIED,58.0,tier2
ENT_06323,INDIVIDUAL,6500000,VERIFIED,35.0,metro
ENT_06324,INDIVIDUAL,1200000,VERIFIED,60.0,metro
ENT_06325,INDIVIDUAL,500000,VERIFIED,39.0,metro
ENT_06326,BUSINESS,92400000,VERIFIED,,metro
ENT_06327,INDIVIDUAL,1200000,VERIFIED,33.0,metro
ENT_06328,INDIVIDUAL,8200000,VERIFIED,38.0,rural
ENT_06329,INDIVIDUAL,500000,VERIFIED,57.0,metro
ENT_06330,INDIVIDUAL,1100000,VERIFIED,35.0,tier2
ENT_06331,INDIVIDUAL,74400000,VERIFIED,45.0,tier2
ENT_06332,INDIVIDUAL,400000,VERIFIED,25.0,metro
ENT_06333,INDIVIDUAL,300000,VERIFIED,45.0,metro
ENT_06334,INDIVIDUAL,5100000,VERIFIED,53.0,metro
ENT_06335,INDIVIDUAL,1400000,VERIFIED,40.0,tier2
ENT_06336,INDIVIDUAL,9100000,VERIFIED,42.0,tier2
ENT_06337,INDIVIDUAL,1000000,VERIFIED,57.0,metro
ENT_06338,BUSINESS,1200000,VERIFIED,,tier2
ENT_06339,INDIVIDUAL,600000,VERIFIED,47.0,metro
ENT_06340,INDIVIDUAL,6000000,VERIFIED,43.0,tier2
ENT_06341,INDIVIDUAL,1100000,VERIFIED,37.0,metro
ENT_06342,INDIVIDUAL,800000,VERIFIED,40.0,tier2
ENT_06343,INDIVIDUAL,57900000,VERIFIED,32.0,tier2
ENT_06344,TRUST,8700000,VERIFIED,,rural
ENT_06345,TRUST,88100000,VERIFIED,,metro
ENT_06346,INDIVIDUAL,2800000,VERIFIED,34.0,tier2
ENT_06347,INDIVIDUAL,0,VERIFIED,22.0,metro
ENT_06348,INDIVIDUAL,1000000,VERIFIED,18.0,metro
ENT_06349,INDIVIDUAL,800000,VERIFIED,43.0,rural
ENT_06350,INDIVIDUAL,400000,VERIFIED,28.0,metro
ENT_06351,INDIVIDUAL,3000000,VERIFIED,31.0,metro
ENT_06352,INDIVIDUAL,5600000,VERIFIED,43.0,rural
ENT_06353,INDIVIDUAL,81600000,VERIFIED,27.0,tier2
ENT_06354,INDIVIDUAL,1300000,VERIFIED,53.0,metro
ENT_06355,INDIVIDUAL,95800000,VERIFIED,28.0,tier2
ENT_06356,INDIVIDUAL,1400000,VERIFIED,51.0,tier2
ENT_06357,INDIVIDUAL,3900000,VERIFIED,63.0,metro
ENT_06358,INDIVIDUAL,65700000,VERIFIED,40.0,metro
ENT_06359,INDIVIDUAL,400000,VERIFIED,57.0,metro
ENT_06360,INDIVIDUAL,1100000,VERIFIED,48.0,metro
ENT_06361,INDIVIDUAL,1400000,VERIFIED,28.0,metro
ENT_06362,INDIVIDUAL,3600000,VERIFIED,58.0,metro
ENT_06363,INDIVIDUAL,5100000,VERIFIED,40.0,metro
ENT_06364,INDIVIDUAL,0,VERIFIED,41.0,rural
ENT_06365,INDIVIDUAL,700000,VERIFIED,62.0,tier2
ENT_06366,INDIVIDUAL,900000,VERIFIED,29.0,metro
ENT_06367,INDIVIDUAL,300000,VERIFIED,46.0,metro
ENT_06368,INDIVIDUAL,0,VERIFIED,65.0,tier2
ENT_06369,INDIVIDUAL,3400000,VERIFIED,60.0,metro
ENT_06370,INDIVIDUAL,4500000,VERIFIED,30.0,rural
ENT_06371,INDIVIDUAL,400000,VERIFIED,45.0,tier2
ENT_06372,INDIVIDUAL,13000000,VERIFIED,56.0,metro
ENT_06373,INDIVIDUAL,400000,VERIFIED,45.0,rural
ENT_06374,INDIVIDUAL,8100000,VERIFIED,48.0,tier2
ENT_06375,INDIVIDUAL,300000,VERIFIED,34.0,metro
ENT_06376,BUSINESS,5900000,VERIFIED,,metro
ENT_06377,INDIVIDUAL,1000000,VERIFIED,19.0,tier2
ENT_06378,INDIVIDUAL,5200000,VERIFIED,53.0,metro
ENT_06379,INDIVIDUAL,7200000,VERIFIED,44.0,metro
ENT_06380,INDIVIDUAL,1400000,VERIFIED,28.0,tier2
ENT_06381,INDIVIDUAL,400000,VERIFIED,40.0,metro
ENT_06382,BUSINESS,73000000,VERIFIED,,tier2
ENT_06383,INDIVIDUAL,0,VERIFIED,64.0,tier2
ENT_06384,INDIVIDUAL,10000000,VERIFIED,39.0,metro
ENT_06385,INDIVIDUAL,2700000,VERIFIED,60.0,tier2
ENT_06386,INDIVIDUAL,0,VERIFIED,50.0,rural
ENT_06387,INDIVIDUAL,1000000,VERIFIED,58.0,metro
ENT_06388,INDIVIDUAL,300000,VERIFIED,62.0,rural
ENT_06389,INDIVIDUAL,27800000,VERIFIED,39.0,tier2
ENT_06390,INDIVIDUAL,1500000,VERIFIED,24.0,metro
ENT_06391,BUSINESS,42700000,VERIFIED,,tier2
ENT_06392,INDIVIDUAL,1000000,VERIFIED,63.0,tier2
ENT_06393,INDIVIDUAL,600000,VERIFIED,23.0,rural
ENT_06394,INDIVIDUAL,4000000,VERIFIED,19.0,metro
ENT_06395,TRUST,10000000,VERIFIED,,tier2
ENT_06396,INDIVIDUAL,6500000,VERIFIED,22.0,tier2
ENT_06397,BUSINESS,3200000,VERIFIED,,tier2
ENT_06398,BUSINESS,80800000,VERIFIED,,tier2
ENT_06399,INDIVIDUAL,500000,VERIFIED,20.0,metro
ENT_06400,INDIVIDUAL,6600000,VERIFIED,38.0,metro
ENT_06401,INDIVIDUAL,19000000,VERIFIED,24.0,tier2
ENT_06402,INDIVIDUAL,91600000,VERIFIED,53.0,metro
ENT_06403,INDIVIDUAL,6900000,VERIFIED,44.0,rural
ENT_06404,INDIVIDUAL,1500000,VERIFIED,61.0,metro
ENT_06405,TRUST,64300000,VERIFIED,,tier2
ENT_06406,BUSINESS,5400000,VERIFIED,,tier2
ENT_06407,TRUST,3500000,VERIFIED,,metro
ENT_06408,INDIVIDUAL,1700000,VERIFIED,18.0,rural
ENT_06409,INDIVIDUAL,1300000,VERIFIED,65.0,metro
ENT_06410,INDIVIDUAL,7600000,VERIFIED,55.0,tier2
ENT_06411,INDIVIDUAL,7300000,VERIFIED,35.0,metro
ENT_06412,INDIVIDUAL,600000,VERIFIED,64.0,rural
ENT_06413,INDIVIDUAL,8300000,VERIFIED,56.0,metro
ENT_06414,INDIVIDUAL,43600000,VERIFIED,62.0,metro
ENT_06415,INDIVIDUAL,3800000,VERIFIED,31.0,tier2
ENT_06416,INDIVIDUAL,7600000,VERIFIED,61.0,metro
ENT_06417,BUSINESS,62400000,VERIFIED,,tier2
ENT_06418,INDIVIDUAL,4000000,VERIFIED,54.0,metro
ENT_06419,INDIVIDUAL,0,VERIFIED,54.0,metro
ENT_06420,INDIVIDUAL,1200000,VERIFIED,36.0,tier2
ENT_06421,TRUST,90000000,VERIFIED,,metro
ENT_06422,INDIVIDUAL,77500000,VERIFIED,34.0,rural
ENT_06423,INDIVIDUAL,300000,VERIFIED,46.0,metro
ENT_06424,BUSINESS,23800000,VERIFIED,,metro
ENT_06425,INDIVIDUAL,1300000,VERIFIED,32.0,metro
ENT_06426,INDIVIDUAL,1200000,VERIFIED,24.0,tier2
ENT_06427,INDIVIDUAL,4300000,VERIFIED,33.0,metro
ENT_06428,INDIVIDUAL,8800000,VERIFIED,51.0,metro
ENT_06429,INDIVIDUAL,8200000,VERIFIED,65.0,metro
ENT_06430,BUSINESS,47200000,VERIFIED,,tier2
ENT_06431,INDIVIDUAL,3800000,VERIFIED,61.0,metro
ENT_06432,INDIVIDUAL,66500000,VERIFIED,22.0,metro
ENT_06433,INDIVIDUAL,32300000,VERIFIED,37.0,tier2
ENT_06434,INDIVIDUAL,31500000,VERIFIED,21.0,rural
ENT_06435,INDIVIDUAL,0,VERIFIED,61.0,rural
ENT_06436,INDIVIDUAL,1300000,VERIFIED,58.0,rural
ENT_06437,INDIVIDUAL,0,VERIFIED,58.0,metro
ENT_06438,INDIVIDUAL,1200000,VERIFIED,28.0,metro
ENT_06439,INDIVIDUAL,5100000,VERIFIED,36.0,metro
ENT_06440,BUSINESS,23300000,VERIFIED,,rural
ENT_06441,INDIVIDUAL,3300000,VERIFIED,32.0,metro
ENT_06442,TRUST,42200000,VERIFIED,,metro
ENT_06443,INDIVIDUAL,1300000,VERIFIED,63.0,metro
ENT_06444,INDIVIDUAL,2900000,VERIFIED,34.0,tier2
ENT_06445,INDIVIDUAL,500000,VERIFIED,33.0,metro
ENT_06446,INDIVIDUAL,1500000,VERIFIED,57.0,metro
ENT_06447,INDIVIDUAL,800000,VERIFIED,38.0,metro
ENT_06448,INDIVIDUAL,14200000,VERIFIED,27.0,metro
ENT_06449,INDIVIDUAL,400000,VERIFIED,30.0,metro
ENT_06450,INDIVIDUAL,91100000,VERIFIED,41.0,tier2
ENT_06451,INDIVIDUAL,2400000,VERIFIED,28.0,metro
ENT_06452,INDIVIDUAL,71100000,VERIFIED,23.0,rural
ENT_06453,INDIVIDUAL,1100000,VERIFIED,44.0,metro
ENT_06454,INDIVIDUAL,500000,VERIFIED,28.0,rural
ENT_06455,BUSINESS,9300000,VERIFIED,,tier2
ENT_06456,INDIVIDUAL,700000,VERIFIED,44.0,tier2
ENT_06457,INDIVIDUAL,4200000,VERIFIED,41.0,metro
ENT_06458,BUSINESS,15200000,VERIFIED,,metro
ENT_06459,INDIVIDUAL,6400000,VERIFIED,18.0,metro
ENT_06460,INDIVIDUAL,9600000,VERIFIED,37.0,rural
ENT_06461,INDIVIDUAL,7200000,VERIFIED,44.0,rural
ENT_06462,INDIVIDUAL,1700000,VERIFIED,34.0,tier2
ENT_06463,INDIVIDUAL,0,VERIFIED,29.0,tier2
ENT_06464,BUSINESS,83800000,VERIFIED,,tier2
ENT_06465,BUSINESS,67600000,VERIFIED,,metro
ENT_06466,BUSINESS,8200000,VERIFIED,,metro
ENT_06467,BUSINESS,20600000,VERIFIED,,metro
ENT_06468,INDIVIDUAL,1000000,VERIFIED,19.0,rural
ENT_06469,INDIVIDUAL,400000,VERIFIED,29.0,metro
ENT_06470,INDIVIDUAL,4200000,VERIFIED,37.0,tier2
ENT_06471,INDIVIDUAL,3000000,VERIFIED,25.0,metro
ENT_06472,INDIVIDUAL,3400000,VERIFIED,61.0,metro
ENT_06473,INDIVIDUAL,1400000,VERIFIED,58.0,rural
ENT_06474,INDIVIDUAL,8300000,VERIFIED,42.0,tier2
ENT_06475,INDIVIDUAL,800000,VERIFIED,32.0,metro
ENT_06476,INDIVIDUAL,900000,VERIFIED,20.0,rural
ENT_06477,BUSINESS,7500000,VERIFIED,,metro
ENT_06478,INDIVIDUAL,3300000,VERIFIED,47.0,tier2
ENT_06479,INDIVIDUAL,5100000,VERIFIED,49.0,tier2
ENT_06480,INDIVIDUAL,500000,VERIFIED,53.0,rural
ENT_06481,INDIVIDUAL,500000,VERIFIED,62.0,tier2
ENT_06482,BUSINESS,2000000,VERIFIED,,rural
ENT_06483,INDIVIDUAL,66600000,VERIFIED,21.0,rural
ENT_06484,INDIVIDUAL,5600000,VERIFIED,50.0,tier2
ENT_06485,INDIVIDUAL,7200000,VERIFIED,44.0,metro
ENT_06486,INDIVIDUAL,1200000,VERIFIED,59.0,metro
ENT_06487,BUSINESS,9800000,VERIFIED,,tier2
ENT_06488,BUSINESS,5600000,VERIFIED,,metro
ENT_06489,INDIVIDUAL,700000,VERIFIED,48.0,metro
ENT_06490,BUSINESS,10300000,VERIFIED,,rural
ENT_06491,INDIVIDUAL,800000,VERIFIED,48.0,metro
ENT_06492,INDIVIDUAL,0,VERIFIED,45.0,metro
ENT_06493,BUSINESS,25600000,VERIFIED,,tier2
ENT_06494,INDIVIDUAL,8600000,VERIFIED,26.0,tier2
ENT_06495,TRUST,10000000,VERIFIED,,tier2
ENT_06496,INDIVIDUAL,300000,VERIFIED,18.0,metro
ENT_06497,BUSINESS,13400000,VERIFIED,,metro
ENT_06498,INDIVIDUAL,1100000,VERIFIED,18.0,tier2
ENT_06499,INDIVIDUAL,9200000,VERIFIED,43.0,metro
ENT_06500,TRUST,75100000,VERIFIED,,metro
ENT_06501,INDIVIDUAL,2500000,VERIFIED,29.0,tier2
ENT_06502,TRUST,34300000,VERIFIED,,rural
ENT_06503,INDIVIDUAL,900000,VERIFIED,19.0,metro
ENT_06504,INDIVIDUAL,66900000,VERIFIED,61.0,metro
ENT_06505,INDIVIDUAL,1400000,VERIFIED,25.0,metro
ENT_06506,INDIVIDUAL,9700000,VERIFIED,43.0,metro
ENT_06507,BUSINESS,7100000,VERIFIED,,metro
ENT_06508,INDIVIDUAL,58200000,VERIFIED,36.0,metro
ENT_06509,INDIVIDUAL,1100000,VERIFIED,55.0,metro
ENT_06510,INDIVIDUAL,1400000,VERIFIED,27.0,tier2
ENT_06511,INDIVIDUAL,0,VERIFIED,21.0,metro
ENT_06512,INDIVIDUAL,0,VERIFIED,54.0,rural
ENT_06513,INDIVIDUAL,400000,VERIFIED,49.0,tier2
ENT_06514,INDIVIDUAL,1100000,VERIFIED,41.0,metro
ENT_06515,INDIVIDUAL,1000000,VERIFIED,28.0,tier2
ENT_06516,BUSINESS,1400000,VERIFIED,,metro
ENT_06517,TRUST,47300000,VERIFIED,,rural
ENT_06518,INDIVIDUAL,1300000,VERIFIED,47.0,tier2
ENT_06519,INDIVIDUAL,5200000,VERIFIED,58.0,metro
ENT_06520,INDIVIDUAL,1400000,VERIFIED,46.0,tier2
ENT_06521,INDIVIDUAL,5400000,VERIFIED,27.0,metro
ENT_06522,INDIVIDUAL,4300000,VERIFIED,60.0,tier2
ENT_06523,INDIVIDUAL,0,VERIFIED,36.0,metro
ENT_06524,INDIVIDUAL,700000,VERIFIED,20.0,rural
ENT_06525,INDIVIDUAL,2100000,VERIFIED,30.0,metro
ENT_06526,BUSINESS,6600000,VERIFIED,,tier2
ENT_06527,INDIVIDUAL,1200000,VERIFIED,61.0,tier2
ENT_06528,INDIVIDUAL,1300000,VERIFIED,42.0,tier2
ENT_06529,INDIVIDUAL,5300000,VERIFIED,49.0,tier2
ENT_06530,BUSINESS,5600000,VERIFIED,,tier2
ENT_06531,INDIVIDUAL,1100000,VERIFIED,23.0,metro
ENT_06532,INDIVIDUAL,0,VERIFIED,21.0,metro
ENT_06533,BUSINESS,27500000,VERIFIED,,metro
ENT_06534,INDIVIDUAL,700000,VERIFIED,34.0,metro
ENT_06535,INDIVIDUAL,6500000,VERIFIED,31.0,metro
ENT_06536,INDIVIDUAL,500000,VERIFIED,46.0,tier2
ENT_06537,INDIVIDUAL,19200000,VERIFIED,62.0,rural
ENT_06538,BUSINESS,7800000,VERIFIED,,metro
ENT_06539,INDIVIDUAL,8800000,VERIFIED,53.0,tier2
ENT_06540,INDIVIDUAL,3100000,VERIFIED,22.0,metro
ENT_06541,BUSINESS,1600000,VERIFIED,,rural
ENT_06542,INDIVIDUAL,9300000,VERIFIED,35.0,tier2
ENT_06543,BUSINESS,2900000,VERIFIED,,metro
ENT_06544,BUSINESS,73000000,VERIFIED,,rural
ENT_06545,INDIVIDUAL,10800000,VERIFIED,39.0,rural
ENT_06546,INDIVIDUAL,8300000,VERIFIED,51.0,rural
ENT_06547,BUSINESS,8800000,VERIFIED,,metro
ENT_06548,INDIVIDUAL,4600000,VERIFIED,48.0,rural
ENT_06549,INDIVIDUAL,4500000,VERIFIED,46.0,metro
ENT_06550,INDIVIDUAL,600000,VERIFIED,47.0,rural
ENT_06551,INDIVIDUAL,4200000,VERIFIED,61.0,metro
ENT_06552,INDIVIDUAL,700000,VERIFIED,45.0,metro
ENT_06553,INDIVIDUAL,300000,VERIFIED,35.0,metro
ENT_06554,INDIVIDUAL,3300000,VERIFIED,45.0,metro
ENT_06555,BUSINESS,70300000,VERIFIED,,rural
ENT_06556,INDIVIDUAL,43800000,VERIFIED,36.0,metro
ENT_06557,INDIVIDUAL,4700000,VERIFIED,22.0,metro
ENT_06558,INDIVIDUAL,23900000,VERIFIED,64.0,rural
ENT_06559,TRUST,10300000,VERIFIED,,tier2
ENT_06560,TRUST,44000000,VERIFIED,,tier2
ENT_06561,INDIVIDUAL,3600000,VERIFIED,34.0,metro
ENT_06562,INDIVIDUAL,2400000,VERIFIED,27.0,rural
ENT_06563,BUSINESS,59000000,VERIFIED,,tier2
ENT_06564,INDIVIDUAL,5400000,VERIFIED,44.0,metro
ENT_06565,BUSINESS,66700000,VERIFIED,,rural
ENT_06566,INDIVIDUAL,600000,VERIFIED,21.0,rural
ENT_06567,BUSINESS,44300000,VERIFIED,,tier2
ENT_06568,INDIVIDUAL,3900000,VERIFIED,24.0,metro
ENT_06569,INDIVIDUAL,1300000,VERIFIED,37.0,metro
ENT_06570,INDIVIDUAL,9600000,VERIFIED,29.0,rural
ENT_06571,BUSINESS,16900000,VERIFIED,,tier2
ENT_06572,INDIVIDUAL,700000,VERIFIED,47.0,rural
ENT_06573,INDIVIDUAL,400000,VERIFIED,24.0,metro
ENT_06574,INDIVIDUAL,1100000,VERIFIED,49.0,tier2
ENT_06575,INDIVIDUAL,65200000,VERIFIED,21.0,rural
ENT_06576,INDIVIDUAL,700000,VERIFIED,40.0,tier2
ENT_06577,INDIVIDUAL,5800000,VERIFIED,32.0,metro
ENT_06578,INDIVIDUAL,2000000,VERIFIED,51.0,rural
ENT_06579,INDIVIDUAL,9700000,VERIFIED,51.0,metro
ENT_06580,INDIVIDUAL,77800000,VERIFIED,51.0,tier2
ENT_06581,INDIVIDUAL,5000000,VERIFIED,57.0,metro
ENT_06582,INDIVIDUAL,7700000,VERIFIED,37.0,metro
ENT_06583,INDIVIDUAL,1400000,VERIFIED,52.0,rural
ENT_06584,INDIVIDUAL,0,VERIFIED,27.0,metro
ENT_06585,INDIVIDUAL,1300000,VERIFIED,28.0,rural
ENT_06586,INDIVIDUAL,6800000,VERIFIED,23.0,tier2
ENT_06587,INDIVIDUAL,1400000,VERIFIED,28.0,rural
ENT_06588,INDIVIDUAL,900000,VERIFIED,51.0,metro
ENT_06589,INDIVIDUAL,7100000,VERIFIED,52.0,metro
ENT_06590,INDIVIDUAL,9400000,VERIFIED,39.0,metro
ENT_06591,INDIVIDUAL,900000,VERIFIED,19.0,tier2
ENT_06592,INDIVIDUAL,7100000,VERIFIED,46.0,tier2
ENT_06593,BUSINESS,1000000,VERIFIED,,metro
ENT_06594,INDIVIDUAL,600000,VERIFIED,35.0,tier2
ENT_06595,INDIVIDUAL,9100000,VERIFIED,63.0,metro
ENT_06596,INDIVIDUAL,3200000,VERIFIED,30.0,rural
ENT_06597,INDIVIDUAL,6700000,VERIFIED,49.0,tier2
ENT_06598,INDIVIDUAL,0,VERIFIED,39.0,metro
ENT_06599,INDIVIDUAL,7000000,VERIFIED,31.0,metro
ENT_06600,INDIVIDUAL,1400000,VERIFIED,58.0,tier2
ENT_06601,INDIVIDUAL,6700000,VERIFIED,19.0,metro
ENT_06602,INDIVIDUAL,1500000,VERIFIED,64.0,rural
ENT_06603,INDIVIDUAL,900000,VERIFIED,51.0,tier2
ENT_06604,INDIVIDUAL,8400000,VERIFIED,46.0,rural
ENT_06605,TRUST,20600000,VERIFIED,,metro
ENT_06606,INDIVIDUAL,1800000,VERIFIED,41.0,tier2
ENT_06607,INDIVIDUAL,4600000,VERIFIED,43.0,rural
ENT_06608,INDIVIDUAL,5300000,VERIFIED,42.0,tier2
ENT_06609,INDIVIDUAL,62700000,VERIFIED,60.0,rural
ENT_06610,INDIVIDUAL,7300000,VERIFIED,65.0,metro
ENT_06611,INDIVIDUAL,400000,VERIFIED,62.0,metro
ENT_06612,INDIVIDUAL,1100000,VERIFIED,47.0,rural
ENT_06613,INDIVIDUAL,0,VERIFIED,45.0,rural
ENT_06614,INDIVIDUAL,5000000,VERIFIED,55.0,rural
ENT_06615,INDIVIDUAL,500000,VERIFIED,44.0,metro
ENT_06616,INDIVIDUAL,0,VERIFIED,53.0,tier2
ENT_06617,INDIVIDUAL,0,VERIFIED,63.0,metro
ENT_06618,BUSINESS,9800000,VERIFIED,,metro
ENT_06619,INDIVIDUAL,2100000,VERIFIED,42.0,metro
ENT_06620,INDIVIDUAL,1100000,VERIFIED,57.0,metro
ENT_06621,BUSINESS,1400000,VERIFIED,,tier2
ENT_06622,INDIVIDUAL,600000,VERIFIED,31.0,metro
ENT_06623,BUSINESS,56900000,VERIFIED,,metro
ENT_06624,INDIVIDUAL,500000,VERIFIED,50.0,tier2
ENT_06625,INDIVIDUAL,900000,VERIFIED,41.0,tier2
ENT_06626,INDIVIDUAL,1400000,VERIFIED,55.0,tier2
ENT_06627,INDIVIDUAL,44800000,VERIFIED,54.0,metro
ENT_06628,INDIVIDUAL,12600000,VERIFIED,39.0,metro
ENT_06629,INDIVIDUAL,5900000,VERIFIED,26.0,tier2
ENT_06630,INDIVIDUAL,700000,VERIFIED,50.0,metro
ENT_06631,BUSINESS,8100000,VERIFIED,,metro
ENT_06632,INDIVIDUAL,800000,VERIFIED,26.0,tier2
ENT_06633,INDIVIDUAL,1500000,VERIFIED,21.0,rural
ENT_06634,BUSINESS,1900000,VERIFIED,,metro
ENT_06635,INDIVIDUAL,8800000,VERIFIED,58.0,tier2
ENT_06636,INDIVIDUAL,5700000,VERIFIED,49.0,metro
ENT_06637,INDIVIDUAL,1500000,VERIFIED,31.0,metro
ENT_06638,BUSINESS,88300000,VERIFIED,,tier2
ENT_06639,INDIVIDUAL,1100000,VERIFIED,64.0,tier2
ENT_06640,INDIVIDUAL,29300000,VERIFIED,64.0,metro
ENT_06641,BUSINESS,3100000,VERIFIED,,tier2
ENT_06642,INDIVIDUAL,10900000,VERIFIED,65.0,tier2
ENT_06643,INDIVIDUAL,54600000,VERIFIED,32.0,metro
ENT_06644,BUSINESS,19200000,VERIFIED,,metro
ENT_06645,INDIVIDUAL,1400000,VERIFIED,41.0,tier2
ENT_06646,INDIVIDUAL,1200000,VERIFIED,38.0,tier2
ENT_06647,INDIVIDUAL,0,VERIFIED,48.0,tier2
ENT_06648,INDIVIDUAL,1300000,VERIFIED,33.0,rural
ENT_06649,INDIVIDUAL,400000,VERIFIED,53.0,rural
ENT_06650,INDIVIDUAL,21600000,VERIFIED,31.0,tier2
ENT_06651,INDIVIDUAL,3900000,VERIFIED,34.0,rural
ENT_06652,INDIVIDUAL,600000,VERIFIED,31.0,tier2
ENT_06653,INDIVIDUAL,500000,VERIFIED,47.0,metro
ENT_06654,INDIVIDUAL,600000,VERIFIED,36.0,rural
ENT_06655,INDIVIDUAL,300000,VERIFIED,28.0,tier2
ENT_06656,BUSINESS,3800000,VERIFIED,,metro
ENT_06657,INDIVIDUAL,8100000,VERIFIED,20.0,metro
ENT_06658,INDIVIDUAL,8100000,VERIFIED,52.0,tier2
ENT_06659,INDIVIDUAL,9600000,VERIFIED,44.0,metro
ENT_06660,INDIVIDUAL,1200000,VERIFIED,24.0,tier2
ENT_06661,BUSINESS,1800000,VERIFIED,,tier2
ENT_06662,INDIVIDUAL,1100000,VERIFIED,64.0,rural
ENT_06663,INDIVIDUAL,500000,VERIFIED,32.0,tier2
ENT_06664,BUSINESS,15500000,VERIFIED,,rural
ENT_06665,TRUST,7100000,VERIFIED,,metro
ENT_06666,BUSINESS,8900000,VERIFIED,,metro
ENT_06667,INDIVIDUAL,4700000,VERIFIED,20.0,metro
ENT_06668,BUSINESS,3000000,VERIFIED,,metro
ENT_06669,BUSINESS,70600000,VERIFIED,,metro
ENT_06670,INDIVIDUAL,700000,VERIFIED,51.0,metro
ENT_06671,INDIVIDUAL,0,VERIFIED,63.0,metro
ENT_06672,INDIVIDUAL,5500000,VERIFIED,63.0,rural
ENT_06673,INDIVIDUAL,900000,VERIFIED,65.0,metro
ENT_06674,INDIVIDUAL,9400000,VERIFIED,49.0,rural
ENT_06675,INDIVIDUAL,0,VERIFIED,59.0,rural
ENT_06676,INDIVIDUAL,15600000,VERIFIED,38.0,tier2
ENT_06677,INDIVIDUAL,300000,VERIFIED,30.0,tier2
ENT_06678,INDIVIDUAL,1500000,VERIFIED,31.0,metro
ENT_06679,INDIVIDUAL,300000,VERIFIED,40.0,tier2
ENT_06680,INDIVIDUAL,98300000,VERIFIED,43.0,metro
ENT_06681,INDIVIDUAL,2700000,VERIFIED,33.0,metro
ENT_06682,INDIVIDUAL,0,VERIFIED,24.0,tier2
ENT_06683,INDIVIDUAL,1300000,VERIFIED,55.0,metro
ENT_06684,BUSINESS,8100000,VERIFIED,,metro
ENT_06685,INDIVIDUAL,600000,VERIFIED,19.0,tier2
ENT_06686,INDIVIDUAL,7200000,VERIFIED,36.0,metro
ENT_06687,INDIVIDUAL,8000000,VERIFIED,30.0,tier2
ENT_06688,INDIVIDUAL,800000,VERIFIED,56.0,tier2
ENT_06689,BUSINESS,7700000,VERIFIED,,rural
ENT_06690,INDIVIDUAL,9800000,VERIFIED,27.0,tier2
ENT_06691,INDIVIDUAL,700000,VERIFIED,40.0,metro
ENT_06692,BUSINESS,8300000,VERIFIED,,rural
ENT_06693,INDIVIDUAL,41800000,VERIFIED,51.0,rural
ENT_06694,INDIVIDUAL,1000000,VERIFIED,52.0,tier2
ENT_06695,INDIVIDUAL,3500000,VERIFIED,43.0,rural
ENT_06696,BUSINESS,7800000,VERIFIED,,metro
ENT_06697,INDIVIDUAL,700000,VERIFIED,46.0,metro
ENT_06698,INDIVIDUAL,1500000,VERIFIED,35.0,tier2
ENT_06699,INDIVIDUAL,37200000,VERIFIED,24.0,metro
ENT_06700,INDIVIDUAL,0,VERIFIED,20.0,metro
ENT_06701,INDIVIDUAL,500000,VERIFIED,54.0,metro
ENT_06702,INDIVIDUAL,800000,VERIFIED,50.0,metro
ENT_06703,INDIVIDUAL,1500000,VERIFIED,35.0,metro
ENT_06704,INDIVIDUAL,1100000,VERIFIED,25.0,tier2
ENT_06705,INDIVIDUAL,1800000,VERIFIED,22.0,metro
ENT_06706,INDIVIDUAL,900000,VERIFIED,19.0,rural
ENT_06707,BUSINESS,6100000,VERIFIED,,tier2
ENT_06708,INDIVIDUAL,800000,VERIFIED,63.0,tier2
ENT_06709,INDIVIDUAL,700000,VERIFIED,29.0,tier2
ENT_06710,INDIVIDUAL,1100000,VERIFIED,34.0,rural
ENT_06711,BUSINESS,7300000,VERIFIED,,metro
ENT_06712,TRUST,4700000,VERIFIED,,rural
ENT_06713,INDIVIDUAL,5000000,VERIFIED,35.0,rural
ENT_06714,BUSINESS,90600000,VERIFIED,,metro
ENT_06715,INDIVIDUAL,97100000,VERIFIED,23.0,metro
ENT_06716,TRUST,2900000,VERIFIED,,metro
ENT_06717,INDIVIDUAL,1100000,VERIFIED,42.0,tier2
ENT_06718,INDIVIDUAL,500000,VERIFIED,62.0,metro
ENT_06719,BUSINESS,86100000,VERIFIED,,rural
ENT_06720,INDIVIDUAL,3900000,VERIFIED,52.0,metro
ENT_06721,INDIVIDUAL,0,VERIFIED,55.0,metro
ENT_06722,INDIVIDUAL,1500000,VERIFIED,55.0,metro
ENT_06723,INDIVIDUAL,8300000,VERIFIED,23.0,metro
ENT_06724,BUSINESS,1800000,VERIFIED,,metro
ENT_06725,BUSINESS,4000000,VERIFIED,,metro
ENT_06726,INDIVIDUAL,700000,VERIFIED,30.0,rural
ENT_06727,TRUST,1100000,VERIFIED,,tier2
ENT_06728,INDIVIDUAL,1200000,VERIFIED,39.0,tier2
ENT_06729,INDIVIDUAL,2500000,VERIFIED,37.0,rural
ENT_06730,INDIVIDUAL,700000,VERIFIED,57.0,tier2
ENT_06731,INDIVIDUAL,500000,VERIFIED,23.0,rural
ENT_06732,INDIVIDUAL,1400000,VERIFIED,62.0,rural
ENT_06733,BUSINESS,27200000,VERIFIED,,tier2
ENT_06734,TRUST,9200000,VERIFIED,,rural
ENT_06735,INDIVIDUAL,1200000,VERIFIED,60.0,tier2
ENT_06736,INDIVIDUAL,500000,VERIFIED,32.0,metro
ENT_06737,INDIVIDUAL,600000,VERIFIED,53.0,metro
ENT_06738,INDIVIDUAL,1400000,VERIFIED,50.0,tier2
ENT_06739,INDIVIDUAL,9700000,VERIFIED,20.0,metro
ENT_06740,INDIVIDUAL,400000,VERIFIED,26.0,tier2
ENT_06741,INDIVIDUAL,5300000,VERIFIED,46.0,metro
ENT_06742,INDIVIDUAL,1500000,VERIFIED,35.0,rural
ENT_06743,INDIVIDUAL,40800000,VERIFIED,53.0,metro
ENT_06744,INDIVIDUAL,3200000,VERIFIED,58.0,tier2
ENT_06745,INDIVIDUAL,4100000,VERIFIED,38.0,tier2
ENT_06746,INDIVIDUAL,7900000,VERIFIED,30.0,tier2
ENT_06747,INDIVIDUAL,7000000,VERIFIED,63.0,metro
ENT_06748,INDIVIDUAL,1100000,VERIFIED,25.0,tier2
ENT_06749,INDIVIDUAL,800000,VERIFIED,42.0,metro
ENT_06750,INDIVIDUAL,2200000,VERIFIED,23.0,metro
ENT_06751,INDIVIDUAL,1800000,VERIFIED,51.0,rural
ENT_06752,TRUST,17400000,VERIFIED,,rural
ENT_06753,BUSINESS,2400000,VERIFIED,,rural
ENT_06754,INDIVIDUAL,900000,VERIFIED,34.0,metro
ENT_06755,INDIVIDUAL,0,VERIFIED,24.0,rural
ENT_06756,BUSINESS,47100000,VERIFIED,,rural
ENT_06757,INDIVIDUAL,7200000,VERIFIED,31.0,rural
ENT_06758,BUSINESS,82700000,VERIFIED,,metro
ENT_06759,INDIVIDUAL,7100000,VERIFIED,36.0,tier2
ENT_06760,BUSINESS,10400000,VERIFIED,,metro
ENT_06761,INDIVIDUAL,9000000,VERIFIED,27.0,metro
ENT_06762,INDIVIDUAL,26000000,VERIFIED,23.0,tier2
ENT_06763,INDIVIDUAL,1300000,VERIFIED,53.0,rural
ENT_06764,INDIVIDUAL,1200000,VERIFIED,55.0,metro
ENT_06765,INDIVIDUAL,1400000,VERIFIED,19.0,metro
ENT_06766,INDIVIDUAL,96300000,VERIFIED,31.0,tier2
ENT_06767,INDIVIDUAL,5600000,VERIFIED,47.0,metro
ENT_06768,INDIVIDUAL,9500000,VERIFIED,51.0,metro
ENT_06769,INDIVIDUAL,1100000,VERIFIED,30.0,tier2
ENT_06770,INDIVIDUAL,0,VERIFIED,65.0,tier2
ENT_06771,TRUST,7200000,VERIFIED,,tier2
ENT_06772,INDIVIDUAL,6300000,VERIFIED,63.0,tier2
ENT_06773,INDIVIDUAL,8400000,VERIFIED,32.0,metro
ENT_06774,INDIVIDUAL,10000000,VERIFIED,20.0,tier2
ENT_06775,BUSINESS,61600000,VERIFIED,,metro
ENT_06776,INDIVIDUAL,6500000,VERIFIED,49.0,tier2
ENT_06777,INDIVIDUAL,9700000,VERIFIED,29.0,tier2
ENT_06778,INDIVIDUAL,4600000,VERIFIED,61.0,rural
ENT_06779,BUSINESS,23600000,VERIFIED,,metro
ENT_06780,INDIVIDUAL,2100000,VERIFIED,56.0,tier2
ENT_06781,INDIVIDUAL,1200000,VERIFIED,35.0,metro
ENT_06782,INDIVIDUAL,0,VERIFIED,20.0,metro
ENT_06783,INDIVIDUAL,500000,VERIFIED,21.0,metro
ENT_06784,TRUST,1700000,VERIFIED,,metro
ENT_06785,BUSINESS,45300000,VERIFIED,,metro
ENT_06786,BUSINESS,4000000,VERIFIED,,metro
ENT_06787,BUSINESS,87100000,VERIFIED,,tier2
ENT_06788,INDIVIDUAL,5800000,VERIFIED,32.0,metro
ENT_06789,INDIVIDUAL,1300000,VERIFIED,27.0,metro
ENT_06790,INDIVIDUAL,400000,VERIFIED,26.0,metro
ENT_06791,INDIVIDUAL,1300000,VERIFIED,54.0,tier2
ENT_06792,INDIVIDUAL,5500000,VERIFIED,31.0,metro
ENT_06793,BUSINESS,3400000,VERIFIED,,metro
ENT_06794,INDIVIDUAL,700000,VERIFIED,26.0,metro
ENT_06795,BUSINESS,7600000,VERIFIED,,metro
ENT_06796,INDIVIDUAL,3800000,VERIFIED,49.0,tier2
ENT_06797,INDIVIDUAL,3600000,VERIFIED,24.0,metro
ENT_06798,BUSINESS,1000000,VERIFIED,,tier2
ENT_06799,INDIVIDUAL,600000,VERIFIED,34.0,rural
ENT_06800,INDIVIDUAL,1100000,VERIFIED,35.0,metro
ENT_06801,INDIVIDUAL,9700000,VERIFIED,25.0,tier2
ENT_06802,INDIVIDUAL,3600000,VERIFIED,52.0,metro
ENT_06803,INDIVIDUAL,2000000,VERIFIED,26.0,metro
ENT_06804,INDIVIDUAL,1100000,VERIFIED,35.0,metro
ENT_06805,INDIVIDUAL,10000000,VERIFIED,59.0,tier2
ENT_06806,INDIVIDUAL,2400000,VERIFIED,48.0,rural
ENT_06807,INDIVIDUAL,300000,VERIFIED,59.0,tier2
ENT_06808,INDIVIDUAL,5500000,VERIFIED,37.0,metro
ENT_06809,BUSINESS,60100000,VERIFIED,,tier2
ENT_06810,INDIVIDUAL,1200000,VERIFIED,60.0,metro
ENT_06811,INDIVIDUAL,1400000,VERIFIED,27.0,tier2
ENT_06812,INDIVIDUAL,8700000,VERIFIED,45.0,tier2
ENT_06813,INDIVIDUAL,1400000,VERIFIED,26.0,tier2
ENT_06814,INDIVIDUAL,8300000,VERIFIED,20.0,metro
ENT_06815,INDIVIDUAL,57900000,VERIFIED,61.0,tier2
ENT_06816,BUSINESS,9800000,VERIFIED,,metro
ENT_06817,INDIVIDUAL,0,VERIFIED,50.0,metro
ENT_06818,INDIVIDUAL,5400000,VERIFIED,41.0,tier2
ENT_06819,INDIVIDUAL,2600000,VERIFIED,39.0,metro
ENT_06820,INDIVIDUAL,9300000,VERIFIED,51.0,metro
ENT_06821,INDIVIDUAL,0,VERIFIED,59.0,metro
ENT_06822,TRUST,19500000,VERIFIED,,rural
ENT_06823,BUSINESS,35200000,VERIFIED,,metro
ENT_06824,INDIVIDUAL,2100000,VERIFIED,64.0,metro
ENT_06825,INDIVIDUAL,500000,VERIFIED,48.0,metro
ENT_06826,INDIVIDUAL,1200000,VERIFIED,43.0,metro
ENT_06827,INDIVIDUAL,1200000,VERIFIED,61.0,rural
ENT_06828,INDIVIDUAL,8800000,VERIFIED,39.0,rural
ENT_06829,INDIVIDUAL,1200000,VERIFIED,40.0,metro
ENT_06830,INDIVIDUAL,900000,VERIFIED,60.0,tier2
ENT_06831,INDIVIDUAL,1100000,VERIFIED,49.0,metro
ENT_06832,INDIVIDUAL,2100000,VERIFIED,19.0,tier2
ENT_06833,INDIVIDUAL,30800000,VERIFIED,42.0,tier2
ENT_06834,INDIVIDUAL,3100000,VERIFIED,40.0,tier2
ENT_06835,INDIVIDUAL,1400000,VERIFIED,63.0,rural
ENT_06836,INDIVIDUAL,4600000,VERIFIED,50.0,metro
ENT_06837,INDIVIDUAL,1800000,VERIFIED,45.0,tier2
ENT_06838,INDIVIDUAL,0,VERIFIED,25.0,metro
ENT_06839,INDIVIDUAL,6500000,VERIFIED,43.0,tier2
ENT_06840,INDIVIDUAL,3600000,VERIFIED,65.0,metro
ENT_06841,INDIVIDUAL,55800000,VERIFIED,53.0,rural
ENT_06842,INDIVIDUAL,1000000,VERIFIED,50.0,metro
ENT_06843,INDIVIDUAL,19300000,VERIFIED,48.0,rural
ENT_06844,INDIVIDUAL,8800000,VERIFIED,60.0,metro
ENT_06845,INDIVIDUAL,0,VERIFIED,44.0,metro
ENT_06846,BUSINESS,75300000,VERIFIED,,rural
ENT_06847,INDIVIDUAL,1500000,VERIFIED,49.0,rural
ENT_06848,INDIVIDUAL,1200000,VERIFIED,37.0,metro
ENT_06849,INDIVIDUAL,600000,VERIFIED,52.0,metro
ENT_06850,INDIVIDUAL,0,VERIFIED,63.0,metro
ENT_06851,INDIVIDUAL,9400000,VERIFIED,39.0,metro
ENT_06852,INDIVIDUAL,66600000,VERIFIED,30.0,metro
ENT_06853,INDIVIDUAL,1000000,VERIFIED,46.0,metro
ENT_06854,INDIVIDUAL,7400000,VERIFIED,33.0,rural
ENT_06855,INDIVIDUAL,5500000,VERIFIED,20.0,tier2
ENT_06856,INDIVIDUAL,600000,VERIFIED,50.0,metro
ENT_06857,INDIVIDUAL,500000,VERIFIED,33.0,metro
ENT_06858,BUSINESS,38700000,VERIFIED,,metro
ENT_06859,INDIVIDUAL,4300000,VERIFIED,32.0,metro
ENT_06860,BUSINESS,70900000,VERIFIED,,metro
ENT_06861,TRUST,9700000,VERIFIED,,metro
ENT_06862,INDIVIDUAL,1000000,VERIFIED,22.0,metro
ENT_06863,INDIVIDUAL,700000,VERIFIED,44.0,tier2
ENT_06864,INDIVIDUAL,0,VERIFIED,37.0,tier2
ENT_06865,INDIVIDUAL,700000,VERIFIED,46.0,metro
ENT_06866,INDIVIDUAL,22500000,VERIFIED,60.0,tier2
ENT_06867,INDIVIDUAL,0,VERIFIED,29.0,metro
ENT_06868,INDIVIDUAL,34300000,VERIFIED,64.0,tier2
ENT_06869,INDIVIDUAL,5400000,VERIFIED,53.0,tier2
ENT_06870,INDIVIDUAL,9900000,VERIFIED,22.0,tier2
ENT_06871,BUSINESS,22500000,VERIFIED,,metro
ENT_06872,INDIVIDUAL,800000,VERIFIED,26.0,rural
ENT_06873,INDIVIDUAL,6100000,VERIFIED,18.0,metro
ENT_06874,INDIVIDUAL,1400000,VERIFIED,18.0,tier2
ENT_06875,INDIVIDUAL,7100000,VERIFIED,30.0,tier2
ENT_06876,INDIVIDUAL,13100000,VERIFIED,22.0,metro
ENT_06877,INDIVIDUAL,1000000,VERIFIED,24.0,rural
ENT_06878,INDIVIDUAL,300000,VERIFIED,42.0,tier2
ENT_06879,INDIVIDUAL,0,VERIFIED,36.0,tier2
ENT_06880,INDIVIDUAL,900000,VERIFIED,58.0,tier2
ENT_06881,INDIVIDUAL,5300000,VERIFIED,25.0,tier2
ENT_06882,INDIVIDUAL,8500000,VERIFIED,32.0,rural
ENT_06883,INDIVIDUAL,2000000,VERIFIED,50.0,metro
ENT_06884,INDIVIDUAL,0,VERIFIED,18.0,tier2
ENT_06885,INDIVIDUAL,2800000,VERIFIED,56.0,rural
ENT_06886,INDIVIDUAL,8100000,VERIFIED,63.0,rural
ENT_06887,BUSINESS,7200000,VERIFIED,,rural
ENT_06888,INDIVIDUAL,2000000,VERIFIED,27.0,rural
ENT_06889,INDIVIDUAL,1900000,VERIFIED,30.0,metro
ENT_06890,INDIVIDUAL,14300000,VERIFIED,54.0,rural
ENT_06891,BUSINESS,9500000,VERIFIED,,metro
ENT_06892,TRUST,7000000,VERIFIED,,metro
ENT_06893,INDIVIDUAL,500000,VERIFIED,63.0,metro
ENT_06894,INDIVIDUAL,400000,VERIFIED,22.0,tier2
ENT_06895,BUSINESS,90700000,VERIFIED,,rural
ENT_06896,INDIVIDUAL,0,VERIFIED,32.0,rural
ENT_06897,TRUST,17500000,VERIFIED,,metro
ENT_06898,INDIVIDUAL,0,VERIFIED,25.0,metro
ENT_06899,INDIVIDUAL,1800000,VERIFIED,52.0,metro
ENT_06900,INDIVIDUAL,9500000,VERIFIED,63.0,tier2
ENT_06901,INDIVIDUAL,8700000,VERIFIED,32.0,metro
ENT_06902,INDIVIDUAL,1400000,VERIFIED,50.0,tier2
ENT_06903,INDIVIDUAL,16000000,VERIFIED,45.0,tier2
ENT_06904,INDIVIDUAL,9400000,VERIFIED,39.0,tier2
ENT_06905,INDIVIDUAL,9900000,VERIFIED,56.0,rural
ENT_06906,BUSINESS,74800000,VERIFIED,,metro
ENT_06907,INDIVIDUAL,1600000,VERIFIED,36.0,metro
ENT_06908,INDIVIDUAL,0,VERIFIED,27.0,tier2
ENT_06909,BUSINESS,7600000,VERIFIED,,metro
ENT_06910,INDIVIDUAL,9800000,VERIFIED,53.0,tier2
ENT_06911,INDIVIDUAL,6200000,VERIFIED,20.0,rural
ENT_06912,INDIVIDUAL,7300000,VERIFIED,24.0,metro
ENT_06913,BUSINESS,4400000,VERIFIED,,metro
ENT_06914,INDIVIDUAL,800000,VERIFIED,19.0,rural
ENT_06915,INDIVIDUAL,5200000,VERIFIED,50.0,metro
ENT_06916,BUSINESS,36800000,VERIFIED,,metro
ENT_06917,INDIVIDUAL,9700000,VERIFIED,57.0,tier2
ENT_06918,BUSINESS,7200000,VERIFIED,,metro
ENT_06919,INDIVIDUAL,700000,VERIFIED,27.0,tier2
ENT_06920,INDIVIDUAL,800000,VERIFIED,47.0,rural
ENT_06921,TRUST,28300000,VERIFIED,,metro
ENT_06922,INDIVIDUAL,7800000,VERIFIED,36.0,metro
ENT_06923,INDIVIDUAL,8600000,VERIFIED,40.0,metro
ENT_06924,INDIVIDUAL,39200000,VERIFIED,49.0,metro
ENT_06925,TRUST,40000000,VERIFIED,,tier2
ENT_06926,INDIVIDUAL,8400000,VERIFIED,18.0,metro
ENT_06927,INDIVIDUAL,2600000,VERIFIED,56.0,rural
ENT_06928,TRUST,49600000,VERIFIED,,metro
ENT_06929,INDIVIDUAL,300000,VERIFIED,30.0,metro
ENT_06930,INDIVIDUAL,900000,VERIFIED,53.0,tier2
ENT_06931,INDIVIDUAL,6200000,VERIFIED,48.0,tier2
ENT_06932,INDIVIDUAL,500000,VERIFIED,49.0,tier2
ENT_06933,BUSINESS,1800000,VERIFIED,,rural
ENT_06934,BUSINESS,3600000,VERIFIED,,metro
ENT_06935,BUSINESS,28300000,VERIFIED,,rural
ENT_06936,INDIVIDUAL,1400000,VERIFIED,42.0,rural
ENT_06937,INDIVIDUAL,1100000,VERIFIED,57.0,metro
ENT_06938,INDIVIDUAL,0,VERIFIED,29.0,metro
ENT_06939,TRUST,1100000,VERIFIED,,tier2
ENT_06940,BUSINESS,30300000,VERIFIED,,tier2
ENT_06941,INDIVIDUAL,700000,VERIFIED,41.0,rural
ENT_06942,INDIVIDUAL,8900000,VERIFIED,32.0,metro
ENT_06943,INDIVIDUAL,1400000,VERIFIED,63.0,tier2
ENT_06944,INDIVIDUAL,0,VERIFIED,27.0,rural
ENT_06945,INDIVIDUAL,86200000,VERIFIED,32.0,tier2
ENT_06946,INDIVIDUAL,1400000,VERIFIED,59.0,tier2
ENT_06947,INDIVIDUAL,0,VERIFIED,52.0,rural
ENT_06948,INDIVIDUAL,1400000,VERIFIED,30.0,tier2
ENT_06949,INDIVIDUAL,7100000,VERIFIED,55.0,tier2
ENT_06950,INDIVIDUAL,1500000,VERIFIED,27.0,metro
ENT_06951,INDIVIDUAL,25000000,VERIFIED,32.0,metro
ENT_06952,INDIVIDUAL,98600000,VERIFIED,61.0,rural
ENT_06953,INDIVIDUAL,9300000,VERIFIED,18.0,rural
ENT_06954,BUSINESS,4900000,VERIFIED,,metro
ENT_06955,INDIVIDUAL,63100000,VERIFIED,57.0,tier2
ENT_06956,INDIVIDUAL,800000,VERIFIED,41.0,tier2
ENT_06957,INDIVIDUAL,800000,VERIFIED,26.0,metro
ENT_06958,INDIVIDUAL,1100000,VERIFIED,52.0,metro
ENT_06959,INDIVIDUAL,94300000,VERIFIED,58.0,metro
ENT_06960,INDIVIDUAL,2600000,VERIFIED,58.0,metro
ENT_06961,INDIVIDUAL,0,VERIFIED,47.0,rural
ENT_06962,INDIVIDUAL,8000000,VERIFIED,19.0,metro
ENT_06963,TRUST,33500000,VERIFIED,,tier2
ENT_06964,INDIVIDUAL,7000000,VERIFIED,28.0,metro
ENT_06965,INDIVIDUAL,900000,VERIFIED,42.0,rural
ENT_06966,INDIVIDUAL,7900000,VERIFIED,52.0,rural
ENT_06967,INDIVIDUAL,7400000,VERIFIED,46.0,metro
ENT_06968,INDIVIDUAL,0,VERIFIED,48.0,metro
ENT_06969,INDIVIDUAL,3700000,VERIFIED,63.0,rural
ENT_06970,INDIVIDUAL,2300000,VERIFIED,41.0,tier2
ENT_06971,INDIVIDUAL,400000,VERIFIED,60.0,tier2
ENT_06972,INDIVIDUAL,400000,VERIFIED,34.0,tier2
ENT_06973,INDIVIDUAL,0,VERIFIED,25.0,metro
ENT_06974,INDIVIDUAL,700000,VERIFIED,40.0,metro
ENT_06975,INDIVIDUAL,4900000,VERIFIED,40.0,tier2
ENT_06976,INDIVIDUAL,31800000,VERIFIED,22.0,tier2
ENT_06977,INDIVIDUAL,1500000,VERIFIED,25.0,tier2
ENT_06978,INDIVIDUAL,600000,VERIFIED,35.0,tier2
ENT_06979,BUSINESS,96200000,VERIFIED,,tier2
ENT_06980,INDIVIDUAL,0,VERIFIED,20.0,tier2
ENT_06981,INDIVIDUAL,700000,VERIFIED,37.0,tier2
ENT_06982,INDIVIDUAL,7900000,VERIFIED,62.0,metro
ENT_06983,INDIVIDUAL,400000,VERIFIED,64.0,tier2
ENT_06984,INDIVIDUAL,7000000,VERIFIED,50.0,metro
ENT_06985,BUSINESS,2400000,VERIFIED,,metro
ENT_06986,INDIVIDUAL,700000,VERIFIED,31.0,metro
ENT_06987,TRUST,7200000,VERIFIED,,rural
ENT_06988,INDIVIDUAL,0,VERIFIED,31.0,metro
ENT_06989,INDIVIDUAL,1200000,VERIFIED,38.0,metro
ENT_06990,INDIVIDUAL,1100000,VERIFIED,36.0,metro
ENT_06991,INDIVIDUAL,84900000,VERIFIED,65.0,rural
ENT_06992,INDIVIDUAL,8100000,VERIFIED,47.0,metro
ENT_06993,INDIVIDUAL,4200000,VERIFIED,18.0,metro
ENT_06994,INDIVIDUAL,1500000,VERIFIED,40.0,metro
ENT_06995,INDIVIDUAL,48600000,VERIFIED,63.0,metro
ENT_06996,BUSINESS,2500000,VERIFIED,,rural
ENT_06997,INDIVIDUAL,7800000,VERIFIED,26.0,metro
ENT_06998,BUSINESS,98500000,VERIFIED,,rural
ENT_06999,INDIVIDUAL,4300000,VERIFIED,46.0,metro
ENT_07000,INDIVIDUAL,8600000,VERIFIED,31.0,metro
ENT_07001,INDIVIDUAL,1500000,VERIFIED,41.0,tier2
ENT_07002,TRUST,9400000,VERIFIED,,tier2
ENT_07003,BUSINESS,13300000,VERIFIED,,rural
ENT_07004,INDIVIDUAL,19600000,VERIFIED,29.0,metro
ENT_07005,INDIVIDUAL,800000,VERIFIED,51.0,rural
ENT_07006,INDIVIDUAL,8100000,VERIFIED,23.0,metro
ENT_07007,INDIVIDUAL,1500000,VERIFIED,45.0,metro
ENT_07008,INDIVIDUAL,400000,VERIFIED,19.0,rural
ENT_07009,INDIVIDUAL,1300000,VERIFIED,23.0,metro
ENT_07010,INDIVIDUAL,1400000,VERIFIED,64.0,rural
ENT_07011,INDIVIDUAL,1100000,VERIFIED,24.0,metro
ENT_07012,INDIVIDUAL,800000,VERIFIED,41.0,tier2
ENT_07013,BUSINESS,68600000,VERIFIED,,rural
ENT_07014,INDIVIDUAL,7300000,VERIFIED,54.0,tier2
ENT_07015,BUSINESS,29800000,VERIFIED,,rural
ENT_07016,INDIVIDUAL,3200000,VERIFIED,49.0,metro
ENT_07017,INDIVIDUAL,1000000,VERIFIED,41.0,tier2
ENT_07018,INDIVIDUAL,1900000,VERIFIED,31.0,rural
ENT_07019,INDIVIDUAL,1200000,VERIFIED,22.0,tier2
ENT_07020,INDIVIDUAL,8100000,VERIFIED,19.0,rural
ENT_07021,INDIVIDUAL,3200000,VERIFIED,45.0,tier2
ENT_07022,BUSINESS,9600000,VERIFIED,,rural
ENT_07023,BUSINESS,1400000,VERIFIED,,metro
ENT_07024,INDIVIDUAL,5200000,VERIFIED,37.0,tier2
ENT_07025,INDIVIDUAL,1400000,VERIFIED,30.0,metro
ENT_07026,INDIVIDUAL,1900000,VERIFIED,34.0,rural
ENT_07027,INDIVIDUAL,0,VERIFIED,64.0,tier2
ENT_07028,INDIVIDUAL,5900000,VERIFIED,34.0,rural
ENT_07029,INDIVIDUAL,0,VERIFIED,58.0,rural
ENT_07030,INDIVIDUAL,2100000,VERIFIED,39.0,rural
ENT_07031,INDIVIDUAL,1300000,VERIFIED,42.0,metro
ENT_07032,BUSINESS,5900000,VERIFIED,,metro
ENT_07033,TRUST,22100000,VERIFIED,,metro
ENT_07034,INDIVIDUAL,500000,VERIFIED,45.0,metro
ENT_07035,INDIVIDUAL,0,VERIFIED,50.0,tier2
ENT_07036,INDIVIDUAL,500000,VERIFIED,35.0,rural
ENT_07037,INDIVIDUAL,1300000,VERIFIED,59.0,metro
ENT_07038,BUSINESS,3000000,VERIFIED,,tier2
ENT_07039,INDIVIDUAL,0,VERIFIED,25.0,tier2
ENT_07040,INDIVIDUAL,6900000,VERIFIED,61.0,metro
ENT_07041,INDIVIDUAL,900000,VERIFIED,18.0,rural
ENT_07042,INDIVIDUAL,6200000,VERIFIED,50.0,tier2
ENT_07043,INDIVIDUAL,8000000,VERIFIED,44.0,tier2
ENT_07044,INDIVIDUAL,5300000,VERIFIED,61.0,tier2
ENT_07045,INDIVIDUAL,900000,VERIFIED,48.0,rural
ENT_07046,BUSINESS,94900000,VERIFIED,,metro
ENT_07047,INDIVIDUAL,900000,VERIFIED,35.0,metro
ENT_07048,INDIVIDUAL,600000,VERIFIED,27.0,metro
ENT_07049,BUSINESS,70800000,VERIFIED,,metro
ENT_07050,BUSINESS,63000000,VERIFIED,,metro
ENT_07051,INDIVIDUAL,700000,VERIFIED,55.0,tier2
ENT_07052,TRUST,46200000,VERIFIED,,rural
ENT_07053,BUSINESS,35800000,VERIFIED,,rural
ENT_07054,INDIVIDUAL,2600000,VERIFIED,34.0,metro
ENT_07055,INDIVIDUAL,500000,VERIFIED,56.0,tier2
ENT_07056,INDIVIDUAL,1400000,VERIFIED,51.0,tier2
ENT_07057,INDIVIDUAL,1200000,VERIFIED,34.0,metro
ENT_07058,INDIVIDUAL,800000,VERIFIED,35.0,tier2
ENT_07059,BUSINESS,63700000,VERIFIED,,metro
ENT_07060,INDIVIDUAL,1400000,VERIFIED,52.0,metro
ENT_07061,INDIVIDUAL,1400000,VERIFIED,56.0,metro
ENT_07062,INDIVIDUAL,1400000,VERIFIED,51.0,metro
ENT_07063,BUSINESS,7000000,VERIFIED,,metro
ENT_07064,INDIVIDUAL,99600000,VERIFIED,35.0,metro
ENT_07065,INDIVIDUAL,3700000,VERIFIED,29.0,rural
ENT_07066,INDIVIDUAL,5000000,VERIFIED,24.0,metro
ENT_07067,INDIVIDUAL,800000,VERIFIED,51.0,metro
ENT_07068,INDIVIDUAL,6500000,VERIFIED,31.0,metro
ENT_07069,INDIVIDUAL,700000,VERIFIED,59.0,metro
ENT_07070,INDIVIDUAL,50300000,VERIFIED,45.0,tier2
ENT_07071,INDIVIDUAL,2700000,VERIFIED,49.0,metro
ENT_07072,INDIVIDUAL,4300000,VERIFIED,25.0,metro
ENT_07073,INDIVIDUAL,0,VERIFIED,54.0,metro
ENT_07074,BUSINESS,1200000,VERIFIED,,metro
ENT_07075,INDIVIDUAL,0,VERIFIED,52.0,metro
ENT_07076,BUSINESS,40600000,VERIFIED,,rural
ENT_07077,INDIVIDUAL,7000000,VERIFIED,54.0,tier2
ENT_07078,INDIVIDUAL,600000,VERIFIED,19.0,metro
ENT_07079,INDIVIDUAL,800000,VERIFIED,46.0,rural
ENT_07080,INDIVIDUAL,7000000,VERIFIED,51.0,tier2
ENT_07081,BUSINESS,78400000,VERIFIED,,tier2
ENT_07082,INDIVIDUAL,300000,VERIFIED,29.0,tier2
ENT_07083,INDIVIDUAL,1100000,VERIFIED,48.0,metro
ENT_07084,INDIVIDUAL,0,VERIFIED,23.0,tier2
ENT_07085,BUSINESS,3000000,VERIFIED,,tier2
ENT_07086,INDIVIDUAL,2200000,VERIFIED,31.0,tier2
ENT_07087,INDIVIDUAL,700000,VERIFIED,41.0,tier2
ENT_07088,INDIVIDUAL,78800000,VERIFIED,24.0,tier2
ENT_07089,TRUST,7300000,VERIFIED,,metro
ENT_07090,INDIVIDUAL,0,VERIFIED,62.0,tier2
ENT_07091,TRUST,1500000,VERIFIED,,tier2
ENT_07092,INDIVIDUAL,5600000,VERIFIED,25.0,rural
ENT_07093,BUSINESS,13600000,VERIFIED,,rural
ENT_07094,INDIVIDUAL,9700000,VERIFIED,59.0,metro
ENT_07095,INDIVIDUAL,600000,VERIFIED,18.0,metro
ENT_07096,INDIVIDUAL,6900000,VERIFIED,31.0,metro
ENT_07097,BUSINESS,4700000,VERIFIED,,rural
ENT_07098,INDIVIDUAL,1100000,VERIFIED,21.0,tier2
ENT_07099,INDIVIDUAL,8000000,VERIFIED,50.0,metro
ENT_07100,INDIVIDUAL,700000,VERIFIED,33.0,tier2
ENT_07101,INDIVIDUAL,1100000,VERIFIED,38.0,tier2
ENT_07102,INDIVIDUAL,700000,VERIFIED,35.0,rural
ENT_07103,INDIVIDUAL,5000000,VERIFIED,65.0,tier2
ENT_07104,INDIVIDUAL,74000000,VERIFIED,20.0,metro
ENT_07105,BUSINESS,25800000,VERIFIED,,metro
ENT_07106,INDIVIDUAL,0,VERIFIED,65.0,metro
ENT_07107,INDIVIDUAL,13800000,VERIFIED,26.0,tier2
ENT_07108,INDIVIDUAL,5800000,VERIFIED,30.0,metro
ENT_07109,TRUST,4100000,VERIFIED,,metro
ENT_07110,TRUST,4100000,VERIFIED,,metro
ENT_07111,INDIVIDUAL,5500000,VERIFIED,35.0,rural
ENT_07112,BUSINESS,31300000,VERIFIED,,rural
ENT_07113,INDIVIDUAL,1300000,VERIFIED,56.0,metro
ENT_07114,INDIVIDUAL,43400000,VERIFIED,18.0,metro
ENT_07115,INDIVIDUAL,0,VERIFIED,52.0,metro
ENT_07116,INDIVIDUAL,97400000,VERIFIED,42.0,rural
ENT_07117,INDIVIDUAL,40800000,VERIFIED,51.0,rural
ENT_07118,INDIVIDUAL,0,VERIFIED,33.0,rural
ENT_07119,INDIVIDUAL,40400000,VERIFIED,51.0,metro
ENT_07120,INDIVIDUAL,46700000,VERIFIED,46.0,tier2
ENT_07121,INDIVIDUAL,600000,VERIFIED,55.0,rural
ENT_07122,BUSINESS,75300000,VERIFIED,,tier2
ENT_07123,INDIVIDUAL,5700000,VERIFIED,23.0,tier2
ENT_07124,INDIVIDUAL,3400000,VERIFIED,50.0,rural
ENT_07125,INDIVIDUAL,500000,VERIFIED,55.0,metro
ENT_07126,TRUST,5600000,VERIFIED,,metro
ENT_07127,INDIVIDUAL,1100000,VERIFIED,51.0,tier2
ENT_07128,INDIVIDUAL,70500000,VERIFIED,20.0,metro
ENT_07129,BUSINESS,84500000,VERIFIED,,tier2
ENT_07130,BUSINESS,36800000,VERIFIED,,tier2
ENT_07131,INDIVIDUAL,1500000,VERIFIED,39.0,metro
ENT_07132,INDIVIDUAL,1100000,VERIFIED,36.0,tier2
ENT_07133,INDIVIDUAL,5100000,VERIFIED,65.0,metro
ENT_07134,INDIVIDUAL,4600000,VERIFIED,44.0,tier2
ENT_07135,INDIVIDUAL,12700000,VERIFIED,46.0,rural
ENT_07136,INDIVIDUAL,45400000,VERIFIED,40.0,tier2
ENT_07137,INDIVIDUAL,47700000,VERIFIED,39.0,tier2
ENT_07138,INDIVIDUAL,0,VERIFIED,63.0,metro
ENT_07139,INDIVIDUAL,800000,VERIFIED,37.0,metro
ENT_07140,BUSINESS,37800000,VERIFIED,,metro
ENT_07141,BUSINESS,2600000,VERIFIED,,metro
ENT_07142,INDIVIDUAL,8500000,VERIFIED,33.0,metro
ENT_07143,INDIVIDUAL,0,VERIFIED,49.0,metro
ENT_07144,INDIVIDUAL,800000,VERIFIED,56.0,rural
ENT_07145,INDIVIDUAL,1400000,VERIFIED,65.0,metro
ENT_07146,BUSINESS,6500000,VERIFIED,,metro
ENT_07147,INDIVIDUAL,6300000,VERIFIED,60.0,rural
ENT_07148,INDIVIDUAL,1200000,VERIFIED,32.0,metro
ENT_07149,INDIVIDUAL,1000000,VERIFIED,45.0,metro
ENT_07150,INDIVIDUAL,5800000,VERIFIED,37.0,metro
ENT_07151,INDIVIDUAL,2900000,VERIFIED,49.0,metro
ENT_07152,INDIVIDUAL,1500000,VERIFIED,22.0,rural
ENT_07153,BUSINESS,4500000,VERIFIED,,metro
ENT_07154,BUSINESS,1700000,VERIFIED,,metro
ENT_07155,TRUST,4700000,VERIFIED,,metro
ENT_07156,INDIVIDUAL,800000,VERIFIED,45.0,rural
ENT_07157,TRUST,3600000,VERIFIED,,metro
ENT_07158,TRUST,52400000,VERIFIED,,tier2
ENT_07159,INDIVIDUAL,5500000,VERIFIED,18.0,metro
ENT_07160,BUSINESS,7400000,VERIFIED,,metro
ENT_07161,INDIVIDUAL,400000,VERIFIED,48.0,metro
ENT_07162,BUSINESS,88400000,VERIFIED,,metro
ENT_07163,INDIVIDUAL,8400000,VERIFIED,32.0,metro
ENT_07164,INDIVIDUAL,8800000,VERIFIED,61.0,rural
ENT_07165,BUSINESS,13600000,VERIFIED,,tier2
ENT_07166,TRUST,76100000,VERIFIED,,tier2
ENT_07167,TRUST,90900000,VERIFIED,,tier2
ENT_07168,INDIVIDUAL,0,VERIFIED,24.0,metro
ENT_07169,INDIVIDUAL,0,VERIFIED,43.0,metro
ENT_07170,INDIVIDUAL,9700000,VERIFIED,61.0,tier2
ENT_07171,INDIVIDUAL,54300000,VERIFIED,33.0,metro
ENT_07172,INDIVIDUAL,78100000,VERIFIED,60.0,rural
ENT_07173,INDIVIDUAL,7600000,VERIFIED,28.0,rural
ENT_07174,TRUST,7700000,VERIFIED,,metro
ENT_07175,TRUST,6200000,VERIFIED,,tier2
ENT_07176,INDIVIDUAL,700000,VERIFIED,26.0,tier2
ENT_07177,INDIVIDUAL,1400000,VERIFIED,23.0,metro
ENT_07178,INDIVIDUAL,6500000,VERIFIED,36.0,metro
ENT_07179,INDIVIDUAL,4900000,VERIFIED,35.0,rural
ENT_07180,INDIVIDUAL,3400000,VERIFIED,61.0,tier2
ENT_07181,INDIVIDUAL,6500000,VERIFIED,44.0,metro
ENT_07182,INDIVIDUAL,7600000,VERIFIED,23.0,tier2
ENT_07183,INDIVIDUAL,700000,VERIFIED,35.0,tier2
ENT_07184,INDIVIDUAL,1000000,VERIFIED,60.0,metro
ENT_07185,BUSINESS,8200000,VERIFIED,,tier2
ENT_07186,INDIVIDUAL,0,VERIFIED,38.0,metro
ENT_07187,INDIVIDUAL,500000,VERIFIED,30.0,tier2
ENT_07188,INDIVIDUAL,900000,VERIFIED,55.0,tier2
ENT_07189,BUSINESS,37400000,VERIFIED,,tier2
ENT_07190,INDIVIDUAL,1300000,VERIFIED,51.0,metro
ENT_07191,BUSINESS,2700000,VERIFIED,,tier2
ENT_07192,INDIVIDUAL,1500000,VERIFIED,59.0,tier2
ENT_07193,BUSINESS,67300000,VERIFIED,,metro
ENT_07194,INDIVIDUAL,0,VERIFIED,47.0,metro
ENT_07195,INDIVIDUAL,4400000,VERIFIED,21.0,rural
ENT_07196,INDIVIDUAL,0,VERIFIED,50.0,metro
ENT_07197,BUSINESS,60700000,VERIFIED,,tier2
ENT_07198,INDIVIDUAL,800000,VERIFIED,38.0,tier2
ENT_07199,INDIVIDUAL,43300000,VERIFIED,61.0,tier2
ENT_07200,INDIVIDUAL,9500000,VERIFIED,41.0,rural
ENT_07201,INDIVIDUAL,1300000,VERIFIED,18.0,metro
ENT_07202,INDIVIDUAL,0,VERIFIED,65.0,metro
ENT_07203,INDIVIDUAL,9300000,VERIFIED,45.0,metro
ENT_07204,INDIVIDUAL,3700000,VERIFIED,44.0,rural
ENT_07205,INDIVIDUAL,0,VERIFIED,44.0,metro
ENT_07206,TRUST,91800000,VERIFIED,,metro
ENT_07207,INDIVIDUAL,400000,VERIFIED,61.0,tier2
ENT_07208,INDIVIDUAL,400000,VERIFIED,41.0,metro
ENT_07209,INDIVIDUAL,0,VERIFIED,54.0,metro
ENT_07210,TRUST,5300000,VERIFIED,,metro
ENT_07211,INDIVIDUAL,800000,VERIFIED,53.0,metro
ENT_07212,INDIVIDUAL,3400000,VERIFIED,29.0,rural
ENT_07213,INDIVIDUAL,7000000,VERIFIED,45.0,metro
ENT_07214,TRUST,78700000,VERIFIED,,tier2
ENT_07215,INDIVIDUAL,2600000,VERIFIED,31.0,metro
ENT_07216,INDIVIDUAL,1400000,VERIFIED,50.0,tier2
ENT_07217,INDIVIDUAL,1500000,VERIFIED,20.0,metro
ENT_07218,INDIVIDUAL,0,VERIFIED,35.0,metro
ENT_07219,BUSINESS,69400000,VERIFIED,,rural
ENT_07220,INDIVIDUAL,1200000,VERIFIED,39.0,rural
ENT_07221,INDIVIDUAL,5400000,VERIFIED,57.0,tier2
ENT_07222,INDIVIDUAL,700000,VERIFIED,31.0,metro
ENT_07223,TRUST,4900000,VERIFIED,,rural
ENT_07224,INDIVIDUAL,1400000,VERIFIED,65.0,tier2
ENT_07225,INDIVIDUAL,0,VERIFIED,22.0,metro
ENT_07226,INDIVIDUAL,2700000,VERIFIED,24.0,metro
ENT_07227,INDIVIDUAL,1500000,VERIFIED,30.0,rural
ENT_07228,INDIVIDUAL,34400000,VERIFIED,27.0,metro
ENT_07229,INDIVIDUAL,6600000,VERIFIED,36.0,metro
ENT_07230,INDIVIDUAL,900000,VERIFIED,40.0,metro
ENT_07231,INDIVIDUAL,900000,VERIFIED,23.0,rural
ENT_07232,TRUST,6300000,VERIFIED,,tier2
ENT_07233,INDIVIDUAL,800000,VERIFIED,27.0,metro
ENT_07234,BUSINESS,6100000,VERIFIED,,tier2
ENT_07235,INDIVIDUAL,0,VERIFIED,47.0,tier2
ENT_07236,INDIVIDUAL,0,VERIFIED,40.0,rural
ENT_07237,BUSINESS,66300000,VERIFIED,,metro
ENT_07238,INDIVIDUAL,0,VERIFIED,47.0,rural
ENT_07239,INDIVIDUAL,18500000,VERIFIED,62.0,tier2
ENT_07240,BUSINESS,3300000,VERIFIED,,rural
ENT_07241,INDIVIDUAL,8300000,VERIFIED,32.0,tier2
ENT_07242,BUSINESS,37900000,VERIFIED,,tier2
ENT_07243,INDIVIDUAL,2000000,VERIFIED,44.0,metro
ENT_07244,BUSINESS,29200000,VERIFIED,,metro
ENT_07245,INDIVIDUAL,1400000,VERIFIED,27.0,metro
ENT_07246,INDIVIDUAL,1400000,VERIFIED,51.0,tier2
ENT_07247,INDIVIDUAL,2400000,VERIFIED,54.0,metro
ENT_07248,INDIVIDUAL,1500000,VERIFIED,59.0,rural
ENT_07249,INDIVIDUAL,1100000,VERIFIED,20.0,tier2
ENT_07250,INDIVIDUAL,3400000,VERIFIED,36.0,metro
ENT_07251,INDIVIDUAL,900000,VERIFIED,30.0,tier2
ENT_07252,INDIVIDUAL,1500000,VERIFIED,41.0,tier2
ENT_07253,INDIVIDUAL,1600000,VERIFIED,18.0,tier2
ENT_07254,INDIVIDUAL,900000,VERIFIED,34.0,metro
ENT_07255,BUSINESS,2200000,VERIFIED,,tier2
ENT_07256,INDIVIDUAL,37600000,VERIFIED,46.0,metro
ENT_07257,BUSINESS,8000000,VERIFIED,,rural
ENT_07258,BUSINESS,9000000,VERIFIED,,rural
ENT_07259,INDIVIDUAL,0,VERIFIED,59.0,rural
ENT_07260,INDIVIDUAL,400000,VERIFIED,47.0,metro
ENT_07261,INDIVIDUAL,0,VERIFIED,56.0,metro
ENT_07262,TRUST,1300000,VERIFIED,,tier2
ENT_07263,INDIVIDUAL,0,VERIFIED,40.0,tier2
ENT_07264,BUSINESS,72100000,VERIFIED,,tier2
ENT_07265,INDIVIDUAL,1900000,VERIFIED,49.0,tier2
ENT_07266,TRUST,12800000,VERIFIED,,tier2
ENT_07267,INDIVIDUAL,700000,VERIFIED,20.0,metro
ENT_07268,INDIVIDUAL,4700000,VERIFIED,40.0,rural
ENT_07269,TRUST,5700000,VERIFIED,,metro
ENT_07270,INDIVIDUAL,5800000,VERIFIED,41.0,metro
ENT_07271,INDIVIDUAL,300000,VERIFIED,48.0,tier2
ENT_07272,INDIVIDUAL,1300000,VERIFIED,64.0,metro
ENT_07273,INDIVIDUAL,3000000,VERIFIED,44.0,metro
ENT_07274,INDIVIDUAL,74600000,VERIFIED,60.0,metro
ENT_07275,INDIVIDUAL,22400000,VERIFIED,53.0,metro
ENT_07276,BUSINESS,1300000,VERIFIED,,rural
ENT_07277,BUSINESS,95800000,VERIFIED,,metro
ENT_07278,INDIVIDUAL,8300000,VERIFIED,18.0,rural
ENT_07279,INDIVIDUAL,300000,VERIFIED,30.0,rural
ENT_07280,INDIVIDUAL,500000,VERIFIED,51.0,metro
ENT_07281,BUSINESS,57600000,VERIFIED,,rural
ENT_07282,BUSINESS,4500000,VERIFIED,,tier2
ENT_07283,INDIVIDUAL,7400000,VERIFIED,26.0,rural
ENT_07284,INDIVIDUAL,6400000,VERIFIED,59.0,tier2
ENT_07285,INDIVIDUAL,41300000,VERIFIED,45.0,metro
ENT_07286,INDIVIDUAL,800000,VERIFIED,56.0,metro
ENT_07287,INDIVIDUAL,2400000,VERIFIED,55.0,rural
ENT_07288,INDIVIDUAL,400000,VERIFIED,31.0,metro
ENT_07289,INDIVIDUAL,95300000,VERIFIED,54.0,rural
ENT_07290,INDIVIDUAL,7700000,VERIFIED,60.0,tier2
ENT_07291,INDIVIDUAL,0,VERIFIED,40.0,metro
ENT_07292,INDIVIDUAL,1500000,VERIFIED,64.0,tier2
ENT_07293,INDIVIDUAL,1100000,VERIFIED,25.0,tier2
ENT_07294,INDIVIDUAL,1000000,VERIFIED,34.0,tier2
ENT_07295,BUSINESS,72100000,VERIFIED,,metro
ENT_07296,BUSINESS,77000000,VERIFIED,,tier2
ENT_07297,INDIVIDUAL,900000,VERIFIED,56.0,tier2
ENT_07298,INDIVIDUAL,800000,VERIFIED,27.0,tier2
ENT_07299,BUSINESS,9900000,VERIFIED,,metro
ENT_07300,INDIVIDUAL,2500000,VERIFIED,27.0,metro
ENT_07301,INDIVIDUAL,8200000,VERIFIED,44.0,rural
ENT_07302,INDIVIDUAL,600000,VERIFIED,61.0,metro
ENT_07303,INDIVIDUAL,1100000,VERIFIED,48.0,tier2
ENT_07304,INDIVIDUAL,7700000,VERIFIED,26.0,tier2
ENT_07305,INDIVIDUAL,5700000,VERIFIED,32.0,metro
ENT_07306,BUSINESS,1600000,VERIFIED,,metro
ENT_07307,INDIVIDUAL,7200000,VERIFIED,34.0,metro
ENT_07308,INDIVIDUAL,500000,VERIFIED,43.0,tier2
ENT_07309,INDIVIDUAL,1400000,VERIFIED,41.0,metro
ENT_07310,INDIVIDUAL,91900000,VERIFIED,26.0,metro
ENT_07311,INDIVIDUAL,1000000,VERIFIED,50.0,metro
ENT_07312,BUSINESS,8200000,VERIFIED,,tier2
ENT_07313,INDIVIDUAL,6600000,VERIFIED,41.0,rural
ENT_07314,INDIVIDUAL,0,VERIFIED,38.0,rural
ENT_07315,INDIVIDUAL,1000000,VERIFIED,54.0,metro
ENT_07316,INDIVIDUAL,0,VERIFIED,26.0,tier2
ENT_07317,INDIVIDUAL,3600000,VERIFIED,40.0,metro
ENT_07318,BUSINESS,60600000,VERIFIED,,metro
ENT_07319,BUSINESS,26100000,VERIFIED,,metro
ENT_07320,INDIVIDUAL,0,VERIFIED,30.0,metro
ENT_07321,INDIVIDUAL,1300000,VERIFIED,40.0,rural
ENT_07322,INDIVIDUAL,3500000,VERIFIED,30.0,tier2
ENT_07323,INDIVIDUAL,1500000,VERIFIED,47.0,rural
ENT_07324,BUSINESS,11600000,VERIFIED,,metro
ENT_07325,INDIVIDUAL,1200000,VERIFIED,59.0,rural
ENT_07326,INDIVIDUAL,1500000,VERIFIED,63.0,metro
ENT_07327,INDIVIDUAL,8500000,VERIFIED,48.0,metro
ENT_07328,INDIVIDUAL,1200000,VERIFIED,27.0,metro
ENT_07329,TRUST,7400000,VERIFIED,,tier2
ENT_07330,INDIVIDUAL,1200000,VERIFIED,59.0,metro
ENT_07331,TRUST,5700000,VERIFIED,,metro
ENT_07332,TRUST,91500000,VERIFIED,,tier2
ENT_07333,INDIVIDUAL,800000,VERIFIED,63.0,metro
ENT_07334,BUSINESS,50500000,VERIFIED,,metro
ENT_07335,INDIVIDUAL,52100000,VERIFIED,36.0,rural
ENT_07336,BUSINESS,4800000,VERIFIED,,rural
ENT_07337,INDIVIDUAL,900000,VERIFIED,28.0,metro
ENT_07338,INDIVIDUAL,600000,VERIFIED,39.0,tier2
ENT_07339,INDIVIDUAL,9900000,VERIFIED,28.0,metro
ENT_07340,INDIVIDUAL,1000000,VERIFIED,23.0,tier2
ENT_07341,INDIVIDUAL,700000,VERIFIED,42.0,metro
ENT_07342,INDIVIDUAL,73900000,VERIFIED,39.0,rural
ENT_07343,INDIVIDUAL,9400000,VERIFIED,21.0,metro
ENT_07344,INDIVIDUAL,1200000,VERIFIED,51.0,rural
ENT_07345,INDIVIDUAL,1500000,VERIFIED,40.0,metro
ENT_07346,INDIVIDUAL,700000,VERIFIED,58.0,tier2
ENT_07347,INDIVIDUAL,500000,VERIFIED,28.0,metro
ENT_07348,INDIVIDUAL,400000,VERIFIED,42.0,tier2
ENT_07349,BUSINESS,78000000,VERIFIED,,rural
ENT_07350,INDIVIDUAL,44300000,VERIFIED,35.0,metro
ENT_07351,INDIVIDUAL,900000,VERIFIED,41.0,tier2
ENT_07352,INDIVIDUAL,8600000,VERIFIED,22.0,metro
ENT_07353,INDIVIDUAL,5000000,VERIFIED,53.0,metro
ENT_07354,INDIVIDUAL,0,VERIFIED,41.0,tier2
ENT_07355,INDIVIDUAL,10000000,VERIFIED,39.0,metro
ENT_07356,BUSINESS,2000000,VERIFIED,,rural
ENT_07357,BUSINESS,9300000,VERIFIED,,metro
ENT_07358,INDIVIDUAL,37600000,VERIFIED,50.0,metro
ENT_07359,INDIVIDUAL,0,VERIFIED,23.0,metro
ENT_07360,INDIVIDUAL,1400000,VERIFIED,43.0,rural
ENT_07361,INDIVIDUAL,4600000,VERIFIED,28.0,metro
ENT_07362,INDIVIDUAL,94800000,VERIFIED,28.0,rural
ENT_07363,INDIVIDUAL,300000,VERIFIED,27.0,metro
ENT_07364,BUSINESS,54600000,VERIFIED,,tier2
ENT_07365,INDIVIDUAL,50000000,VERIFIED,43.0,metro
ENT_07366,INDIVIDUAL,0,VERIFIED,52.0,metro
ENT_07367,INDIVIDUAL,2500000,VERIFIED,33.0,tier2
ENT_07368,INDIVIDUAL,8700000,VERIFIED,24.0,rural
ENT_07369,INDIVIDUAL,1300000,VERIFIED,54.0,metro
ENT_07370,BUSINESS,2400000,VERIFIED,,tier2
ENT_07371,INDIVIDUAL,0,VERIFIED,30.0,metro
ENT_07372,INDIVIDUAL,400000,VERIFIED,40.0,metro
ENT_07373,BUSINESS,4700000,VERIFIED,,metro
ENT_07374,INDIVIDUAL,1100000,VERIFIED,64.0,metro
ENT_07375,BUSINESS,50400000,VERIFIED,,metro
ENT_07376,INDIVIDUAL,9000000,VERIFIED,33.0,rural
ENT_07377,INDIVIDUAL,42000000,VERIFIED,33.0,rural
ENT_07378,TRUST,4000000,VERIFIED,,tier2
ENT_07379,INDIVIDUAL,0,VERIFIED,46.0,metro
ENT_07380,INDIVIDUAL,8900000,VERIFIED,64.0,metro
ENT_07381,TRUST,75500000,VERIFIED,,tier2
ENT_07382,BUSINESS,40900000,VERIFIED,,metro
ENT_07383,INDIVIDUAL,7300000,VERIFIED,49.0,rural
ENT_07384,INDIVIDUAL,800000,VERIFIED,29.0,tier2
ENT_07385,BUSINESS,3700000,VERIFIED,,tier2
ENT_07386,BUSINESS,1200000,VERIFIED,,tier2
ENT_07387,BUSINESS,24800000,VERIFIED,,metro
ENT_07388,INDIVIDUAL,45200000,VERIFIED,35.0,metro
ENT_07389,INDIVIDUAL,6500000,VERIFIED,65.0,rural
ENT_07390,TRUST,8500000,VERIFIED,,metro
ENT_07391,TRUST,8400000,VERIFIED,,tier2
ENT_07392,INDIVIDUAL,1300000,VERIFIED,24.0,rural
ENT_07393,INDIVIDUAL,69000000,VERIFIED,30.0,rural
ENT_07394,INDIVIDUAL,74100000,VERIFIED,28.0,tier2
ENT_07395,INDIVIDUAL,7600000,VERIFIED,19.0,metro
ENT_07396,TRUST,28400000,VERIFIED,,tier2
ENT_07397,INDIVIDUAL,56700000,VERIFIED,59.0,metro
ENT_07398,INDIVIDUAL,8400000,VERIFIED,33.0,metro
ENT_07399,INDIVIDUAL,1200000,VERIFIED,55.0,metro
ENT_07400,INDIVIDUAL,600000,VERIFIED,37.0,tier2
ENT_07401,INDIVIDUAL,1000000,VERIFIED,59.0,metro
ENT_07402,INDIVIDUAL,0,VERIFIED,53.0,tier2
ENT_07403,INDIVIDUAL,700000,VERIFIED,60.0,tier2
ENT_07404,INDIVIDUAL,30200000,VERIFIED,40.0,metro
ENT_07405,INDIVIDUAL,6300000,VERIFIED,26.0,tier2
ENT_07406,INDIVIDUAL,93100000,VERIFIED,38.0,rural
ENT_07407,INDIVIDUAL,4200000,VERIFIED,53.0,metro
ENT_07408,INDIVIDUAL,3000000,VERIFIED,41.0,tier2
ENT_07409,INDIVIDUAL,600000,VERIFIED,63.0,metro
ENT_07410,INDIVIDUAL,0,VERIFIED,36.0,metro
ENT_07411,INDIVIDUAL,5500000,VERIFIED,25.0,rural
ENT_07412,INDIVIDUAL,12600000,VERIFIED,56.0,metro
ENT_07413,INDIVIDUAL,600000,VERIFIED,45.0,metro
ENT_07414,INDIVIDUAL,1100000,VERIFIED,39.0,tier2
ENT_07415,INDIVIDUAL,1000000,VERIFIED,27.0,metro
ENT_07416,INDIVIDUAL,1400000,VERIFIED,49.0,rural
ENT_07417,INDIVIDUAL,300000,VERIFIED,63.0,metro
ENT_07418,TRUST,9100000,VERIFIED,,rural
ENT_07419,INDIVIDUAL,6600000,VERIFIED,22.0,rural
ENT_07420,BUSINESS,5500000,VERIFIED,,rural
ENT_07421,INDIVIDUAL,1300000,VERIFIED,65.0,metro
ENT_07422,INDIVIDUAL,1900000,VERIFIED,28.0,metro
ENT_07423,INDIVIDUAL,4100000,VERIFIED,49.0,rural
ENT_07424,INDIVIDUAL,0,VERIFIED,56.0,rural
ENT_07425,INDIVIDUAL,20700000,VERIFIED,19.0,rural
ENT_07426,INDIVIDUAL,600000,VERIFIED,21.0,rural
ENT_07427,INDIVIDUAL,1200000,VERIFIED,34.0,tier2
ENT_07428,INDIVIDUAL,1100000,VERIFIED,24.0,tier2
ENT_07429,INDIVIDUAL,4800000,VERIFIED,53.0,rural
ENT_07430,INDIVIDUAL,1500000,VERIFIED,26.0,metro
ENT_07431,INDIVIDUAL,0,VERIFIED,34.0,metro
ENT_07432,INDIVIDUAL,0,VERIFIED,51.0,metro
ENT_07433,INDIVIDUAL,1100000,VERIFIED,48.0,tier2
ENT_07434,INDIVIDUAL,3300000,VERIFIED,22.0,metro
ENT_07435,INDIVIDUAL,300000,VERIFIED,31.0,tier2
ENT_07436,TRUST,78000000,VERIFIED,,metro
ENT_07437,INDIVIDUAL,700000,VERIFIED,26.0,metro
ENT_07438,INDIVIDUAL,0,VERIFIED,20.0,rural
ENT_07439,INDIVIDUAL,400000,VERIFIED,18.0,tier2
ENT_07440,INDIVIDUAL,800000,VERIFIED,41.0,metro
ENT_07441,INDIVIDUAL,2700000,VERIFIED,21.0,tier2
ENT_07442,INDIVIDUAL,80100000,VERIFIED,61.0,metro
ENT_07443,INDIVIDUAL,53300000,VERIFIED,62.0,metro
ENT_07444,INDIVIDUAL,1500000,VERIFIED,22.0,tier2
ENT_07445,BUSINESS,83200000,VERIFIED,,tier2
ENT_07446,BUSINESS,58700000,VERIFIED,,tier2
ENT_07447,BUSINESS,7400000,VERIFIED,,metro
ENT_07448,INDIVIDUAL,600000,VERIFIED,56.0,tier2
ENT_07449,INDIVIDUAL,8800000,VERIFIED,47.0,tier2
ENT_07450,INDIVIDUAL,0,VERIFIED,50.0,metro
ENT_07451,INDIVIDUAL,1200000,VERIFIED,34.0,metro
ENT_07452,INDIVIDUAL,1100000,VERIFIED,23.0,tier2
ENT_07453,INDIVIDUAL,3800000,VERIFIED,35.0,metro
ENT_07454,INDIVIDUAL,7300000,VERIFIED,55.0,tier2
ENT_07455,INDIVIDUAL,1500000,VERIFIED,33.0,tier2
ENT_07456,INDIVIDUAL,1000000,VERIFIED,38.0,tier2
ENT_07457,INDIVIDUAL,20800000,VERIFIED,52.0,tier2
ENT_07458,INDIVIDUAL,500000,VERIFIED,20.0,metro
ENT_07459,INDIVIDUAL,600000,VERIFIED,33.0,tier2
ENT_07460,INDIVIDUAL,5000000,VERIFIED,34.0,metro
ENT_07461,INDIVIDUAL,6300000,VERIFIED,47.0,metro
ENT_07462,TRUST,5500000,VERIFIED,,metro
ENT_07463,INDIVIDUAL,300000,VERIFIED,61.0,rural
ENT_07464,INDIVIDUAL,5300000,VERIFIED,32.0,tier2
ENT_07465,INDIVIDUAL,96900000,VERIFIED,20.0,metro
ENT_07466,BUSINESS,56600000,VERIFIED,,metro
ENT_07467,TRUST,9200000,VERIFIED,,tier2
ENT_07468,INDIVIDUAL,91800000,VERIFIED,24.0,tier2
ENT_07469,INDIVIDUAL,0,VERIFIED,26.0,tier2
ENT_07470,INDIVIDUAL,1500000,VERIFIED,57.0,metro
ENT_07471,INDIVIDUAL,0,VERIFIED,25.0,tier2
ENT_07472,INDIVIDUAL,1000000,VERIFIED,41.0,tier2
ENT_07473,INDIVIDUAL,0,VERIFIED,35.0,metro
ENT_07474,BUSINESS,66500000,VERIFIED,,metro
ENT_07475,INDIVIDUAL,4200000,VERIFIED,35.0,metro
ENT_07476,INDIVIDUAL,4800000,VERIFIED,49.0,metro
ENT_07477,INDIVIDUAL,7000000,VERIFIED,23.0,metro
ENT_07478,INDIVIDUAL,1000000,VERIFIED,47.0,tier2
ENT_07479,INDIVIDUAL,1000000,VERIFIED,21.0,tier2
ENT_07480,INDIVIDUAL,1500000,VERIFIED,19.0,metro
ENT_07481,INDIVIDUAL,9400000,VERIFIED,45.0,tier2
ENT_07482,INDIVIDUAL,7100000,VERIFIED,60.0,rural
ENT_07483,INDIVIDUAL,1700000,VERIFIED,31.0,tier2
ENT_07484,INDIVIDUAL,3900000,VERIFIED,50.0,rural
ENT_07485,BUSINESS,4300000,VERIFIED,,metro
ENT_07486,INDIVIDUAL,300000,VERIFIED,36.0,rural
ENT_07487,INDIVIDUAL,79600000,VERIFIED,30.0,metro
ENT_07488,INDIVIDUAL,4600000,VERIFIED,33.0,metro
ENT_07489,INDIVIDUAL,800000,VERIFIED,62.0,metro
ENT_07490,INDIVIDUAL,2500000,VERIFIED,28.0,metro
ENT_07491,INDIVIDUAL,7000000,VERIFIED,21.0,metro
ENT_07492,INDIVIDUAL,57100000,VERIFIED,35.0,metro
ENT_07493,BUSINESS,92500000,VERIFIED,,tier2
ENT_07494,INDIVIDUAL,91300000,VERIFIED,62.0,metro
ENT_07495,INDIVIDUAL,1300000,VERIFIED,60.0,metro
ENT_07496,INDIVIDUAL,4300000,VERIFIED,24.0,tier2
ENT_07497,INDIVIDUAL,1300000,VERIFIED,58.0,metro
ENT_07498,INDIVIDUAL,600000,VERIFIED,65.0,metro
ENT_07499,INDIVIDUAL,0,VERIFIED,20.0,metro
ENT_07500,INDIVIDUAL,0,VERIFIED,61.0,metro
ENT_07501,INDIVIDUAL,6600000,VERIFIED,59.0,rural
ENT_07502,INDIVIDUAL,3500000,VERIFIED,53.0,metro
ENT_07503,INDIVIDUAL,2500000,VERIFIED,25.0,rural
ENT_07504,INDIVIDUAL,9500000,VERIFIED,57.0,tier2
ENT_07505,INDIVIDUAL,500000,VERIFIED,44.0,tier2
ENT_07506,INDIVIDUAL,800000,VERIFIED,38.0,metro
ENT_07507,INDIVIDUAL,42400000,VERIFIED,52.0,rural
ENT_07508,INDIVIDUAL,1300000,VERIFIED,57.0,metro
ENT_07509,INDIVIDUAL,1200000,VERIFIED,55.0,rural
ENT_07510,INDIVIDUAL,28700000,VERIFIED,30.0,metro
ENT_07511,INDIVIDUAL,600000,VERIFIED,40.0,tier2
ENT_07512,INDIVIDUAL,85400000,VERIFIED,58.0,metro
ENT_07513,INDIVIDUAL,1300000,VERIFIED,39.0,metro
ENT_07514,BUSINESS,83300000,VERIFIED,,tier2
ENT_07515,INDIVIDUAL,9000000,VERIFIED,46.0,rural
ENT_07516,INDIVIDUAL,4700000,VERIFIED,26.0,metro
ENT_07517,INDIVIDUAL,7300000,VERIFIED,49.0,metro
ENT_07518,INDIVIDUAL,67900000,VERIFIED,42.0,metro
ENT_07519,INDIVIDUAL,0,VERIFIED,45.0,metro
ENT_07520,INDIVIDUAL,900000,VERIFIED,54.0,tier2
ENT_07521,INDIVIDUAL,700000,VERIFIED,52.0,metro
ENT_07522,TRUST,92500000,VERIFIED,,metro
ENT_07523,INDIVIDUAL,600000,VERIFIED,53.0,metro
ENT_07524,INDIVIDUAL,1500000,VERIFIED,42.0,metro
ENT_07525,INDIVIDUAL,700000,VERIFIED,19.0,metro
ENT_07526,BUSINESS,84800000,VERIFIED,,metro
ENT_07527,INDIVIDUAL,0,VERIFIED,45.0,metro
ENT_07528,BUSINESS,2800000,VERIFIED,,rural
ENT_07529,INDIVIDUAL,1000000,VERIFIED,54.0,metro
ENT_07530,TRUST,10000000,VERIFIED,,metro
ENT_07531,INDIVIDUAL,1700000,VERIFIED,31.0,metro
ENT_07532,INDIVIDUAL,9700000,VERIFIED,62.0,tier2
ENT_07533,INDIVIDUAL,8600000,VERIFIED,50.0,rural
ENT_07534,INDIVIDUAL,500000,VERIFIED,47.0,tier2
ENT_07535,INDIVIDUAL,4100000,VERIFIED,45.0,metro
ENT_07536,BUSINESS,68300000,VERIFIED,,metro
ENT_07537,INDIVIDUAL,41300000,VERIFIED,56.0,tier2
ENT_07538,BUSINESS,96200000,VERIFIED,,metro
ENT_07539,INDIVIDUAL,1000000,VERIFIED,64.0,metro
ENT_07540,INDIVIDUAL,4600000,VERIFIED,61.0,tier2
ENT_07541,INDIVIDUAL,1400000,VERIFIED,24.0,tier2
ENT_07542,INDIVIDUAL,1300000,VERIFIED,35.0,rural
ENT_07543,INDIVIDUAL,3600000,VERIFIED,43.0,rural
ENT_07544,BUSINESS,6900000,VERIFIED,,metro
ENT_07545,BUSINESS,14100000,VERIFIED,,metro
ENT_07546,BUSINESS,20100000,VERIFIED,,metro
ENT_07547,INDIVIDUAL,400000,VERIFIED,25.0,rural
ENT_07548,INDIVIDUAL,82400000,VERIFIED,26.0,tier2
ENT_07549,INDIVIDUAL,0,VERIFIED,59.0,metro
ENT_07550,INDIVIDUAL,3100000,VERIFIED,51.0,rural
ENT_07551,BUSINESS,60200000,VERIFIED,,metro
ENT_07552,INDIVIDUAL,600000,VERIFIED,38.0,tier2
ENT_07553,INDIVIDUAL,9100000,VERIFIED,47.0,metro
ENT_07554,INDIVIDUAL,7600000,VERIFIED,31.0,tier2
ENT_07555,INDIVIDUAL,2000000,VERIFIED,40.0,metro
ENT_07556,INDIVIDUAL,1000000,VERIFIED,46.0,tier2
ENT_07557,INDIVIDUAL,1300000,VERIFIED,58.0,metro
ENT_07558,TRUST,90900000,VERIFIED,,rural
ENT_07559,INDIVIDUAL,1800000,VERIFIED,41.0,rural
ENT_07560,INDIVIDUAL,300000,VERIFIED,40.0,metro
ENT_07561,INDIVIDUAL,1800000,VERIFIED,53.0,metro
ENT_07562,INDIVIDUAL,5600000,VERIFIED,21.0,metro
ENT_07563,INDIVIDUAL,1000000,VERIFIED,32.0,metro
ENT_07564,INDIVIDUAL,600000,VERIFIED,35.0,rural
ENT_07565,INDIVIDUAL,1600000,VERIFIED,28.0,tier2
ENT_07566,INDIVIDUAL,48200000,VERIFIED,56.0,tier2
ENT_07567,BUSINESS,6200000,VERIFIED,,tier2
ENT_07568,INDIVIDUAL,7000000,VERIFIED,27.0,metro
ENT_07569,INDIVIDUAL,2000000,VERIFIED,28.0,rural
ENT_07570,INDIVIDUAL,4500000,VERIFIED,40.0,metro
ENT_07571,INDIVIDUAL,5100000,VERIFIED,54.0,metro
ENT_07572,INDIVIDUAL,400000,VERIFIED,38.0,rural
ENT_07573,BUSINESS,45900000,VERIFIED,,metro
ENT_07574,INDIVIDUAL,1300000,VERIFIED,30.0,metro
ENT_07575,INDIVIDUAL,63800000,VERIFIED,52.0,metro
ENT_07576,INDIVIDUAL,0,VERIFIED,56.0,metro
ENT_07577,INDIVIDUAL,500000,VERIFIED,64.0,metro
ENT_07578,BUSINESS,6600000,VERIFIED,,tier2
ENT_07579,INDIVIDUAL,800000,VERIFIED,51.0,tier2
ENT_07580,INDIVIDUAL,1100000,VERIFIED,39.0,rural
ENT_07581,INDIVIDUAL,1500000,VERIFIED,24.0,metro
ENT_07582,INDIVIDUAL,6600000,VERIFIED,29.0,rural
ENT_07583,INDIVIDUAL,9600000,VERIFIED,43.0,metro
ENT_07584,INDIVIDUAL,800000,VERIFIED,24.0,tier2
ENT_07585,INDIVIDUAL,2700000,VERIFIED,20.0,metro
ENT_07586,TRUST,88300000,VERIFIED,,tier2
ENT_07587,BUSINESS,51000000,VERIFIED,,metro
ENT_07588,INDIVIDUAL,1300000,VERIFIED,30.0,rural
ENT_07589,INDIVIDUAL,1200000,VERIFIED,36.0,metro
ENT_07590,INDIVIDUAL,83200000,VERIFIED,42.0,metro
ENT_07591,TRUST,67700000,VERIFIED,,tier2
ENT_07592,BUSINESS,64500000,VERIFIED,,metro
ENT_07593,INDIVIDUAL,0,VERIFIED,23.0,metro
ENT_07594,INDIVIDUAL,56800000,VERIFIED,59.0,metro
ENT_07595,INDIVIDUAL,61600000,VERIFIED,46.0,tier2
ENT_07596,INDIVIDUAL,1200000,VERIFIED,38.0,metro
ENT_07597,INDIVIDUAL,0,VERIFIED,28.0,metro
ENT_07598,INDIVIDUAL,6500000,VERIFIED,65.0,metro
ENT_07599,INDIVIDUAL,2800000,VERIFIED,34.0,rural
ENT_07600,TRUST,4400000,VERIFIED,,metro
ENT_07601,INDIVIDUAL,1200000,VERIFIED,30.0,metro
ENT_07602,INDIVIDUAL,6700000,VERIFIED,41.0,metro
ENT_07603,INDIVIDUAL,81300000,VERIFIED,55.0,metro
ENT_07604,INDIVIDUAL,89600000,VERIFIED,32.0,tier2
ENT_07605,BUSINESS,5300000,VERIFIED,,tier2
ENT_07606,INDIVIDUAL,1000000,VERIFIED,29.0,rural
ENT_07607,INDIVIDUAL,300000,VERIFIED,53.0,tier2
ENT_07608,INDIVIDUAL,8300000,VERIFIED,40.0,tier2
ENT_07609,INDIVIDUAL,1400000,VERIFIED,37.0,metro
ENT_07610,INDIVIDUAL,300000,VERIFIED,55.0,tier2
ENT_07611,INDIVIDUAL,0,VERIFIED,39.0,rural
ENT_07612,BUSINESS,9900000,VERIFIED,,rural
ENT_07613,INDIVIDUAL,37500000,VERIFIED,22.0,rural
ENT_07614,TRUST,44600000,VERIFIED,,tier2
ENT_07615,INDIVIDUAL,6500000,VERIFIED,64.0,rural
ENT_07616,INDIVIDUAL,8700000,VERIFIED,46.0,rural
ENT_07617,BUSINESS,7300000,VERIFIED,,rural
ENT_07618,INDIVIDUAL,0,VERIFIED,35.0,rural
ENT_07619,INDIVIDUAL,600000,VERIFIED,33.0,rural
ENT_07620,INDIVIDUAL,0,VERIFIED,35.0,tier2
ENT_07621,INDIVIDUAL,7200000,VERIFIED,37.0,rural
ENT_07622,INDIVIDUAL,1000000,VERIFIED,23.0,tier2
ENT_07623,INDIVIDUAL,5800000,VERIFIED,33.0,tier2
ENT_07624,INDIVIDUAL,400000,VERIFIED,40.0,rural
ENT_07625,INDIVIDUAL,1000000,VERIFIED,65.0,metro
ENT_07626,TRUST,53900000,VERIFIED,,metro
ENT_07627,INDIVIDUAL,7300000,VERIFIED,37.0,metro
ENT_07628,INDIVIDUAL,3900000,VERIFIED,58.0,metro
ENT_07629,INDIVIDUAL,7400000,VERIFIED,50.0,metro
ENT_07630,INDIVIDUAL,9700000,VERIFIED,54.0,metro
ENT_07631,INDIVIDUAL,1400000,VERIFIED,32.0,tier2
ENT_07632,INDIVIDUAL,3000000,VERIFIED,25.0,metro
ENT_07633,INDIVIDUAL,0,VERIFIED,62.0,rural
ENT_07634,INDIVIDUAL,77700000,VERIFIED,62.0,metro
ENT_07635,INDIVIDUAL,36400000,VERIFIED,40.0,metro
ENT_07636,BUSINESS,94900000,VERIFIED,,rural
ENT_07637,INDIVIDUAL,6900000,VERIFIED,59.0,tier2
ENT_07638,INDIVIDUAL,900000,VERIFIED,53.0,tier2
ENT_07639,INDIVIDUAL,0,VERIFIED,24.0,metro
ENT_07640,BUSINESS,76800000,VERIFIED,,metro
ENT_07641,BUSINESS,86900000,VERIFIED,,rural
ENT_07642,BUSINESS,49400000,VERIFIED,,metro
ENT_07643,INDIVIDUAL,14700000,VERIFIED,53.0,metro
ENT_07644,INDIVIDUAL,5300000,VERIFIED,59.0,metro
ENT_07645,INDIVIDUAL,800000,VERIFIED,29.0,metro
ENT_07646,INDIVIDUAL,1200000,VERIFIED,52.0,tier2
ENT_07647,INDIVIDUAL,7400000,VERIFIED,49.0,rural
ENT_07648,INDIVIDUAL,700000,VERIFIED,27.0,metro
ENT_07649,INDIVIDUAL,8000000,VERIFIED,41.0,tier2
ENT_07650,INDIVIDUAL,8600000,VERIFIED,52.0,metro
ENT_07651,INDIVIDUAL,6500000,VERIFIED,61.0,metro
ENT_07652,INDIVIDUAL,2700000,VERIFIED,37.0,metro
ENT_07653,TRUST,4100000,VERIFIED,,metro
ENT_07654,BUSINESS,3400000,VERIFIED,,metro
ENT_07655,INDIVIDUAL,94000000,VERIFIED,33.0,metro
ENT_07656,INDIVIDUAL,0,VERIFIED,25.0,rural
ENT_07657,INDIVIDUAL,6100000,VERIFIED,40.0,metro
ENT_07658,INDIVIDUAL,1000000,VERIFIED,38.0,metro
ENT_07659,INDIVIDUAL,1200000,VERIFIED,43.0,metro
ENT_07660,INDIVIDUAL,1200000,VERIFIED,47.0,rural
ENT_07661,INDIVIDUAL,7600000,VERIFIED,31.0,metro
ENT_07662,BUSINESS,9300000,VERIFIED,,tier2
ENT_07663,INDIVIDUAL,0,VERIFIED,33.0,metro
ENT_07664,TRUST,99700000,VERIFIED,,metro
ENT_07665,TRUST,82700000,VERIFIED,,rural
ENT_07666,INDIVIDUAL,1800000,VERIFIED,47.0,tier2
ENT_07667,BUSINESS,14700000,VERIFIED,,tier2
ENT_07668,INDIVIDUAL,2400000,VERIFIED,65.0,metro
ENT_07669,INDIVIDUAL,1200000,VERIFIED,37.0,tier2
ENT_07670,INDIVIDUAL,70600000,VERIFIED,30.0,metro
ENT_07671,BUSINESS,24000000,VERIFIED,,metro
ENT_07672,BUSINESS,70400000,VERIFIED,,metro
ENT_07673,INDIVIDUAL,8700000,VERIFIED,21.0,metro
ENT_07674,BUSINESS,93200000,VERIFIED,,metro
ENT_07675,INDIVIDUAL,8900000,VERIFIED,38.0,rural
ENT_07676,INDIVIDUAL,1100000,VERIFIED,30.0,tier2
ENT_07677,INDIVIDUAL,500000,VERIFIED,25.0,tier2
ENT_07678,BUSINESS,9100000,VERIFIED,,metro
ENT_07679,INDIVIDUAL,3100000,VERIFIED,37.0,rural
ENT_07680,INDIVIDUAL,500000,VERIFIED,27.0,metro
ENT_07681,INDIVIDUAL,600000,VERIFIED,58.0,tier2
ENT_07682,INDIVIDUAL,46100000,VERIFIED,20.0,tier2
ENT_07683,INDIVIDUAL,5900000,VERIFIED,26.0,metro
ENT_07684,INDIVIDUAL,0,VERIFIED,35.0,metro
ENT_07685,INDIVIDUAL,800000,VERIFIED,56.0,tier2
ENT_07686,BUSINESS,26300000,VERIFIED,,metro
ENT_07687,BUSINESS,5400000,VERIFIED,,metro
ENT_07688,INDIVIDUAL,0,VERIFIED,65.0,tier2
ENT_07689,INDIVIDUAL,500000,VERIFIED,50.0,metro
ENT_07690,INDIVIDUAL,67800000,VERIFIED,56.0,tier2
ENT_07691,INDIVIDUAL,300000,VERIFIED,37.0,rural
ENT_07692,INDIVIDUAL,0,VERIFIED,57.0,metro
ENT_07693,INDIVIDUAL,3200000,VERIFIED,33.0,tier2
ENT_07694,INDIVIDUAL,500000,VERIFIED,49.0,metro
ENT_07695,INDIVIDUAL,800000,VERIFIED,39.0,metro
ENT_07696,INDIVIDUAL,1000000,VERIFIED,40.0,metro
ENT_07697,INDIVIDUAL,1100000,VERIFIED,24.0,metro
ENT_07698,BUSINESS,51600000,VERIFIED,,metro
ENT_07699,INDIVIDUAL,8400000,VERIFIED,31.0,tier2
ENT_07700,INDIVIDUAL,8700000,VERIFIED,35.0,metro
ENT_07701,INDIVIDUAL,1800000,VERIFIED,40.0,metro
ENT_07702,INDIVIDUAL,700000,VERIFIED,32.0,tier2
ENT_07703,INDIVIDUAL,1000000,VERIFIED,57.0,rural
ENT_07704,INDIVIDUAL,5200000,VERIFIED,50.0,metro
ENT_07705,INDIVIDUAL,600000,VERIFIED,31.0,tier2
ENT_07706,BUSINESS,8700000,VERIFIED,,rural
ENT_07707,BUSINESS,9800000,VERIFIED,,tier2
ENT_07708,INDIVIDUAL,1200000,VERIFIED,33.0,tier2
ENT_07709,INDIVIDUAL,1300000,VERIFIED,23.0,rural
ENT_07710,BUSINESS,6300000,VERIFIED,,rural
ENT_07711,INDIVIDUAL,1400000,VERIFIED,43.0,rural
ENT_07712,INDIVIDUAL,400000,VERIFIED,20.0,metro
ENT_07713,INDIVIDUAL,900000,VERIFIED,34.0,rural
ENT_07714,INDIVIDUAL,600000,VERIFIED,28.0,tier2
ENT_07715,INDIVIDUAL,8500000,VERIFIED,23.0,metro
ENT_07716,INDIVIDUAL,10000000,VERIFIED,18.0,tier2
ENT_07717,INDIVIDUAL,1000000,VERIFIED,43.0,tier2
ENT_07718,INDIVIDUAL,1100000,VERIFIED,21.0,rural
ENT_07719,INDIVIDUAL,6700000,VERIFIED,52.0,metro
ENT_07720,INDIVIDUAL,0,VERIFIED,31.0,metro
ENT_07721,INDIVIDUAL,300000,VERIFIED,20.0,tier2
ENT_07722,BUSINESS,9100000,VERIFIED,,rural
ENT_07723,INDIVIDUAL,6400000,VERIFIED,59.0,rural
ENT_07724,BUSINESS,51200000,VERIFIED,,metro
ENT_07725,INDIVIDUAL,1100000,VERIFIED,60.0,metro
ENT_07726,INDIVIDUAL,0,VERIFIED,36.0,metro
ENT_07727,INDIVIDUAL,500000,VERIFIED,63.0,metro
ENT_07728,INDIVIDUAL,9500000,VERIFIED,44.0,rural
ENT_07729,INDIVIDUAL,88900000,VERIFIED,22.0,metro
ENT_07730,INDIVIDUAL,5200000,VERIFIED,25.0,metro
ENT_07731,INDIVIDUAL,1500000,VERIFIED,22.0,rural
ENT_07732,INDIVIDUAL,1400000,VERIFIED,49.0,metro
ENT_07733,INDIVIDUAL,1200000,VERIFIED,41.0,rural
ENT_07734,INDIVIDUAL,1100000,VERIFIED,20.0,tier2
ENT_07735,INDIVIDUAL,3900000,VERIFIED,63.0,metro
ENT_07736,INDIVIDUAL,1200000,VERIFIED,43.0,tier2
ENT_07737,INDIVIDUAL,2100000,VERIFIED,18.0,tier2
ENT_07738,INDIVIDUAL,5100000,VERIFIED,23.0,tier2
ENT_07739,INDIVIDUAL,1200000,VERIFIED,58.0,metro
ENT_07740,INDIVIDUAL,500000,VERIFIED,32.0,metro
ENT_07741,INDIVIDUAL,700000,VERIFIED,27.0,rural
ENT_07742,INDIVIDUAL,0,VERIFIED,57.0,rural
ENT_07743,INDIVIDUAL,0,VERIFIED,49.0,metro
ENT_07744,INDIVIDUAL,300000,VERIFIED,57.0,tier2
ENT_07745,INDIVIDUAL,4900000,VERIFIED,60.0,metro
ENT_07746,INDIVIDUAL,5700000,VERIFIED,20.0,metro
ENT_07747,TRUST,68100000,VERIFIED,,metro
ENT_07748,INDIVIDUAL,1000000,VERIFIED,45.0,tier2
ENT_07749,INDIVIDUAL,3500000,VERIFIED,56.0,metro
ENT_07750,INDIVIDUAL,3700000,VERIFIED,60.0,rural
ENT_07751,INDIVIDUAL,1000000,VERIFIED,61.0,tier2
ENT_07752,INDIVIDUAL,61700000,VERIFIED,27.0,metro
ENT_07753,INDIVIDUAL,48600000,VERIFIED,56.0,metro
ENT_07754,INDIVIDUAL,1300000,VERIFIED,18.0,tier2
ENT_07755,INDIVIDUAL,1100000,VERIFIED,44.0,tier2
ENT_07756,BUSINESS,7700000,VERIFIED,,metro
ENT_07757,INDIVIDUAL,1300000,VERIFIED,45.0,metro
ENT_07758,INDIVIDUAL,900000,VERIFIED,54.0,tier2
ENT_07759,INDIVIDUAL,2800000,VERIFIED,38.0,metro
ENT_07760,BUSINESS,83500000,VERIFIED,,rural
ENT_07761,INDIVIDUAL,8700000,VERIFIED,63.0,metro
ENT_07762,TRUST,57800000,VERIFIED,,metro
ENT_07763,INDIVIDUAL,4200000,VERIFIED,58.0,metro
ENT_07764,BUSINESS,20700000,VERIFIED,,metro
ENT_07765,INDIVIDUAL,71300000,VERIFIED,64.0,tier2
ENT_07766,INDIVIDUAL,0,VERIFIED,42.0,rural
ENT_07767,INDIVIDUAL,8000000,VERIFIED,42.0,tier2
ENT_07768,INDIVIDUAL,7000000,VERIFIED,57.0,rural
ENT_07769,INDIVIDUAL,700000,VERIFIED,19.0,tier2
ENT_07770,INDIVIDUAL,9300000,VERIFIED,61.0,rural
ENT_07771,INDIVIDUAL,6400000,VERIFIED,57.0,tier2
ENT_07772,INDIVIDUAL,0,VERIFIED,60.0,metro
ENT_07773,INDIVIDUAL,7900000,VERIFIED,32.0,tier2
ENT_07774,INDIVIDUAL,600000,VERIFIED,52.0,metro
ENT_07775,INDIVIDUAL,4400000,VERIFIED,48.0,metro
ENT_07776,INDIVIDUAL,1500000,VERIFIED,31.0,metro
ENT_07777,INDIVIDUAL,35300000,VERIFIED,58.0,rural
ENT_07778,INDIVIDUAL,0,VERIFIED,61.0,rural
ENT_07779,INDIVIDUAL,1900000,VERIFIED,42.0,metro
ENT_07780,INDIVIDUAL,300000,VERIFIED,18.0,tier2
ENT_07781,INDIVIDUAL,0,VERIFIED,27.0,metro
ENT_07782,BUSINESS,75200000,VERIFIED,,tier2
ENT_07783,INDIVIDUAL,0,VERIFIED,18.0,tier2
ENT_07784,INDIVIDUAL,300000,VERIFIED,29.0,metro
ENT_07785,INDIVIDUAL,59500000,VERIFIED,29.0,metro
ENT_07786,INDIVIDUAL,8700000,VERIFIED,19.0,rural
ENT_07787,BUSINESS,59700000,VERIFIED,,tier2
ENT_07788,INDIVIDUAL,9800000,VERIFIED,18.0,metro
ENT_07789,INDIVIDUAL,1200000,VERIFIED,58.0,rural
ENT_07790,INDIVIDUAL,48500000,VERIFIED,39.0,rural
ENT_07791,BUSINESS,4700000,VERIFIED,,rural
ENT_07792,INDIVIDUAL,600000,VERIFIED,50.0,rural
ENT_07793,INDIVIDUAL,400000,VERIFIED,38.0,metro
ENT_07794,INDIVIDUAL,400000,VERIFIED,25.0,metro
ENT_07795,INDIVIDUAL,9800000,VERIFIED,53.0,metro
ENT_07796,INDIVIDUAL,500000,VERIFIED,20.0,rural
ENT_07797,INDIVIDUAL,9400000,VERIFIED,64.0,tier2
ENT_07798,INDIVIDUAL,3500000,VERIFIED,36.0,tier2
ENT_07799,INDIVIDUAL,600000,VERIFIED,28.0,metro
ENT_07800,INDIVIDUAL,0,VERIFIED,41.0,rural
ENT_07801,BUSINESS,81400000,VERIFIED,,metro
ENT_07802,INDIVIDUAL,5400000,VERIFIED,29.0,tier2
ENT_07803,INDIVIDUAL,1300000,VERIFIED,20.0,rural
ENT_07804,INDIVIDUAL,900000,VERIFIED,47.0,tier2
ENT_07805,INDIVIDUAL,1400000,VERIFIED,31.0,metro
ENT_07806,INDIVIDUAL,2200000,VERIFIED,65.0,tier2
ENT_07807,INDIVIDUAL,2400000,VERIFIED,45.0,rural
ENT_07808,INDIVIDUAL,7800000,VERIFIED,44.0,tier2
ENT_07809,TRUST,19800000,VERIFIED,,metro
ENT_07810,INDIVIDUAL,3100000,VERIFIED,45.0,metro
ENT_07811,INDIVIDUAL,300000,VERIFIED,57.0,tier2
ENT_07812,INDIVIDUAL,5300000,VERIFIED,31.0,tier2
ENT_07813,INDIVIDUAL,11200000,VERIFIED,41.0,tier2
ENT_07814,INDIVIDUAL,1900000,VERIFIED,21.0,tier2
ENT_07815,INDIVIDUAL,800000,VERIFIED,18.0,tier2
ENT_07816,INDIVIDUAL,700000,VERIFIED,44.0,rural
ENT_07817,INDIVIDUAL,1000000,VERIFIED,50.0,metro
ENT_07818,INDIVIDUAL,1400000,VERIFIED,18.0,tier2
ENT_07819,INDIVIDUAL,76600000,VERIFIED,46.0,metro
ENT_07820,INDIVIDUAL,5300000,VERIFIED,50.0,metro
ENT_07821,INDIVIDUAL,2000000,VERIFIED,49.0,rural
ENT_07822,INDIVIDUAL,1200000,VERIFIED,46.0,metro
ENT_07823,INDIVIDUAL,8200000,VERIFIED,19.0,metro
ENT_07824,INDIVIDUAL,23300000,VERIFIED,18.0,metro
ENT_07825,INDIVIDUAL,600000,VERIFIED,34.0,metro
ENT_07826,BUSINESS,1900000,VERIFIED,,rural
ENT_07827,INDIVIDUAL,500000,VERIFIED,37.0,metro
ENT_07828,INDIVIDUAL,0,VERIFIED,48.0,tier2
ENT_07829,BUSINESS,92100000,VERIFIED,,metro
ENT_07830,INDIVIDUAL,0,VERIFIED,43.0,metro
ENT_07831,INDIVIDUAL,6600000,VERIFIED,54.0,metro
ENT_07832,INDIVIDUAL,600000,VERIFIED,58.0,tier2
ENT_07833,INDIVIDUAL,91200000,VERIFIED,34.0,rural
ENT_07834,INDIVIDUAL,1300000,VERIFIED,37.0,tier2
ENT_07835,INDIVIDUAL,0,VERIFIED,33.0,tier2
ENT_07836,INDIVIDUAL,300000,VERIFIED,25.0,metro
ENT_07837,INDIVIDUAL,5200000,VERIFIED,62.0,metro
ENT_07838,INDIVIDUAL,1000000,VERIFIED,44.0,rural
ENT_07839,INDIVIDUAL,700000,VERIFIED,54.0,metro
ENT_07840,INDIVIDUAL,1200000,VERIFIED,27.0,tier2
ENT_07841,INDIVIDUAL,400000,VERIFIED,48.0,rural
ENT_07842,INDIVIDUAL,2600000,VERIFIED,27.0,tier2
ENT_07843,INDIVIDUAL,800000,VERIFIED,32.0,metro
ENT_07844,INDIVIDUAL,1000000,VERIFIED,60.0,metro
ENT_07845,BUSINESS,8900000,VERIFIED,,rural
ENT_07846,INDIVIDUAL,3300000,VERIFIED,52.0,metro
ENT_07847,INDIVIDUAL,600000,VERIFIED,41.0,tier2
ENT_07848,INDIVIDUAL,27500000,VERIFIED,57.0,tier2
ENT_07849,BUSINESS,81700000,VERIFIED,,metro
ENT_07850,INDIVIDUAL,0,VERIFIED,62.0,rural
ENT_07851,INDIVIDUAL,4100000,VERIFIED,54.0,tier2
ENT_07852,INDIVIDUAL,1200000,VERIFIED,51.0,metro
ENT_07853,INDIVIDUAL,4400000,VERIFIED,26.0,tier2
ENT_07854,INDIVIDUAL,5000000,VERIFIED,64.0,tier2
ENT_07855,INDIVIDUAL,1400000,VERIFIED,33.0,tier2
ENT_07856,INDIVIDUAL,9400000,VERIFIED,47.0,metro
ENT_07857,INDIVIDUAL,600000,VERIFIED,39.0,rural
ENT_07858,BUSINESS,10300000,VERIFIED,,rural
ENT_07859,INDIVIDUAL,0,VERIFIED,24.0,metro
ENT_07860,INDIVIDUAL,300000,VERIFIED,25.0,metro
ENT_07861,BUSINESS,80600000,VERIFIED,,metro
ENT_07862,BUSINESS,6300000,VERIFIED,,metro
ENT_07863,INDIVIDUAL,8100000,VERIFIED,44.0,metro
ENT_07864,INDIVIDUAL,300000,VERIFIED,36.0,metro
ENT_07865,INDIVIDUAL,2500000,VERIFIED,65.0,rural
ENT_07866,INDIVIDUAL,700000,VERIFIED,36.0,rural
ENT_07867,INDIVIDUAL,800000,VERIFIED,34.0,rural
ENT_07868,INDIVIDUAL,44000000,VERIFIED,48.0,tier2
ENT_07869,INDIVIDUAL,9000000,VERIFIED,53.0,tier2
ENT_07870,INDIVIDUAL,4800000,VERIFIED,42.0,metro
ENT_07871,INDIVIDUAL,500000,VERIFIED,57.0,metro
ENT_07872,TRUST,75700000,VERIFIED,,tier2
ENT_07873,BUSINESS,28200000,VERIFIED,,tier2
ENT_07874,BUSINESS,4200000,VERIFIED,,metro
ENT_07875,INDIVIDUAL,1200000,VERIFIED,57.0,tier2
ENT_07876,INDIVIDUAL,8200000,VERIFIED,25.0,metro
ENT_07877,BUSINESS,92800000,VERIFIED,,metro
ENT_07878,INDIVIDUAL,17700000,VERIFIED,51.0,metro
ENT_07879,INDIVIDUAL,3200000,VERIFIED,61.0,rural
ENT_07880,INDIVIDUAL,93200000,VERIFIED,53.0,metro
ENT_07881,INDIVIDUAL,400000,VERIFIED,19.0,tier2
ENT_07882,INDIVIDUAL,700000,VERIFIED,33.0,tier2
ENT_07883,INDIVIDUAL,5900000,VERIFIED,28.0,metro
ENT_07884,INDIVIDUAL,75000000,VERIFIED,22.0,rural
ENT_07885,INDIVIDUAL,0,VERIFIED,44.0,tier2
ENT_07886,INDIVIDUAL,300000,VERIFIED,42.0,rural
ENT_07887,INDIVIDUAL,1400000,VERIFIED,46.0,rural
ENT_07888,INDIVIDUAL,2800000,VERIFIED,22.0,tier2
ENT_07889,INDIVIDUAL,74300000,VERIFIED,20.0,metro
ENT_07890,INDIVIDUAL,0,VERIFIED,35.0,metro
ENT_07891,INDIVIDUAL,0,VERIFIED,24.0,rural
ENT_07892,INDIVIDUAL,600000,VERIFIED,23.0,metro
ENT_07893,INDIVIDUAL,300000,VERIFIED,29.0,rural
ENT_07894,INDIVIDUAL,8900000,VERIFIED,52.0,metro
ENT_07895,TRUST,9100000,VERIFIED,,metro
ENT_07896,BUSINESS,18100000,VERIFIED,,metro
ENT_07897,INDIVIDUAL,2800000,VERIFIED,41.0,metro
ENT_07898,INDIVIDUAL,900000,VERIFIED,57.0,tier2
ENT_07899,INDIVIDUAL,61700000,VERIFIED,34.0,metro
ENT_07900,BUSINESS,18600000,VERIFIED,,metro
ENT_07901,INDIVIDUAL,300000,VERIFIED,59.0,metro
ENT_07902,BUSINESS,16900000,VERIFIED,,tier2
ENT_07903,INDIVIDUAL,1100000,VERIFIED,63.0,rural
ENT_07904,INDIVIDUAL,8600000,VERIFIED,35.0,metro
ENT_07905,INDIVIDUAL,900000,VERIFIED,31.0,rural
ENT_07906,BUSINESS,8500000,VERIFIED,,metro
ENT_07907,INDIVIDUAL,1200000,VERIFIED,48.0,tier2
ENT_07908,INDIVIDUAL,3600000,VERIFIED,42.0,metro
ENT_07909,INDIVIDUAL,1300000,VERIFIED,24.0,metro
ENT_07910,INDIVIDUAL,9600000,VERIFIED,52.0,metro
ENT_07911,INDIVIDUAL,600000,VERIFIED,54.0,metro
ENT_07912,INDIVIDUAL,54400000,VERIFIED,65.0,metro
ENT_07913,INDIVIDUAL,1100000,VERIFIED,58.0,metro
ENT_07914,INDIVIDUAL,1400000,VERIFIED,18.0,rural
ENT_07915,INDIVIDUAL,1300000,VERIFIED,47.0,rural
ENT_07916,INDIVIDUAL,43400000,VERIFIED,23.0,tier2
ENT_07917,INDIVIDUAL,0,VERIFIED,36.0,metro
ENT_07918,INDIVIDUAL,700000,VERIFIED,59.0,metro
ENT_07919,INDIVIDUAL,0,VERIFIED,26.0,rural
ENT_07920,INDIVIDUAL,1100000,VERIFIED,40.0,rural
ENT_07921,INDIVIDUAL,900000,VERIFIED,41.0,metro
ENT_07922,INDIVIDUAL,600000,VERIFIED,48.0,tier2
ENT_07923,INDIVIDUAL,43800000,VERIFIED,20.0,rural
ENT_07924,INDIVIDUAL,1300000,VERIFIED,41.0,tier2
ENT_07925,INDIVIDUAL,7200000,VERIFIED,34.0,tier2
ENT_07926,INDIVIDUAL,2900000,VERIFIED,39.0,metro
ENT_07927,INDIVIDUAL,1400000,VERIFIED,53.0,rural
ENT_07928,INDIVIDUAL,9100000,VERIFIED,21.0,metro
ENT_07929,INDIVIDUAL,500000,VERIFIED,28.0,rural
ENT_07930,INDIVIDUAL,3200000,VERIFIED,57.0,metro
ENT_07931,INDIVIDUAL,6400000,VERIFIED,38.0,rural
ENT_07932,INDIVIDUAL,7300000,VERIFIED,34.0,tier2
ENT_07933,INDIVIDUAL,73100000,VERIFIED,21.0,metro
ENT_07934,BUSINESS,37500000,VERIFIED,,metro
ENT_07935,INDIVIDUAL,2100000,VERIFIED,39.0,tier2
ENT_07936,INDIVIDUAL,500000,VERIFIED,44.0,tier2
ENT_07937,INDIVIDUAL,3800000,VERIFIED,62.0,tier2
ENT_07938,INDIVIDUAL,79100000,VERIFIED,56.0,rural
ENT_07939,INDIVIDUAL,500000,VERIFIED,57.0,metro
ENT_07940,INDIVIDUAL,900000,VERIFIED,65.0,metro
ENT_07941,INDIVIDUAL,2800000,VERIFIED,19.0,metro
ENT_07942,INDIVIDUAL,900000,VERIFIED,22.0,metro
ENT_07943,INDIVIDUAL,3400000,VERIFIED,46.0,metro
ENT_07944,INDIVIDUAL,800000,VERIFIED,56.0,rural
ENT_07945,INDIVIDUAL,1100000,VERIFIED,20.0,metro
ENT_07946,INDIVIDUAL,7100000,VERIFIED,23.0,rural
ENT_07947,BUSINESS,3500000,VERIFIED,,rural
ENT_07948,INDIVIDUAL,1700000,VERIFIED,50.0,rural
ENT_07949,INDIVIDUAL,0,VERIFIED,59.0,metro
ENT_07950,INDIVIDUAL,6500000,VERIFIED,21.0,tier2
ENT_07951,INDIVIDUAL,3500000,VERIFIED,23.0,metro
ENT_07952,BUSINESS,9700000,VERIFIED,,rural
ENT_07953,INDIVIDUAL,900000,VERIFIED,49.0,tier2
ENT_07954,INDIVIDUAL,1000000,VERIFIED,47.0,metro
ENT_07955,BUSINESS,48600000,VERIFIED,,metro
ENT_07956,INDIVIDUAL,300000,VERIFIED,31.0,metro
ENT_07957,TRUST,92500000,VERIFIED,,rural
ENT_07958,INDIVIDUAL,1400000,VERIFIED,64.0,metro
ENT_07959,BUSINESS,8300000,VERIFIED,,metro
ENT_07960,INDIVIDUAL,7800000,VERIFIED,57.0,tier2
ENT_07961,INDIVIDUAL,3400000,VERIFIED,59.0,rural
ENT_07962,INDIVIDUAL,1400000,VERIFIED,22.0,metro
ENT_07963,INDIVIDUAL,1400000,VERIFIED,19.0,metro
ENT_07964,INDIVIDUAL,900000,VERIFIED,26.0,rural
ENT_07965,INDIVIDUAL,700000,VERIFIED,63.0,metro
ENT_07966,INDIVIDUAL,700000,VERIFIED,37.0,rural
ENT_07967,INDIVIDUAL,900000,VERIFIED,36.0,tier2
ENT_07968,INDIVIDUAL,77600000,VERIFIED,26.0,metro
ENT_07969,BUSINESS,35500000,VERIFIED,,metro
ENT_07970,INDIVIDUAL,0,VERIFIED,54.0,metro
ENT_07971,INDIVIDUAL,500000,VERIFIED,60.0,metro
ENT_07972,INDIVIDUAL,5600000,VERIFIED,50.0,tier2
ENT_07973,INDIVIDUAL,3000000,VERIFIED,41.0,tier2
ENT_07974,INDIVIDUAL,8100000,VERIFIED,56.0,rural
ENT_07975,INDIVIDUAL,8500000,VERIFIED,37.0,rural
ENT_07976,INDIVIDUAL,0,VERIFIED,61.0,tier2
ENT_07977,INDIVIDUAL,0,VERIFIED,63.0,tier2
ENT_07978,INDIVIDUAL,6000000,VERIFIED,60.0,rural
ENT_07979,TRUST,24700000,VERIFIED,,metro
ENT_07980,INDIVIDUAL,0,VERIFIED,22.0,rural
ENT_07981,INDIVIDUAL,7700000,VERIFIED,42.0,metro
ENT_07982,INDIVIDUAL,300000,VERIFIED,22.0,tier2
ENT_07983,INDIVIDUAL,1300000,VERIFIED,40.0,tier2
ENT_07984,INDIVIDUAL,5800000,VERIFIED,46.0,rural
ENT_07985,INDIVIDUAL,3900000,VERIFIED,45.0,metro
ENT_07986,INDIVIDUAL,14500000,VERIFIED,65.0,metro
ENT_07987,INDIVIDUAL,0,VERIFIED,62.0,metro
ENT_07988,INDIVIDUAL,1400000,VERIFIED,20.0,rural
ENT_07989,INDIVIDUAL,900000,VERIFIED,20.0,tier2
ENT_07990,INDIVIDUAL,0,VERIFIED,60.0,metro
ENT_07991,INDIVIDUAL,2600000,VERIFIED,61.0,tier2
ENT_07992,INDIVIDUAL,1000000,VERIFIED,38.0,rural
ENT_07993,INDIVIDUAL,500000,VERIFIED,63.0,tier2
ENT_07994,BUSINESS,8100000,VERIFIED,,tier2
ENT_07995,INDIVIDUAL,5300000,VERIFIED,23.0,rural
ENT_07996,INDIVIDUAL,900000,VERIFIED,51.0,rural
ENT_07997,INDIVIDUAL,1000000,VERIFIED,25.0,tier2
ENT_07998,INDIVIDUAL,900000,VERIFIED,23.0,rural
ENT_07999,INDIVIDUAL,40800000,VERIFIED,20.0,tier2
ENT_08000,INDIVIDUAL,5900000,VERIFIED,34.0,metro
ENT_08001,INDIVIDUAL,5700000,VERIFIED,38.0,metro
ENT_08002,INDIVIDUAL,1900000,VERIFIED,32.0,metro
ENT_08003,INDIVIDUAL,29100000,VERIFIED,26.0,metro
ENT_08004,INDIVIDUAL,0,VERIFIED,27.0,metro
ENT_08005,INDIVIDUAL,0,VERIFIED,26.0,metro
ENT_08006,INDIVIDUAL,8200000,VERIFIED,46.0,rural
ENT_08007,BUSINESS,69300000,VERIFIED,,metro
ENT_08008,INDIVIDUAL,1500000,VERIFIED,50.0,tier2
ENT_08009,TRUST,8300000,VERIFIED,,metro
ENT_08010,INDIVIDUAL,1000000,VERIFIED,58.0,metro
ENT_08011,INDIVIDUAL,500000,VERIFIED,29.0,tier2
ENT_08012,BUSINESS,35600000,VERIFIED,,metro
ENT_08013,INDIVIDUAL,1000000,VERIFIED,36.0,metro
ENT_08014,BUSINESS,7200000,VERIFIED,,metro
ENT_08015,TRUST,8300000,VERIFIED,,rural
ENT_08016,BUSINESS,7700000,VERIFIED,,metro
ENT_08017,INDIVIDUAL,1000000,VERIFIED,44.0,tier2
ENT_08018,INDIVIDUAL,0,VERIFIED,30.0,metro
ENT_08019,INDIVIDUAL,5500000,VERIFIED,49.0,metro
ENT_08020,INDIVIDUAL,3100000,VERIFIED,56.0,tier2
ENT_08021,BUSINESS,100000000,VERIFIED,,metro
ENT_08022,TRUST,7000000,VERIFIED,,metro
ENT_08023,INDIVIDUAL,1500000,VERIFIED,51.0,metro
ENT_08024,INDIVIDUAL,5800000,VERIFIED,31.0,tier2
ENT_08025,INDIVIDUAL,3900000,VERIFIED,39.0,rural
ENT_08026,INDIVIDUAL,9800000,VERIFIED,27.0,metro
ENT_08027,INDIVIDUAL,10300000,VERIFIED,61.0,rural
ENT_08028,BUSINESS,61700000,VERIFIED,,tier2
ENT_08029,INDIVIDUAL,400000,VERIFIED,53.0,metro
ENT_08030,BUSINESS,10000000,VERIFIED,,metro
ENT_08031,INDIVIDUAL,1500000,VERIFIED,23.0,metro
ENT_08032,INDIVIDUAL,0,VERIFIED,31.0,tier2
ENT_08033,INDIVIDUAL,900000,VERIFIED,59.0,tier2
ENT_08034,INDIVIDUAL,1100000,VERIFIED,22.0,tier2
ENT_08035,INDIVIDUAL,43400000,VERIFIED,55.0,tier2
ENT_08036,INDIVIDUAL,1300000,VERIFIED,49.0,tier2
ENT_08037,INDIVIDUAL,8600000,VERIFIED,35.0,rural
ENT_08038,INDIVIDUAL,800000,VERIFIED,31.0,metro
ENT_08039,INDIVIDUAL,2300000,VERIFIED,60.0,metro
ENT_08040,INDIVIDUAL,2600000,VERIFIED,62.0,metro
ENT_08041,INDIVIDUAL,400000,VERIFIED,55.0,tier2
ENT_08042,INDIVIDUAL,4100000,VERIFIED,21.0,metro
ENT_08043,INDIVIDUAL,6800000,VERIFIED,22.0,metro
ENT_08044,BUSINESS,4600000,VERIFIED,,rural
ENT_08045,INDIVIDUAL,8700000,VERIFIED,22.0,tier2
ENT_08046,INDIVIDUAL,7400000,VERIFIED,33.0,tier2
ENT_08047,BUSINESS,5100000,VERIFIED,,metro
ENT_08048,INDIVIDUAL,900000,VERIFIED,35.0,tier2
ENT_08049,INDIVIDUAL,6200000,VERIFIED,40.0,metro
ENT_08050,BUSINESS,2700000,VERIFIED,,tier2
ENT_08051,BUSINESS,77200000,VERIFIED,,metro
ENT_08052,BUSINESS,2600000,VERIFIED,,tier2
ENT_08053,INDIVIDUAL,1500000,VERIFIED,36.0,metro
ENT_08054,BUSINESS,56900000,VERIFIED,,metro
ENT_08055,BUSINESS,17800000,VERIFIED,,tier2
ENT_08056,INDIVIDUAL,6500000,VERIFIED,39.0,tier2
ENT_08057,INDIVIDUAL,1400000,VERIFIED,63.0,rural
ENT_08058,BUSINESS,83700000,VERIFIED,,metro
ENT_08059,INDIVIDUAL,600000,VERIFIED,54.0,tier2
ENT_08060,TRUST,87400000,VERIFIED,,tier2
ENT_08061,INDIVIDUAL,2400000,VERIFIED,55.0,tier2
ENT_08062,INDIVIDUAL,1300000,VERIFIED,44.0,metro
ENT_08063,INDIVIDUAL,600000,VERIFIED,44.0,metro
ENT_08064,INDIVIDUAL,6600000,VERIFIED,26.0,metro
ENT_08065,INDIVIDUAL,32800000,VERIFIED,58.0,tier2
ENT_08066,INDIVIDUAL,1800000,VERIFIED,28.0,metro
ENT_08067,BUSINESS,97200000,VERIFIED,,metro
ENT_08068,TRUST,3500000,VERIFIED,,tier2
ENT_08069,INDIVIDUAL,7400000,VERIFIED,32.0,rural
ENT_08070,INDIVIDUAL,300000,VERIFIED,47.0,tier2
ENT_08071,INDIVIDUAL,5400000,VERIFIED,43.0,tier2
ENT_08072,INDIVIDUAL,3400000,VERIFIED,55.0,metro
ENT_08073,INDIVIDUAL,900000,VERIFIED,46.0,metro
ENT_08074,INDIVIDUAL,1400000,VERIFIED,56.0,metro
ENT_08075,BUSINESS,53500000,VERIFIED,,rural
ENT_08076,INDIVIDUAL,600000,VERIFIED,63.0,tier2
ENT_08077,INDIVIDUAL,7400000,VERIFIED,45.0,tier2
ENT_08078,INDIVIDUAL,600000,VERIFIED,24.0,metro
ENT_08079,INDIVIDUAL,900000,VERIFIED,26.0,metro
ENT_08080,TRUST,9700000,VERIFIED,,metro
ENT_08081,INDIVIDUAL,0,VERIFIED,18.0,rural
ENT_08082,INDIVIDUAL,800000,VERIFIED,56.0,tier2
ENT_08083,INDIVIDUAL,0,VERIFIED,19.0,metro
ENT_08084,INDIVIDUAL,0,VERIFIED,20.0,metro
ENT_08085,INDIVIDUAL,36300000,VERIFIED,43.0,metro
ENT_08086,INDIVIDUAL,700000,VERIFIED,64.0,metro
ENT_08087,INDIVIDUAL,1200000,VERIFIED,32.0,rural
ENT_08088,INDIVIDUAL,0,VERIFIED,56.0,metro
ENT_08089,INDIVIDUAL,5000000,VERIFIED,54.0,metro
ENT_08090,INDIVIDUAL,400000,VERIFIED,30.0,rural
ENT_08091,INDIVIDUAL,1300000,VERIFIED,52.0,tier2
ENT_08092,INDIVIDUAL,5500000,VERIFIED,58.0,metro
ENT_08093,INDIVIDUAL,77100000,VERIFIED,20.0,metro
ENT_08094,INDIVIDUAL,1400000,VERIFIED,18.0,tier2
ENT_08095,INDIVIDUAL,1800000,VERIFIED,29.0,metro
ENT_08096,INDIVIDUAL,8500000,VERIFIED,20.0,tier2
ENT_08097,INDIVIDUAL,4100000,VERIFIED,53.0,tier2
ENT_08098,INDIVIDUAL,1000000,VERIFIED,42.0,rural
ENT_08099,INDIVIDUAL,3100000,VERIFIED,64.0,tier2
ENT_08100,BUSINESS,3500000,VERIFIED,,tier2
ENT_08101,BUSINESS,8200000,VERIFIED,,tier2
ENT_08102,TRUST,39300000,VERIFIED,,metro
ENT_08103,INDIVIDUAL,1100000,VERIFIED,24.0,tier2
ENT_08104,INDIVIDUAL,1500000,VERIFIED,54.0,tier2
ENT_08105,INDIVIDUAL,6700000,VERIFIED,63.0,metro
ENT_08106,INDIVIDUAL,1100000,VERIFIED,28.0,rural
ENT_08107,INDIVIDUAL,700000,VERIFIED,53.0,metro
ENT_08108,INDIVIDUAL,400000,VERIFIED,22.0,rural
ENT_08109,INDIVIDUAL,0,VERIFIED,46.0,rural
ENT_08110,INDIVIDUAL,400000,VERIFIED,55.0,metro
ENT_08111,INDIVIDUAL,9500000,VERIFIED,53.0,tier2
ENT_08112,INDIVIDUAL,0,VERIFIED,32.0,metro
ENT_08113,INDIVIDUAL,55400000,VERIFIED,38.0,rural
ENT_08114,INDIVIDUAL,1200000,VERIFIED,29.0,metro
ENT_08115,BUSINESS,5800000,VERIFIED,,metro
ENT_08116,INDIVIDUAL,1300000,VERIFIED,28.0,metro
ENT_08117,INDIVIDUAL,3200000,VERIFIED,42.0,metro
ENT_08118,INDIVIDUAL,600000,VERIFIED,43.0,metro
ENT_08119,BUSINESS,81400000,VERIFIED,,metro
ENT_08120,INDIVIDUAL,600000,VERIFIED,46.0,metro
ENT_08121,INDIVIDUAL,700000,VERIFIED,37.0,tier2
ENT_08122,BUSINESS,5100000,VERIFIED,,metro
ENT_08123,INDIVIDUAL,8700000,VERIFIED,54.0,rural
ENT_08124,INDIVIDUAL,5600000,VERIFIED,24.0,tier2
ENT_08125,INDIVIDUAL,1400000,VERIFIED,45.0,metro
ENT_08126,INDIVIDUAL,800000,VERIFIED,22.0,metro
ENT_08127,INDIVIDUAL,7300000,VERIFIED,20.0,tier2
ENT_08128,INDIVIDUAL,1100000,VERIFIED,18.0,rural
ENT_08129,INDIVIDUAL,3600000,VERIFIED,22.0,rural
ENT_08130,INDIVIDUAL,1400000,VERIFIED,21.0,metro
ENT_08131,INDIVIDUAL,6400000,VERIFIED,21.0,metro
ENT_08132,INDIVIDUAL,5400000,VERIFIED,42.0,metro
ENT_08133,INDIVIDUAL,1100000,VERIFIED,54.0,metro
ENT_08134,INDIVIDUAL,46800000,VERIFIED,26.0,metro
ENT_08135,INDIVIDUAL,0,VERIFIED,22.0,metro
ENT_08136,BUSINESS,97300000,VERIFIED,,tier2
ENT_08137,TRUST,7800000,VERIFIED,,tier2
ENT_08138,BUSINESS,4400000,VERIFIED,,rural
ENT_08139,INDIVIDUAL,57500000,VERIFIED,23.0,metro
ENT_08140,INDIVIDUAL,5900000,VERIFIED,28.0,tier2
ENT_08141,INDIVIDUAL,48600000,VERIFIED,55.0,rural
ENT_08142,TRUST,84000000,VERIFIED,,rural
ENT_08143,TRUST,12500000,VERIFIED,,metro
ENT_08144,INDIVIDUAL,4500000,VERIFIED,48.0,tier2
ENT_08145,INDIVIDUAL,3300000,VERIFIED,44.0,tier2
ENT_08146,INDIVIDUAL,2500000,VERIFIED,57.0,metro
ENT_08147,INDIVIDUAL,19200000,VERIFIED,63.0,rural
ENT_08148,BUSINESS,7500000,VERIFIED,,tier2
ENT_08149,INDIVIDUAL,97500000,VERIFIED,43.0,metro
ENT_08150,INDIVIDUAL,2200000,VERIFIED,50.0,metro
ENT_08151,INDIVIDUAL,1100000,VERIFIED,57.0,metro
ENT_08152,INDIVIDUAL,4000000,VERIFIED,23.0,metro
ENT_08153,INDIVIDUAL,5400000,VERIFIED,43.0,metro
ENT_08154,INDIVIDUAL,61700000,VERIFIED,27.0,metro
ENT_08155,INDIVIDUAL,8800000,VERIFIED,18.0,metro
ENT_08156,INDIVIDUAL,7900000,VERIFIED,42.0,metro
ENT_08157,INDIVIDUAL,7400000,VERIFIED,55.0,tier2
ENT_08158,INDIVIDUAL,0,VERIFIED,27.0,tier2
ENT_08159,INDIVIDUAL,0,VERIFIED,44.0,metro
ENT_08160,INDIVIDUAL,42100000,VERIFIED,42.0,metro
ENT_08161,INDIVIDUAL,900000,VERIFIED,21.0,tier2
ENT_08162,INDIVIDUAL,7800000,VERIFIED,29.0,metro
ENT_08163,INDIVIDUAL,7900000,VERIFIED,46.0,metro
ENT_08164,INDIVIDUAL,4700000,VERIFIED,43.0,metro
ENT_08165,BUSINESS,1900000,VERIFIED,,metro
ENT_08166,INDIVIDUAL,4700000,VERIFIED,42.0,metro
ENT_08167,INDIVIDUAL,2900000,VERIFIED,50.0,tier2
ENT_08168,INDIVIDUAL,900000,VERIFIED,37.0,tier2
ENT_08169,INDIVIDUAL,9500000,VERIFIED,49.0,metro
ENT_08170,INDIVIDUAL,0,VERIFIED,33.0,metro
ENT_08171,INDIVIDUAL,1300000,VERIFIED,20.0,metro
ENT_08172,INDIVIDUAL,9800000,VERIFIED,24.0,metro
ENT_08173,INDIVIDUAL,500000,VERIFIED,27.0,tier2
ENT_08174,INDIVIDUAL,400000,VERIFIED,36.0,tier2
ENT_08175,INDIVIDUAL,1200000,VERIFIED,42.0,metro
ENT_08176,BUSINESS,9100000,VERIFIED,,metro
ENT_08177,INDIVIDUAL,300000,VERIFIED,42.0,tier2
ENT_08178,INDIVIDUAL,9400000,VERIFIED,21.0,metro
ENT_08179,INDIVIDUAL,0,VERIFIED,44.0,tier2
ENT_08180,INDIVIDUAL,1200000,VERIFIED,60.0,metro
ENT_08181,INDIVIDUAL,2300000,VERIFIED,64.0,metro
ENT_08182,BUSINESS,17400000,VERIFIED,,rural
ENT_08183,INDIVIDUAL,7900000,VERIFIED,52.0,metro
ENT_08184,TRUST,2800000,VERIFIED,,rural
ENT_08185,INDIVIDUAL,0,VERIFIED,29.0,rural
ENT_08186,INDIVIDUAL,7700000,VERIFIED,54.0,metro
ENT_08187,INDIVIDUAL,300000,VERIFIED,47.0,metro
ENT_08188,INDIVIDUAL,80300000,VERIFIED,47.0,tier2
ENT_08189,INDIVIDUAL,500000,VERIFIED,33.0,tier2
ENT_08190,INDIVIDUAL,1400000,VERIFIED,19.0,rural
ENT_08191,INDIVIDUAL,0,VERIFIED,52.0,metro
ENT_08192,BUSINESS,7300000,VERIFIED,,tier2
ENT_08193,INDIVIDUAL,5000000,VERIFIED,40.0,metro
ENT_08194,BUSINESS,4700000,VERIFIED,,tier2
ENT_08195,INDIVIDUAL,1500000,VERIFIED,29.0,tier2
ENT_08196,INDIVIDUAL,5500000,VERIFIED,59.0,metro
ENT_08197,INDIVIDUAL,9700000,VERIFIED,40.0,metro
ENT_08198,BUSINESS,2500000,VERIFIED,,rural
ENT_08199,INDIVIDUAL,3100000,VERIFIED,39.0,rural
ENT_08200,BUSINESS,85400000,VERIFIED,,metro
ENT_08201,INDIVIDUAL,1200000,VERIFIED,22.0,metro
ENT_08202,INDIVIDUAL,600000,VERIFIED,62.0,tier2
ENT_08203,INDIVIDUAL,3100000,VERIFIED,49.0,metro
ENT_08204,INDIVIDUAL,600000,VERIFIED,53.0,metro
ENT_08205,TRUST,7100000,VERIFIED,,tier2
ENT_08206,INDIVIDUAL,1200000,VERIFIED,55.0,metro
ENT_08207,BUSINESS,85500000,VERIFIED,,tier2
ENT_08208,INDIVIDUAL,63500000,VERIFIED,44.0,tier2
ENT_08209,BUSINESS,77100000,VERIFIED,,metro
ENT_08210,INDIVIDUAL,7500000,VERIFIED,38.0,rural
ENT_08211,INDIVIDUAL,0,VERIFIED,35.0,rural
ENT_08212,INDIVIDUAL,400000,VERIFIED,39.0,tier2
ENT_08213,BUSINESS,3700000,VERIFIED,,metro
ENT_08214,INDIVIDUAL,0,VERIFIED,21.0,metro
ENT_08215,INDIVIDUAL,1400000,VERIFIED,32.0,tier2
ENT_08216,INDIVIDUAL,1000000,VERIFIED,34.0,rural
ENT_08217,INDIVIDUAL,700000,VERIFIED,40.0,metro
ENT_08218,INDIVIDUAL,4500000,VERIFIED,51.0,metro
ENT_08219,INDIVIDUAL,600000,VERIFIED,48.0,metro
ENT_08220,INDIVIDUAL,900000,VERIFIED,18.0,metro
ENT_08221,INDIVIDUAL,300000,VERIFIED,36.0,rural
ENT_08222,INDIVIDUAL,500000,VERIFIED,18.0,tier2
ENT_08223,INDIVIDUAL,1100000,VERIFIED,56.0,metro
ENT_08224,INDIVIDUAL,500000,VERIFIED,52.0,tier2
ENT_08225,INDIVIDUAL,700000,VERIFIED,31.0,tier2
ENT_08226,INDIVIDUAL,300000,VERIFIED,26.0,metro
ENT_08227,INDIVIDUAL,1000000,VERIFIED,41.0,metro
ENT_08228,BUSINESS,67200000,VERIFIED,,rural
ENT_08229,INDIVIDUAL,6400000,VERIFIED,30.0,metro
ENT_08230,INDIVIDUAL,500000,VERIFIED,34.0,rural
ENT_08231,INDIVIDUAL,600000,VERIFIED,49.0,metro
ENT_08232,INDIVIDUAL,7500000,VERIFIED,32.0,tier2
ENT_08233,INDIVIDUAL,1200000,VERIFIED,40.0,metro
ENT_08234,INDIVIDUAL,6000000,VERIFIED,20.0,tier2
ENT_08235,INDIVIDUAL,500000,VERIFIED,56.0,rural
ENT_08236,BUSINESS,82100000,VERIFIED,,rural
ENT_08237,INDIVIDUAL,1500000,VERIFIED,56.0,metro
ENT_08238,INDIVIDUAL,800000,VERIFIED,35.0,tier2
ENT_08239,INDIVIDUAL,6700000,VERIFIED,47.0,metro
ENT_08240,INDIVIDUAL,14000000,VERIFIED,54.0,rural
ENT_08241,INDIVIDUAL,0,VERIFIED,37.0,metro
ENT_08242,INDIVIDUAL,44400000,VERIFIED,54.0,metro
ENT_08243,INDIVIDUAL,2200000,VERIFIED,20.0,tier2
ENT_08244,INDIVIDUAL,800000,VERIFIED,48.0,metro
ENT_08245,BUSINESS,1600000,VERIFIED,,tier2
ENT_08246,INDIVIDUAL,400000,VERIFIED,63.0,tier2
ENT_08247,TRUST,31900000,VERIFIED,,metro
ENT_08248,BUSINESS,9700000,VERIFIED,,tier2
ENT_08249,INDIVIDUAL,1000000,VERIFIED,22.0,tier2
ENT_08250,INDIVIDUAL,70200000,VERIFIED,24.0,metro
ENT_08251,INDIVIDUAL,900000,VERIFIED,33.0,metro
ENT_08252,INDIVIDUAL,0,VERIFIED,52.0,rural
ENT_08253,INDIVIDUAL,6300000,VERIFIED,46.0,rural
ENT_08254,INDIVIDUAL,800000,VERIFIED,48.0,tier2
ENT_08255,INDIVIDUAL,0,VERIFIED,27.0,rural
ENT_08256,INDIVIDUAL,1000000,VERIFIED,53.0,tier2
ENT_08257,BUSINESS,4300000,VERIFIED,,tier2
ENT_08258,INDIVIDUAL,0,VERIFIED,43.0,metro
ENT_08259,INDIVIDUAL,0,VERIFIED,62.0,metro
ENT_08260,TRUST,29700000,VERIFIED,,metro
ENT_08261,INDIVIDUAL,4500000,VERIFIED,31.0,metro
ENT_08262,INDIVIDUAL,800000,VERIFIED,41.0,tier2
ENT_08263,TRUST,6500000,VERIFIED,,tier2
ENT_08264,BUSINESS,4400000,VERIFIED,,tier2
ENT_08265,INDIVIDUAL,0,VERIFIED,64.0,metro
ENT_08266,INDIVIDUAL,300000,VERIFIED,27.0,metro
ENT_08267,BUSINESS,41900000,VERIFIED,,rural
ENT_08268,INDIVIDUAL,8700000,VERIFIED,49.0,metro
ENT_08269,INDIVIDUAL,3200000,VERIFIED,64.0,tier2
ENT_08270,INDIVIDUAL,1500000,VERIFIED,37.0,metro
ENT_08271,BUSINESS,70200000,VERIFIED,,tier2
ENT_08272,INDIVIDUAL,2900000,VERIFIED,41.0,metro
ENT_08273,BUSINESS,80600000,VERIFIED,,metro
ENT_08274,INDIVIDUAL,5100000,VERIFIED,35.0,metro
ENT_08275,BUSINESS,95600000,VERIFIED,,tier2
ENT_08276,TRUST,9500000,VERIFIED,,metro
ENT_08277,INDIVIDUAL,0,VERIFIED,62.0,metro
ENT_08278,TRUST,5500000,VERIFIED,,tier2
ENT_08279,INDIVIDUAL,9800000,VERIFIED,49.0,metro
ENT_08280,INDIVIDUAL,900000,VERIFIED,18.0,tier2
ENT_08281,INDIVIDUAL,600000,VERIFIED,62.0,metro
ENT_08282,INDIVIDUAL,45800000,VERIFIED,42.0,rural
ENT_08283,INDIVIDUAL,600000,VERIFIED,24.0,metro
ENT_08284,INDIVIDUAL,800000,VERIFIED,27.0,metro
ENT_08285,TRUST,6700000,VERIFIED,,tier2
ENT_08286,INDIVIDUAL,2300000,VERIFIED,46.0,metro
ENT_08287,INDIVIDUAL,900000,VERIFIED,36.0,metro
ENT_08288,INDIVIDUAL,1400000,VERIFIED,56.0,rural
ENT_08289,INDIVIDUAL,1100000,VERIFIED,58.0,metro
ENT_08290,BUSINESS,23800000,VERIFIED,,rural
ENT_08291,INDIVIDUAL,1400000,VERIFIED,27.0,tier2
ENT_08292,INDIVIDUAL,50500000,VERIFIED,58.0,rural
ENT_08293,INDIVIDUAL,0,VERIFIED,50.0,metro
ENT_08294,INDIVIDUAL,2600000,VERIFIED,39.0,metro
ENT_08295,BUSINESS,62400000,VERIFIED,,metro
ENT_08296,INDIVIDUAL,6500000,VERIFIED,57.0,metro
ENT_08297,INDIVIDUAL,1400000,VERIFIED,62.0,metro
ENT_08298,INDIVIDUAL,400000,VERIFIED,33.0,metro
ENT_08299,INDIVIDUAL,7000000,VERIFIED,32.0,metro
ENT_08300,INDIVIDUAL,9600000,VERIFIED,21.0,rural
ENT_08301,INDIVIDUAL,900000,VERIFIED,43.0,rural
ENT_08302,INDIVIDUAL,0,VERIFIED,32.0,tier2
ENT_08303,INDIVIDUAL,1300000,VERIFIED,25.0,tier2
ENT_08304,INDIVIDUAL,3800000,VERIFIED,39.0,metro
ENT_08305,INDIVIDUAL,86300000,VERIFIED,45.0,rural
ENT_08306,INDIVIDUAL,5600000,VERIFIED,53.0,rural
ENT_08307,INDIVIDUAL,13200000,VERIFIED,39.0,metro
ENT_08308,INDIVIDUAL,1500000,VERIFIED,46.0,rural
ENT_08309,INDIVIDUAL,67300000,VERIFIED,42.0,metro
ENT_08310,INDIVIDUAL,900000,VERIFIED,25.0,metro
ENT_08311,INDIVIDUAL,0,VERIFIED,65.0,metro
ENT_08312,INDIVIDUAL,800000,VERIFIED,28.0,tier2
ENT_08313,INDIVIDUAL,7800000,VERIFIED,49.0,rural
ENT_08314,INDIVIDUAL,0,VERIFIED,30.0,metro
ENT_08315,INDIVIDUAL,9900000,VERIFIED,52.0,tier2
ENT_08316,INDIVIDUAL,42500000,VERIFIED,53.0,metro
ENT_08317,INDIVIDUAL,800000,VERIFIED,45.0,metro
ENT_08318,INDIVIDUAL,1300000,VERIFIED,40.0,metro
ENT_08319,INDIVIDUAL,8500000,VERIFIED,46.0,tier2
ENT_08320,INDIVIDUAL,3500000,VERIFIED,48.0,rural
ENT_08321,INDIVIDUAL,400000,VERIFIED,29.0,metro
ENT_08322,INDIVIDUAL,4200000,VERIFIED,39.0,tier2
ENT_08323,INDIVIDUAL,0,VERIFIED,49.0,metro
ENT_08324,INDIVIDUAL,700000,VERIFIED,44.0,tier2
ENT_08325,INDIVIDUAL,1900000,VERIFIED,38.0,metro
ENT_08326,INDIVIDUAL,88800000,VERIFIED,39.0,metro
ENT_08327,BUSINESS,99900000,VERIFIED,,tier2
ENT_08328,INDIVIDUAL,2200000,VERIFIED,18.0,metro
ENT_08329,INDIVIDUAL,1200000,VERIFIED,64.0,metro
ENT_08330,INDIVIDUAL,1500000,VERIFIED,53.0,tier2
ENT_08331,TRUST,88600000,VERIFIED,,tier2
ENT_08332,INDIVIDUAL,9200000,VERIFIED,64.0,rural
ENT_08333,BUSINESS,62700000,VERIFIED,,metro
ENT_08334,INDIVIDUAL,1100000,VERIFIED,64.0,metro
ENT_08335,BUSINESS,5200000,VERIFIED,,rural
ENT_08336,BUSINESS,4400000,VERIFIED,,metro
ENT_08337,INDIVIDUAL,1300000,VERIFIED,39.0,rural
ENT_08338,INDIVIDUAL,9800000,VERIFIED,64.0,rural
ENT_08339,INDIVIDUAL,82700000,VERIFIED,32.0,metro
ENT_08340,INDIVIDUAL,9400000,VERIFIED,45.0,rural
ENT_08341,INDIVIDUAL,0,VERIFIED,29.0,rural
ENT_08342,INDIVIDUAL,19900000,VERIFIED,44.0,tier2
ENT_08343,INDIVIDUAL,500000,VERIFIED,58.0,metro
ENT_08344,BUSINESS,55800000,VERIFIED,,rural
ENT_08345,INDIVIDUAL,400000,VERIFIED,27.0,tier2
ENT_08346,INDIVIDUAL,1100000,VERIFIED,30.0,metro
ENT_08347,INDIVIDUAL,1500000,VERIFIED,35.0,tier2
ENT_08348,BUSINESS,69800000,VERIFIED,,rural
ENT_08349,INDIVIDUAL,3200000,VERIFIED,42.0,metro
ENT_08350,INDIVIDUAL,0,VERIFIED,32.0,metro
ENT_08351,BUSINESS,52700000,VERIFIED,,rural
ENT_08352,INDIVIDUAL,2500000,VERIFIED,44.0,metro
ENT_08353,INDIVIDUAL,7500000,VERIFIED,58.0,metro
ENT_08354,INDIVIDUAL,73800000,VERIFIED,40.0,rural
ENT_08355,INDIVIDUAL,68300000,VERIFIED,61.0,tier2
ENT_08356,INDIVIDUAL,700000,VERIFIED,40.0,metro
ENT_08357,INDIVIDUAL,10000000,VERIFIED,54.0,rural
ENT_08358,INDIVIDUAL,2600000,VERIFIED,32.0,metro
ENT_08359,TRUST,49400000,VERIFIED,,metro
ENT_08360,BUSINESS,9500000,VERIFIED,,rural
ENT_08361,INDIVIDUAL,5600000,VERIFIED,49.0,metro
ENT_08362,INDIVIDUAL,1400000,VERIFIED,18.0,tier2
ENT_08363,BUSINESS,4900000,VERIFIED,,rural
ENT_08364,INDIVIDUAL,700000,VERIFIED,58.0,rural
ENT_08365,INDIVIDUAL,1300000,VERIFIED,48.0,tier2
ENT_08366,INDIVIDUAL,7500000,VERIFIED,25.0,tier2
ENT_08367,INDIVIDUAL,5700000,VERIFIED,42.0,tier2
ENT_08368,INDIVIDUAL,8600000,VERIFIED,44.0,rural
ENT_08369,TRUST,2700000,VERIFIED,,metro
ENT_08370,INDIVIDUAL,0,VERIFIED,29.0,metro
ENT_08371,INDIVIDUAL,1100000,VERIFIED,31.0,tier2
ENT_08372,INDIVIDUAL,5400000,VERIFIED,39.0,tier2
ENT_08373,INDIVIDUAL,1400000,VERIFIED,28.0,rural
ENT_08374,INDIVIDUAL,2700000,VERIFIED,50.0,metro
ENT_08375,BUSINESS,6300000,VERIFIED,,metro
ENT_08376,INDIVIDUAL,1200000,VERIFIED,26.0,tier2
ENT_08377,INDIVIDUAL,4400000,VERIFIED,47.0,metro
ENT_08378,INDIVIDUAL,400000,VERIFIED,59.0,metro
ENT_08379,INDIVIDUAL,0,VERIFIED,65.0,metro
ENT_08380,BUSINESS,7700000,VERIFIED,,metro
ENT_08381,INDIVIDUAL,1000000,VERIFIED,54.0,tier2
ENT_08382,BUSINESS,86200000,VERIFIED,,metro
ENT_08383,INDIVIDUAL,1600000,VERIFIED,63.0,rural
ENT_08384,INDIVIDUAL,4700000,VERIFIED,18.0,tier2
ENT_08385,INDIVIDUAL,1000000,VERIFIED,53.0,metro
ENT_08386,INDIVIDUAL,0,VERIFIED,52.0,metro
ENT_08387,INDIVIDUAL,5400000,VERIFIED,59.0,metro
ENT_08388,BUSINESS,24500000,VERIFIED,,metro
ENT_08389,INDIVIDUAL,1200000,VERIFIED,26.0,metro
ENT_08390,INDIVIDUAL,7300000,VERIFIED,48.0,metro
ENT_08391,INDIVIDUAL,800000,VERIFIED,46.0,tier2
ENT_08392,INDIVIDUAL,77400000,VERIFIED,51.0,tier2
ENT_08393,INDIVIDUAL,0,VERIFIED,36.0,tier2
ENT_08394,INDIVIDUAL,0,VERIFIED,63.0,metro
ENT_08395,INDIVIDUAL,6000000,VERIFIED,63.0,tier2
ENT_08396,INDIVIDUAL,4800000,VERIFIED,29.0,rural
ENT_08397,INDIVIDUAL,9500000,VERIFIED,36.0,metro
ENT_08398,BUSINESS,5700000,VERIFIED,,tier2
ENT_08399,INDIVIDUAL,1500000,VERIFIED,48.0,metro
ENT_08400,INDIVIDUAL,4100000,VERIFIED,61.0,tier2
ENT_08401,INDIVIDUAL,1300000,VERIFIED,58.0,metro
ENT_08402,TRUST,51700000,VERIFIED,,metro
ENT_08403,INDIVIDUAL,9200000,VERIFIED,48.0,tier2
ENT_08404,INDIVIDUAL,6600000,VERIFIED,59.0,metro
ENT_08405,INDIVIDUAL,0,VERIFIED,54.0,tier2
ENT_08406,INDIVIDUAL,2000000,VERIFIED,32.0,rural
ENT_08407,INDIVIDUAL,9100000,VERIFIED,38.0,rural
ENT_08408,INDIVIDUAL,1800000,VERIFIED,25.0,tier2
ENT_08409,INDIVIDUAL,600000,VERIFIED,58.0,metro
ENT_08410,INDIVIDUAL,0,VERIFIED,35.0,metro
ENT_08411,INDIVIDUAL,2700000,VERIFIED,43.0,tier2
ENT_08412,INDIVIDUAL,5800000,VERIFIED,40.0,metro
ENT_08413,TRUST,79500000,VERIFIED,,metro
ENT_08414,INDIVIDUAL,1300000,VERIFIED,58.0,metro
ENT_08415,BUSINESS,8000000,VERIFIED,,tier2
ENT_08416,INDIVIDUAL,2200000,VERIFIED,65.0,metro
ENT_08417,INDIVIDUAL,900000,VERIFIED,56.0,metro
ENT_08418,INDIVIDUAL,0,VERIFIED,49.0,metro
ENT_08419,INDIVIDUAL,1200000,VERIFIED,20.0,tier2
ENT_08420,INDIVIDUAL,0,VERIFIED,62.0,tier2
ENT_08421,TRUST,1000000,VERIFIED,,tier2
ENT_08422,INDIVIDUAL,1400000,VERIFIED,48.0,rural
ENT_08423,INDIVIDUAL,7100000,VERIFIED,61.0,rural
ENT_08424,INDIVIDUAL,80800000,VERIFIED,55.0,rural
ENT_08425,INDIVIDUAL,2600000,VERIFIED,57.0,metro
ENT_08426,INDIVIDUAL,5400000,VERIFIED,25.0,metro
ENT_08427,INDIVIDUAL,800000,VERIFIED,22.0,metro
ENT_08428,INDIVIDUAL,31000000,VERIFIED,33.0,metro
ENT_08429,BUSINESS,79600000,VERIFIED,,metro
ENT_08430,INDIVIDUAL,1400000,VERIFIED,26.0,metro
ENT_08431,BUSINESS,43000000,VERIFIED,,metro
ENT_08432,INDIVIDUAL,0,VERIFIED,63.0,tier2
ENT_08433,INDIVIDUAL,0,VERIFIED,18.0,metro
ENT_08434,INDIVIDUAL,9700000,VERIFIED,58.0,metro
ENT_08435,INDIVIDUAL,52200000,VERIFIED,23.0,rural
ENT_08436,TRUST,96200000,VERIFIED,,metro
ENT_08437,INDIVIDUAL,6200000,VERIFIED,56.0,tier2
ENT_08438,BUSINESS,2100000,VERIFIED,,metro
ENT_08439,INDIVIDUAL,1500000,VERIFIED,32.0,metro
ENT_08440,INDIVIDUAL,4100000,VERIFIED,65.0,metro
ENT_08441,INDIVIDUAL,5900000,VERIFIED,54.0,metro
ENT_08442,INDIVIDUAL,1100000,VERIFIED,46.0,tier2
ENT_08443,BUSINESS,84600000,VERIFIED,,metro
ENT_08444,TRUST,9400000,VERIFIED,,metro
ENT_08445,INDIVIDUAL,1200000,VERIFIED,37.0,rural
ENT_08446,BUSINESS,86700000,VERIFIED,,tier2
ENT_08447,BUSINESS,19000000,VERIFIED,,metro
ENT_08448,INDIVIDUAL,3600000,VERIFIED,60.0,metro
ENT_08449,BUSINESS,28000000,VERIFIED,,rural
ENT_08450,BUSINESS,36100000,VERIFIED,,metro
ENT_08451,BUSINESS,16500000,VERIFIED,,tier2
ENT_08452,BUSINESS,32200000,VERIFIED,,rural
ENT_08453,INDIVIDUAL,900000,VERIFIED,27.0,tier2
ENT_08454,INDIVIDUAL,46700000,VERIFIED,61.0,metro
ENT_08455,INDIVIDUAL,1000000,VERIFIED,65.0,rural
ENT_08456,BUSINESS,4800000,VERIFIED,,rural
ENT_08457,INDIVIDUAL,0,VERIFIED,65.0,tier2
ENT_08458,INDIVIDUAL,3500000,VERIFIED,62.0,tier2
ENT_08459,INDIVIDUAL,74600000,VERIFIED,33.0,tier2
ENT_08460,INDIVIDUAL,1300000,VERIFIED,28.0,tier2
ENT_08461,INDIVIDUAL,7900000,VERIFIED,43.0,metro
ENT_08462,INDIVIDUAL,0,VERIFIED,41.0,metro
ENT_08463,INDIVIDUAL,1400000,VERIFIED,48.0,metro
ENT_08464,INDIVIDUAL,8700000,VERIFIED,42.0,tier2
ENT_08465,INDIVIDUAL,0,VERIFIED,36.0,tier2
ENT_08466,INDIVIDUAL,7100000,VERIFIED,18.0,metro
ENT_08467,INDIVIDUAL,1500000,VERIFIED,62.0,rural
ENT_08468,INDIVIDUAL,1100000,VERIFIED,54.0,metro
ENT_08469,BUSINESS,1800000,VERIFIED,,metro
ENT_08470,INDIVIDUAL,4600000,VERIFIED,22.0,metro
ENT_08471,INDIVIDUAL,8700000,VERIFIED,22.0,tier2
ENT_08472,INDIVIDUAL,5700000,VERIFIED,22.0,tier2
ENT_08473,INDIVIDUAL,400000,VERIFIED,48.0,metro
ENT_08474,TRUST,2900000,VERIFIED,,metro
ENT_08475,INDIVIDUAL,9800000,VERIFIED,52.0,metro
ENT_08476,INDIVIDUAL,0,VERIFIED,45.0,metro
ENT_08477,INDIVIDUAL,500000,VERIFIED,53.0,tier2
ENT_08478,INDIVIDUAL,3800000,VERIFIED,33.0,metro
ENT_08479,INDIVIDUAL,7700000,VERIFIED,57.0,metro
ENT_08480,INDIVIDUAL,5400000,VERIFIED,56.0,tier2
ENT_08481,INDIVIDUAL,52000000,VERIFIED,51.0,tier2
ENT_08482,BUSINESS,38300000,VERIFIED,,tier2
ENT_08483,INDIVIDUAL,500000,VERIFIED,51.0,metro
ENT_08484,INDIVIDUAL,22500000,VERIFIED,53.0,rural
ENT_08485,INDIVIDUAL,0,VERIFIED,52.0,metro
ENT_08486,INDIVIDUAL,1400000,VERIFIED,37.0,rural
ENT_08487,BUSINESS,65500000,VERIFIED,,metro
ENT_08488,INDIVIDUAL,2300000,VERIFIED,18.0,tier2
ENT_08489,INDIVIDUAL,6300000,VERIFIED,49.0,tier2
ENT_08490,BUSINESS,54500000,VERIFIED,,metro
ENT_08491,INDIVIDUAL,8000000,VERIFIED,45.0,metro
ENT_08492,BUSINESS,49700000,VERIFIED,,tier2
ENT_08493,INDIVIDUAL,700000,VERIFIED,46.0,metro
ENT_08494,INDIVIDUAL,600000,VERIFIED,30.0,rural
ENT_08495,INDIVIDUAL,2900000,VERIFIED,62.0,metro
ENT_08496,BUSINESS,5400000,VERIFIED,,metro
ENT_08497,INDIVIDUAL,1100000,VERIFIED,58.0,metro
ENT_08498,INDIVIDUAL,800000,VERIFIED,28.0,metro
ENT_08499,INDIVIDUAL,1300000,VERIFIED,18.0,metro
ENT_08500,INDIVIDUAL,1200000,VERIFIED,48.0,rural
ENT_08501,INDIVIDUAL,1200000,VERIFIED,22.0,metro
ENT_08502,BUSINESS,6200000,VERIFIED,,metro
ENT_08503,INDIVIDUAL,5000000,VERIFIED,55.0,metro
ENT_08504,INDIVIDUAL,700000,VERIFIED,49.0,rural
ENT_08505,INDIVIDUAL,600000,VERIFIED,57.0,metro
ENT_08506,INDIVIDUAL,1000000,VERIFIED,37.0,tier2
ENT_08507,INDIVIDUAL,9300000,VERIFIED,41.0,metro
ENT_08508,INDIVIDUAL,8800000,VERIFIED,52.0,metro
ENT_08509,INDIVIDUAL,84000000,VERIFIED,56.0,rural
ENT_08510,INDIVIDUAL,1200000,VERIFIED,38.0,metro
ENT_08511,INDIVIDUAL,1000000,VERIFIED,35.0,metro
ENT_08512,INDIVIDUAL,0,VERIFIED,32.0,tier2
ENT_08513,INDIVIDUAL,900000,VERIFIED,22.0,tier2
ENT_08514,BUSINESS,44000000,VERIFIED,,metro
ENT_08515,INDIVIDUAL,3800000,VERIFIED,26.0,tier2
ENT_08516,BUSINESS,1700000,VERIFIED,,metro
ENT_08517,INDIVIDUAL,1400000,VERIFIED,25.0,metro
ENT_08518,INDIVIDUAL,4600000,VERIFIED,20.0,metro
ENT_08519,INDIVIDUAL,4500000,VERIFIED,37.0,rural
ENT_08520,INDIVIDUAL,1300000,VERIFIED,65.0,rural
ENT_08521,INDIVIDUAL,1200000,VERIFIED,32.0,metro
ENT_08522,BUSINESS,44400000,VERIFIED,,metro
ENT_08523,INDIVIDUAL,5700000,VERIFIED,57.0,rural
ENT_08524,INDIVIDUAL,69900000,VERIFIED,60.0,tier2
ENT_08525,INDIVIDUAL,26000000,VERIFIED,50.0,metro
ENT_08526,INDIVIDUAL,1000000,VERIFIED,51.0,metro
ENT_08527,INDIVIDUAL,9100000,VERIFIED,48.0,tier2
ENT_08528,BUSINESS,29400000,VERIFIED,,metro
ENT_08529,BUSINESS,56600000,VERIFIED,,metro
ENT_08530,INDIVIDUAL,4100000,VERIFIED,45.0,rural
ENT_08531,INDIVIDUAL,9400000,VERIFIED,54.0,rural
ENT_08532,INDIVIDUAL,800000,VERIFIED,18.0,tier2
ENT_08533,INDIVIDUAL,4700000,VERIFIED,35.0,rural
ENT_08534,INDIVIDUAL,500000,VERIFIED,56.0,metro
ENT_08535,BUSINESS,9700000,VERIFIED,,metro
ENT_08536,BUSINESS,9800000,VERIFIED,,rural
ENT_08537,INDIVIDUAL,1100000,VERIFIED,28.0,metro
ENT_08538,INDIVIDUAL,0,VERIFIED,57.0,metro
ENT_08539,INDIVIDUAL,1000000,VERIFIED,25.0,metro
ENT_08540,INDIVIDUAL,1100000,VERIFIED,64.0,rural
ENT_08541,INDIVIDUAL,1300000,VERIFIED,38.0,tier2
ENT_08542,INDIVIDUAL,8000000,VERIFIED,47.0,tier2
ENT_08543,TRUST,10700000,VERIFIED,,metro
ENT_08544,INDIVIDUAL,9800000,VERIFIED,53.0,rural
ENT_08545,INDIVIDUAL,5300000,VERIFIED,57.0,tier2
ENT_08546,INDIVIDUAL,8900000,VERIFIED,41.0,metro
ENT_08547,INDIVIDUAL,1300000,VERIFIED,40.0,metro
ENT_08548,INDIVIDUAL,0,VERIFIED,56.0,metro
ENT_08549,INDIVIDUAL,7800000,VERIFIED,24.0,metro
ENT_08550,INDIVIDUAL,1300000,VERIFIED,29.0,metro
ENT_08551,BUSINESS,6700000,VERIFIED,,tier2
ENT_08552,BUSINESS,4600000,VERIFIED,,rural
ENT_08553,INDIVIDUAL,400000,VERIFIED,32.0,metro
ENT_08554,INDIVIDUAL,0,VERIFIED,45.0,tier2
ENT_08555,INDIVIDUAL,7700000,VERIFIED,41.0,tier2
ENT_08556,INDIVIDUAL,9700000,VERIFIED,50.0,metro
ENT_08557,BUSINESS,6400000,VERIFIED,,metro
ENT_08558,INDIVIDUAL,800000,VERIFIED,60.0,metro
ENT_08559,BUSINESS,45800000,VERIFIED,,tier2
ENT_08560,INDIVIDUAL,1500000,VERIFIED,38.0,metro
ENT_08561,BUSINESS,59200000,VERIFIED,,rural
ENT_08562,INDIVIDUAL,40000000,VERIFIED,20.0,metro
ENT_08563,INDIVIDUAL,7800000,VERIFIED,59.0,tier2
ENT_08564,INDIVIDUAL,0,VERIFIED,58.0,tier2
ENT_08565,INDIVIDUAL,1000000,VERIFIED,27.0,metro
ENT_08566,INDIVIDUAL,800000,VERIFIED,48.0,tier2
ENT_08567,INDIVIDUAL,0,VERIFIED,36.0,rural
ENT_08568,INDIVIDUAL,800000,VERIFIED,21.0,tier2
ENT_08569,INDIVIDUAL,41000000,VERIFIED,55.0,metro
ENT_08570,INDIVIDUAL,0,VERIFIED,60.0,metro
ENT_08571,INDIVIDUAL,2100000,VERIFIED,39.0,tier2
ENT_08572,INDIVIDUAL,19100000,VERIFIED,32.0,tier2
ENT_08573,INDIVIDUAL,1300000,VERIFIED,59.0,metro
ENT_08574,INDIVIDUAL,4900000,VERIFIED,39.0,tier2
ENT_08575,INDIVIDUAL,8500000,VERIFIED,26.0,metro
ENT_08576,INDIVIDUAL,1200000,VERIFIED,57.0,tier2
ENT_08577,BUSINESS,73800000,VERIFIED,,metro
ENT_08578,INDIVIDUAL,1400000,VERIFIED,59.0,rural
ENT_08579,BUSINESS,9300000,VERIFIED,,metro
ENT_08580,INDIVIDUAL,1000000,VERIFIED,26.0,rural
ENT_08581,INDIVIDUAL,1100000,VERIFIED,65.0,metro
ENT_08582,INDIVIDUAL,4000000,VERIFIED,40.0,metro
ENT_08583,INDIVIDUAL,1300000,VERIFIED,60.0,metro
ENT_08584,INDIVIDUAL,8800000,VERIFIED,58.0,rural
ENT_08585,INDIVIDUAL,9500000,VERIFIED,56.0,metro
ENT_08586,INDIVIDUAL,0,VERIFIED,40.0,metro
ENT_08587,BUSINESS,4400000,VERIFIED,,tier2
ENT_08588,BUSINESS,60700000,VERIFIED,,tier2
ENT_08589,BUSINESS,9700000,VERIFIED,,tier2
ENT_08590,INDIVIDUAL,1200000,VERIFIED,55.0,tier2
ENT_08591,INDIVIDUAL,0,VERIFIED,18.0,rural
ENT_08592,INDIVIDUAL,900000,VERIFIED,44.0,rural
ENT_08593,BUSINESS,3900000,VERIFIED,,rural
ENT_08594,INDIVIDUAL,400000,VERIFIED,61.0,metro
ENT_08595,INDIVIDUAL,0,VERIFIED,42.0,metro
ENT_08596,INDIVIDUAL,500000,VERIFIED,41.0,metro
ENT_08597,INDIVIDUAL,3800000,VERIFIED,44.0,metro
ENT_08598,INDIVIDUAL,6700000,VERIFIED,43.0,metro
ENT_08599,BUSINESS,61000000,VERIFIED,,tier2
ENT_08600,INDIVIDUAL,60000000,VERIFIED,35.0,metro
ENT_08601,INDIVIDUAL,9200000,VERIFIED,50.0,tier2
ENT_08602,INDIVIDUAL,600000,VERIFIED,59.0,metro
ENT_08603,INDIVIDUAL,2200000,VERIFIED,45.0,metro
ENT_08604,INDIVIDUAL,400000,VERIFIED,34.0,rural
ENT_08605,INDIVIDUAL,900000,VERIFIED,39.0,metro
ENT_08606,INDIVIDUAL,5700000,VERIFIED,29.0,metro
ENT_08607,INDIVIDUAL,1300000,VERIFIED,50.0,tier2
ENT_08608,INDIVIDUAL,52400000,VERIFIED,65.0,tier2
ENT_08609,INDIVIDUAL,400000,VERIFIED,60.0,tier2
ENT_08610,INDIVIDUAL,3800000,VERIFIED,64.0,rural
ENT_08611,INDIVIDUAL,1100000,VERIFIED,49.0,rural
ENT_08612,INDIVIDUAL,8000000,VERIFIED,30.0,metro
ENT_08613,INDIVIDUAL,85300000,VERIFIED,28.0,metro
ENT_08614,INDIVIDUAL,900000,VERIFIED,18.0,tier2
ENT_08615,INDIVIDUAL,2500000,VERIFIED,37.0,metro
ENT_08616,BUSINESS,3100000,VERIFIED,,metro
ENT_08617,INDIVIDUAL,700000,VERIFIED,27.0,metro
ENT_08618,INDIVIDUAL,0,VERIFIED,30.0,metro
ENT_08619,BUSINESS,3600000,VERIFIED,,tier2
ENT_08620,BUSINESS,45200000,VERIFIED,,metro
ENT_08621,INDIVIDUAL,4400000,VERIFIED,26.0,rural
ENT_08622,INDIVIDUAL,7100000,VERIFIED,39.0,metro
ENT_08623,INDIVIDUAL,9100000,VERIFIED,21.0,tier2
ENT_08624,INDIVIDUAL,3200000,VERIFIED,62.0,metro
ENT_08625,INDIVIDUAL,0,VERIFIED,43.0,metro
ENT_08626,INDIVIDUAL,3300000,VERIFIED,60.0,tier2
ENT_08627,INDIVIDUAL,85000000,VERIFIED,33.0,metro
ENT_08628,INDIVIDUAL,600000,VERIFIED,27.0,rural
ENT_08629,INDIVIDUAL,1400000,VERIFIED,45.0,metro
ENT_08630,INDIVIDUAL,7400000,VERIFIED,50.0,rural
ENT_08631,INDIVIDUAL,5900000,VERIFIED,52.0,rural
ENT_08632,INDIVIDUAL,700000,VERIFIED,55.0,tier2
ENT_08633,TRUST,1900000,VERIFIED,,metro
ENT_08634,INDIVIDUAL,7300000,VERIFIED,28.0,rural
ENT_08635,BUSINESS,51800000,VERIFIED,,tier2
ENT_08636,INDIVIDUAL,1000000,VERIFIED,61.0,metro
ENT_08637,INDIVIDUAL,1000000,VERIFIED,59.0,tier2
ENT_08638,INDIVIDUAL,0,VERIFIED,22.0,metro
ENT_08639,BUSINESS,2300000,VERIFIED,,metro
ENT_08640,INDIVIDUAL,700000,VERIFIED,20.0,rural
ENT_08641,INDIVIDUAL,3400000,VERIFIED,30.0,metro
ENT_08642,INDIVIDUAL,84500000,VERIFIED,24.0,tier2
ENT_08643,INDIVIDUAL,1100000,VERIFIED,18.0,metro
ENT_08644,INDIVIDUAL,2500000,VERIFIED,56.0,metro
ENT_08645,INDIVIDUAL,8800000,VERIFIED,59.0,rural
ENT_08646,TRUST,38200000,VERIFIED,,tier2
ENT_08647,INDIVIDUAL,1000000,VERIFIED,52.0,rural
ENT_08648,INDIVIDUAL,1500000,VERIFIED,23.0,rural
ENT_08649,INDIVIDUAL,0,VERIFIED,61.0,metro
ENT_08650,INDIVIDUAL,3300000,VERIFIED,33.0,tier2
ENT_08651,INDIVIDUAL,300000,VERIFIED,27.0,metro
ENT_08652,TRUST,4900000,VERIFIED,,rural
ENT_08653,INDIVIDUAL,2600000,VERIFIED,27.0,rural
ENT_08654,TRUST,6400000,VERIFIED,,rural
ENT_08655,INDIVIDUAL,4100000,VERIFIED,39.0,metro
ENT_08656,INDIVIDUAL,0,VERIFIED,51.0,metro
ENT_08657,INDIVIDUAL,8800000,VERIFIED,55.0,metro
ENT_08658,INDIVIDUAL,1400000,VERIFIED,57.0,rural
ENT_08659,INDIVIDUAL,8800000,VERIFIED,48.0,tier2
ENT_08660,INDIVIDUAL,64300000,VERIFIED,43.0,metro
ENT_08661,INDIVIDUAL,31900000,VERIFIED,44.0,tier2
ENT_08662,INDIVIDUAL,9600000,VERIFIED,28.0,metro
ENT_08663,INDIVIDUAL,58200000,VERIFIED,30.0,metro
ENT_08664,INDIVIDUAL,700000,VERIFIED,30.0,tier2
ENT_08665,INDIVIDUAL,0,VERIFIED,27.0,metro
ENT_08666,INDIVIDUAL,9500000,VERIFIED,43.0,metro
ENT_08667,INDIVIDUAL,1300000,VERIFIED,29.0,rural
ENT_08668,BUSINESS,76800000,VERIFIED,,metro
ENT_08669,INDIVIDUAL,7700000,VERIFIED,57.0,metro
ENT_08670,INDIVIDUAL,1100000,VERIFIED,25.0,rural
ENT_08671,BUSINESS,3200000,VERIFIED,,metro
ENT_08672,INDIVIDUAL,5100000,VERIFIED,34.0,metro
ENT_08673,INDIVIDUAL,9600000,VERIFIED,33.0,tier2
ENT_08674,TRUST,88900000,VERIFIED,,rural
ENT_08675,INDIVIDUAL,7400000,VERIFIED,52.0,metro
ENT_08676,INDIVIDUAL,6800000,VERIFIED,52.0,metro
ENT_08677,INDIVIDUAL,8300000,VERIFIED,29.0,tier2
ENT_08678,INDIVIDUAL,900000,VERIFIED,44.0,rural
ENT_08679,BUSINESS,46800000,VERIFIED,,rural
ENT_08680,INDIVIDUAL,4500000,VERIFIED,39.0,tier2
ENT_08681,INDIVIDUAL,300000,VERIFIED,65.0,metro
ENT_08682,INDIVIDUAL,0,VERIFIED,55.0,metro
ENT_08683,INDIVIDUAL,500000,VERIFIED,24.0,tier2
ENT_08684,INDIVIDUAL,800000,VERIFIED,55.0,tier2
ENT_08685,INDIVIDUAL,600000,VERIFIED,25.0,rural
ENT_08686,INDIVIDUAL,900000,VERIFIED,34.0,metro
ENT_08687,INDIVIDUAL,300000,VERIFIED,23.0,rural
ENT_08688,INDIVIDUAL,31300000,VERIFIED,38.0,metro
ENT_08689,BUSINESS,5900000,VERIFIED,,metro
ENT_08690,INDIVIDUAL,0,VERIFIED,42.0,tier2
ENT_08691,INDIVIDUAL,600000,VERIFIED,32.0,metro
ENT_08692,INDIVIDUAL,0,VERIFIED,53.0,rural
ENT_08693,INDIVIDUAL,0,VERIFIED,48.0,metro
ENT_08694,INDIVIDUAL,8400000,VERIFIED,36.0,metro
ENT_08695,BUSINESS,88000000,VERIFIED,,metro
ENT_08696,INDIVIDUAL,1300000,VERIFIED,53.0,metro
ENT_08697,BUSINESS,52200000,VERIFIED,,tier2
ENT_08698,INDIVIDUAL,800000,VERIFIED,28.0,rural
ENT_08699,TRUST,18900000,VERIFIED,,metro
ENT_08700,INDIVIDUAL,700000,VERIFIED,25.0,metro
ENT_08701,BUSINESS,7700000,VERIFIED,,tier2
ENT_08702,INDIVIDUAL,15500000,VERIFIED,43.0,metro
ENT_08703,INDIVIDUAL,0,VERIFIED,36.0,tier2
ENT_08704,TRUST,55000000,VERIFIED,,metro
ENT_08705,INDIVIDUAL,300000,VERIFIED,41.0,metro
ENT_08706,INDIVIDUAL,500000,VERIFIED,63.0,metro
ENT_08707,INDIVIDUAL,96700000,VERIFIED,49.0,tier2
ENT_08708,INDIVIDUAL,900000,VERIFIED,25.0,metro
ENT_08709,INDIVIDUAL,73900000,VERIFIED,63.0,rural
ENT_08710,BUSINESS,6100000,VERIFIED,,rural
ENT_08711,INDIVIDUAL,1000000,VERIFIED,24.0,metro
ENT_08712,TRUST,26600000,VERIFIED,,tier2
ENT_08713,INDIVIDUAL,1500000,VERIFIED,50.0,metro
ENT_08714,INDIVIDUAL,900000,VERIFIED,46.0,metro
ENT_08715,BUSINESS,17600000,VERIFIED,,rural
ENT_08716,INDIVIDUAL,4300000,VERIFIED,23.0,tier2
ENT_08717,BUSINESS,71100000,VERIFIED,,metro
ENT_08718,BUSINESS,7900000,VERIFIED,,metro
ENT_08719,INDIVIDUAL,0,VERIFIED,34.0,metro
ENT_08720,INDIVIDUAL,19200000,VERIFIED,49.0,metro
ENT_08721,BUSINESS,20600000,VERIFIED,,metro
ENT_08722,BUSINESS,6700000,VERIFIED,,metro
ENT_08723,INDIVIDUAL,0,VERIFIED,51.0,tier2
ENT_08724,INDIVIDUAL,300000,VERIFIED,33.0,rural
ENT_08725,INDIVIDUAL,900000,VERIFIED,34.0,metro
ENT_08726,INDIVIDUAL,0,VERIFIED,59.0,rural
ENT_08727,BUSINESS,6100000,VERIFIED,,tier2
ENT_08728,INDIVIDUAL,8000000,VERIFIED,27.0,rural
ENT_08729,INDIVIDUAL,700000,VERIFIED,31.0,metro
ENT_08730,INDIVIDUAL,1300000,VERIFIED,63.0,rural
ENT_08731,INDIVIDUAL,1000000,VERIFIED,38.0,rural
ENT_08732,INDIVIDUAL,24700000,VERIFIED,35.0,rural
ENT_08733,INDIVIDUAL,300000,VERIFIED,59.0,metro
ENT_08734,TRUST,2000000,VERIFIED,,metro
ENT_08735,INDIVIDUAL,600000,VERIFIED,51.0,rural
ENT_08736,BUSINESS,9000000,VERIFIED,,tier2
ENT_08737,INDIVIDUAL,1400000,VERIFIED,45.0,metro
ENT_08738,INDIVIDUAL,7300000,VERIFIED,36.0,metro
ENT_08739,INDIVIDUAL,3900000,VERIFIED,24.0,rural
ENT_08740,INDIVIDUAL,1500000,VERIFIED,38.0,metro
ENT_08741,INDIVIDUAL,700000,VERIFIED,24.0,metro
ENT_08742,BUSINESS,3800000,VERIFIED,,tier2
ENT_08743,INDIVIDUAL,1500000,VERIFIED,33.0,tier2
ENT_08744,INDIVIDUAL,0,VERIFIED,49.0,tier2
ENT_08745,BUSINESS,64800000,VERIFIED,,metro
ENT_08746,BUSINESS,86500000,VERIFIED,,metro
ENT_08747,INDIVIDUAL,7700000,VERIFIED,32.0,rural
ENT_08748,INDIVIDUAL,5100000,VERIFIED,58.0,rural
ENT_08749,INDIVIDUAL,700000,VERIFIED,49.0,metro
ENT_08750,INDIVIDUAL,1300000,VERIFIED,59.0,rural
ENT_08751,INDIVIDUAL,1200000,VERIFIED,48.0,metro
ENT_08752,INDIVIDUAL,5600000,VERIFIED,27.0,rural
ENT_08753,INDIVIDUAL,1300000,VERIFIED,62.0,metro
ENT_08754,BUSINESS,8200000,VERIFIED,,metro
ENT_08755,INDIVIDUAL,21800000,VERIFIED,51.0,metro
ENT_08756,INDIVIDUAL,6700000,VERIFIED,35.0,tier2
ENT_08757,INDIVIDUAL,1200000,VERIFIED,19.0,metro
ENT_08758,INDIVIDUAL,13300000,VERIFIED,56.0,metro
ENT_08759,BUSINESS,7700000,VERIFIED,,metro
ENT_08760,INDIVIDUAL,1100000,VERIFIED,21.0,metro
ENT_08761,INDIVIDUAL,8700000,VERIFIED,58.0,rural
ENT_08762,INDIVIDUAL,1300000,VERIFIED,24.0,metro
ENT_08763,INDIVIDUAL,1500000,VERIFIED,62.0,tier2
ENT_08764,BUSINESS,28100000,VERIFIED,,tier2
ENT_08765,INDIVIDUAL,8800000,VERIFIED,19.0,tier2
ENT_08766,INDIVIDUAL,9300000,VERIFIED,21.0,metro
ENT_08767,INDIVIDUAL,0,VERIFIED,25.0,metro
ENT_08768,INDIVIDUAL,1200000,VERIFIED,39.0,tier2
ENT_08769,BUSINESS,3600000,VERIFIED,,metro
ENT_08770,INDIVIDUAL,1000000,VERIFIED,49.0,metro
ENT_08771,INDIVIDUAL,3700000,VERIFIED,51.0,rural
ENT_08772,BUSINESS,6400000,VERIFIED,,metro
ENT_08773,INDIVIDUAL,700000,VERIFIED,23.0,metro
ENT_08774,INDIVIDUAL,1400000,VERIFIED,49.0,metro
ENT_08775,INDIVIDUAL,3900000,VERIFIED,62.0,metro
ENT_08776,INDIVIDUAL,20300000,VERIFIED,61.0,rural
ENT_08777,INDIVIDUAL,0,VERIFIED,34.0,metro
ENT_08778,INDIVIDUAL,1000000,VERIFIED,34.0,metro
ENT_08779,INDIVIDUAL,1200000,VERIFIED,63.0,tier2
ENT_08780,INDIVIDUAL,0,VERIFIED,60.0,metro
ENT_08781,INDIVIDUAL,5200000,VERIFIED,32.0,rural
ENT_08782,BUSINESS,8300000,VERIFIED,,metro
ENT_08783,INDIVIDUAL,8000000,VERIFIED,49.0,metro
ENT_08784,BUSINESS,6000000,VERIFIED,,metro
ENT_08785,INDIVIDUAL,1000000,VERIFIED,55.0,metro
ENT_08786,INDIVIDUAL,9000000,VERIFIED,24.0,metro
ENT_08787,INDIVIDUAL,23000000,VERIFIED,55.0,metro
ENT_08788,INDIVIDUAL,1300000,VERIFIED,58.0,metro
ENT_08789,INDIVIDUAL,0,VERIFIED,19.0,metro
ENT_08790,INDIVIDUAL,79200000,VERIFIED,20.0,metro
ENT_08791,INDIVIDUAL,38500000,VERIFIED,51.0,rural
ENT_08792,BUSINESS,3100000,VERIFIED,,metro
ENT_08793,BUSINESS,3100000,VERIFIED,,rural
ENT_08794,INDIVIDUAL,7700000,VERIFIED,38.0,rural
ENT_08795,BUSINESS,31200000,VERIFIED,,tier2
ENT_08796,BUSINESS,7700000,VERIFIED,,rural
ENT_08797,INDIVIDUAL,1100000,VERIFIED,31.0,metro
ENT_08798,INDIVIDUAL,400000,VERIFIED,45.0,rural
ENT_08799,INDIVIDUAL,900000,VERIFIED,59.0,metro
ENT_08800,INDIVIDUAL,71000000,VERIFIED,31.0,metro
ENT_08801,INDIVIDUAL,1900000,VERIFIED,46.0,rural
ENT_08802,INDIVIDUAL,7900000,VERIFIED,53.0,tier2
ENT_08803,BUSINESS,6600000,VERIFIED,,tier2
ENT_08804,TRUST,7900000,VERIFIED,,metro
ENT_08805,INDIVIDUAL,300000,VERIFIED,60.0,metro
ENT_08806,INDIVIDUAL,800000,VERIFIED,38.0,metro
ENT_08807,INDIVIDUAL,300000,VERIFIED,18.0,metro
ENT_08808,INDIVIDUAL,1300000,VERIFIED,50.0,tier2
ENT_08809,BUSINESS,9500000,VERIFIED,,metro
ENT_08810,INDIVIDUAL,3200000,VERIFIED,54.0,tier2
ENT_08811,INDIVIDUAL,15900000,VERIFIED,26.0,tier2
ENT_08812,INDIVIDUAL,1200000,VERIFIED,53.0,tier2
ENT_08813,TRUST,32400000,VERIFIED,,metro
ENT_08814,TRUST,20200000,VERIFIED,,metro
ENT_08815,BUSINESS,1400000,VERIFIED,,metro
ENT_08816,INDIVIDUAL,1300000,VERIFIED,49.0,metro
ENT_08817,BUSINESS,3900000,VERIFIED,,metro
ENT_08818,INDIVIDUAL,83500000,VERIFIED,45.0,tier2
ENT_08819,TRUST,44500000,VERIFIED,,tier2
ENT_08820,INDIVIDUAL,600000,VERIFIED,64.0,metro
ENT_08821,INDIVIDUAL,3900000,VERIFIED,49.0,metro
ENT_08822,INDIVIDUAL,1500000,VERIFIED,31.0,metro
ENT_08823,INDIVIDUAL,900000,VERIFIED,24.0,rural
ENT_08824,INDIVIDUAL,1100000,VERIFIED,36.0,rural
ENT_08825,INDIVIDUAL,1000000,VERIFIED,27.0,rural
ENT_08826,INDIVIDUAL,6700000,VERIFIED,62.0,metro
ENT_08827,INDIVIDUAL,7100000,VERIFIED,33.0,metro
ENT_08828,BUSINESS,6400000,VERIFIED,,rural
ENT_08829,BUSINESS,5200000,VERIFIED,,tier2
ENT_08830,INDIVIDUAL,6600000,VERIFIED,57.0,tier2
ENT_08831,INDIVIDUAL,3000000,VERIFIED,65.0,tier2
ENT_08832,INDIVIDUAL,1300000,VERIFIED,56.0,metro
ENT_08833,INDIVIDUAL,9900000,VERIFIED,38.0,metro
ENT_08834,TRUST,65200000,VERIFIED,,rural
ENT_08835,BUSINESS,42900000,VERIFIED,,metro
ENT_08836,TRUST,6700000,VERIFIED,,metro
ENT_08837,TRUST,36600000,VERIFIED,,metro
ENT_08838,TRUST,5700000,VERIFIED,,rural
ENT_08839,INDIVIDUAL,1500000,VERIFIED,35.0,metro
ENT_08840,INDIVIDUAL,0,VERIFIED,64.0,metro
ENT_08841,INDIVIDUAL,1400000,VERIFIED,56.0,tier2
ENT_08842,INDIVIDUAL,17300000,VERIFIED,32.0,rural
ENT_08843,BUSINESS,5400000,VERIFIED,,tier2
ENT_08844,INDIVIDUAL,1000000,VERIFIED,19.0,tier2
ENT_08845,BUSINESS,54300000,VERIFIED,,metro
ENT_08846,INDIVIDUAL,0,VERIFIED,21.0,metro
ENT_08847,BUSINESS,83000000,VERIFIED,,metro
ENT_08848,BUSINESS,49400000,VERIFIED,,tier2
ENT_08849,INDIVIDUAL,7800000,VERIFIED,46.0,metro
ENT_08850,INDIVIDUAL,0,VERIFIED,53.0,tier2
ENT_08851,INDIVIDUAL,900000,VERIFIED,26.0,metro
ENT_08852,INDIVIDUAL,0,VERIFIED,30.0,tier2
ENT_08853,INDIVIDUAL,2000000,VERIFIED,23.0,rural
ENT_08854,INDIVIDUAL,2300000,VERIFIED,42.0,metro
ENT_08855,INDIVIDUAL,1100000,VERIFIED,61.0,metro
ENT_08856,INDIVIDUAL,4900000,VERIFIED,33.0,metro
ENT_08857,BUSINESS,7300000,VERIFIED,,metro
ENT_08858,INDIVIDUAL,7100000,VERIFIED,48.0,rural
ENT_08859,TRUST,2200000,VERIFIED,,tier2
ENT_08860,INDIVIDUAL,3000000,VERIFIED,62.0,metro
ENT_08861,INDIVIDUAL,300000,VERIFIED,28.0,metro
ENT_08862,TRUST,39900000,VERIFIED,,metro
ENT_08863,INDIVIDUAL,1500000,VERIFIED,59.0,tier2
ENT_08864,BUSINESS,18600000,VERIFIED,,rural
ENT_08865,INDIVIDUAL,1500000,VERIFIED,22.0,rural
ENT_08866,BUSINESS,74700000,VERIFIED,,metro
ENT_08867,BUSINESS,88500000,VERIFIED,,metro
ENT_08868,INDIVIDUAL,3000000,VERIFIED,55.0,metro
ENT_08869,INDIVIDUAL,19400000,VERIFIED,63.0,rural
ENT_08870,BUSINESS,12000000,VERIFIED,,rural
ENT_08871,INDIVIDUAL,800000,VERIFIED,52.0,metro
ENT_08872,INDIVIDUAL,8400000,VERIFIED,27.0,tier2
ENT_08873,INDIVIDUAL,7400000,VERIFIED,49.0,tier2
ENT_08874,INDIVIDUAL,600000,VERIFIED,48.0,metro
ENT_08875,INDIVIDUAL,6300000,VERIFIED,34.0,rural
ENT_08876,INDIVIDUAL,1100000,VERIFIED,20.0,metro
ENT_08877,INDIVIDUAL,400000,VERIFIED,54.0,metro
ENT_08878,INDIVIDUAL,500000,VERIFIED,52.0,tier2
ENT_08879,INDIVIDUAL,1000000,VERIFIED,45.0,metro
ENT_08880,TRUST,8500000,VERIFIED,,metro
ENT_08881,INDIVIDUAL,900000,VERIFIED,34.0,metro
ENT_08882,INDIVIDUAL,3600000,VERIFIED,25.0,metro
ENT_08883,BUSINESS,7700000,VERIFIED,,tier2
ENT_08884,INDIVIDUAL,5000000,VERIFIED,54.0,metro
ENT_08885,INDIVIDUAL,6500000,VERIFIED,64.0,tier2
ENT_08886,INDIVIDUAL,9300000,VERIFIED,60.0,rural
ENT_08887,INDIVIDUAL,0,VERIFIED,37.0,rural
ENT_08888,INDIVIDUAL,1000000,VERIFIED,25.0,metro
ENT_08889,INDIVIDUAL,1000000,VERIFIED,21.0,metro
ENT_08890,INDIVIDUAL,11800000,VERIFIED,62.0,metro
ENT_08891,INDIVIDUAL,1200000,VERIFIED,36.0,metro
ENT_08892,BUSINESS,56900000,VERIFIED,,rural
ENT_08893,INDIVIDUAL,1300000,VERIFIED,31.0,metro
ENT_08894,BUSINESS,46500000,VERIFIED,,metro
ENT_08895,INDIVIDUAL,7000000,VERIFIED,42.0,rural
ENT_08896,BUSINESS,4000000,VERIFIED,,rural
ENT_08897,INDIVIDUAL,10300000,VERIFIED,63.0,rural
ENT_08898,INDIVIDUAL,44900000,VERIFIED,31.0,tier2
ENT_08899,INDIVIDUAL,1400000,VERIFIED,48.0,metro
ENT_08900,INDIVIDUAL,2800000,VERIFIED,48.0,metro
ENT_08901,INDIVIDUAL,8100000,VERIFIED,49.0,metro
ENT_08902,INDIVIDUAL,4400000,VERIFIED,28.0,tier2
ENT_08903,INDIVIDUAL,900000,VERIFIED,19.0,metro
ENT_08904,BUSINESS,9100000,VERIFIED,,metro
ENT_08905,INDIVIDUAL,4900000,VERIFIED,34.0,tier2
ENT_08906,INDIVIDUAL,4600000,VERIFIED,30.0,tier2
ENT_08907,INDIVIDUAL,71700000,VERIFIED,43.0,rural
ENT_08908,INDIVIDUAL,1000000,VERIFIED,47.0,tier2
ENT_08909,INDIVIDUAL,400000,VERIFIED,44.0,rural
ENT_08910,INDIVIDUAL,0,VERIFIED,25.0,metro
ENT_08911,BUSINESS,12200000,VERIFIED,,rural
ENT_08912,INDIVIDUAL,5300000,VERIFIED,56.0,metro
ENT_08913,INDIVIDUAL,400000,VERIFIED,40.0,metro
ENT_08914,INDIVIDUAL,0,VERIFIED,57.0,tier2
ENT_08915,INDIVIDUAL,300000,VERIFIED,19.0,tier2
ENT_08916,INDIVIDUAL,4900000,VERIFIED,65.0,tier2
ENT_08917,INDIVIDUAL,59100000,VERIFIED,37.0,metro
ENT_08918,BUSINESS,4500000,VERIFIED,,tier2
ENT_08919,INDIVIDUAL,0,VERIFIED,62.0,metro
ENT_08920,INDIVIDUAL,1200000,VERIFIED,57.0,metro
ENT_08921,INDIVIDUAL,700000,VERIFIED,44.0,rural
ENT_08922,INDIVIDUAL,0,VERIFIED,24.0,tier2
ENT_08923,INDIVIDUAL,19600000,VERIFIED,34.0,metro
ENT_08924,INDIVIDUAL,400000,VERIFIED,59.0,metro
ENT_08925,BUSINESS,5700000,VERIFIED,,tier2
ENT_08926,INDIVIDUAL,900000,VERIFIED,59.0,tier2
ENT_08927,INDIVIDUAL,4700000,VERIFIED,30.0,tier2
ENT_08928,INDIVIDUAL,1300000,VERIFIED,65.0,rural
ENT_08929,INDIVIDUAL,1100000,VERIFIED,37.0,metro
ENT_08930,INDIVIDUAL,700000,VERIFIED,58.0,tier2
ENT_08931,INDIVIDUAL,0,VERIFIED,33.0,metro
ENT_08932,TRUST,58600000,VERIFIED,,tier2
ENT_08933,INDIVIDUAL,0,VERIFIED,47.0,tier2
ENT_08934,BUSINESS,14700000,VERIFIED,,rural
ENT_08935,INDIVIDUAL,900000,VERIFIED,46.0,tier2
ENT_08936,INDIVIDUAL,9300000,VERIFIED,58.0,metro
ENT_08937,INDIVIDUAL,9800000,VERIFIED,47.0,metro
ENT_08938,TRUST,70300000,VERIFIED,,rural
ENT_08939,INDIVIDUAL,7700000,VERIFIED,54.0,rural
ENT_08940,BUSINESS,7700000,VERIFIED,,rural
ENT_08941,INDIVIDUAL,7100000,VERIFIED,34.0,metro
ENT_08942,INDIVIDUAL,18500000,VERIFIED,21.0,metro
ENT_08943,INDIVIDUAL,3100000,VERIFIED,56.0,metro
ENT_08944,INDIVIDUAL,5000000,VERIFIED,29.0,rural
ENT_08945,INDIVIDUAL,7200000,VERIFIED,32.0,metro
ENT_08946,INDIVIDUAL,700000,VERIFIED,19.0,metro
ENT_08947,INDIVIDUAL,0,VERIFIED,24.0,tier2
ENT_08948,INDIVIDUAL,4500000,VERIFIED,33.0,tier2
ENT_08949,INDIVIDUAL,0,VERIFIED,29.0,metro
ENT_08950,INDIVIDUAL,39800000,VERIFIED,57.0,metro
ENT_08951,BUSINESS,8400000,VERIFIED,,metro
ENT_08952,INDIVIDUAL,0,VERIFIED,23.0,metro
ENT_08953,INDIVIDUAL,700000,VERIFIED,41.0,metro
ENT_08954,BUSINESS,3800000,VERIFIED,,metro
ENT_08955,INDIVIDUAL,1800000,VERIFIED,60.0,tier2
ENT_08956,INDIVIDUAL,1000000,VERIFIED,41.0,metro
ENT_08957,INDIVIDUAL,600000,VERIFIED,18.0,metro
ENT_08958,INDIVIDUAL,97000000,VERIFIED,46.0,metro
ENT_08959,INDIVIDUAL,7100000,VERIFIED,58.0,tier2
ENT_08960,INDIVIDUAL,1000000,VERIFIED,24.0,tier2
ENT_08961,BUSINESS,26000000,VERIFIED,,metro
ENT_08962,INDIVIDUAL,3000000,VERIFIED,28.0,rural
ENT_08963,INDIVIDUAL,300000,VERIFIED,44.0,metro
ENT_08964,INDIVIDUAL,1400000,VERIFIED,55.0,metro
ENT_08965,INDIVIDUAL,1300000,VERIFIED,38.0,rural
ENT_08966,TRUST,65500000,VERIFIED,,tier2
ENT_08967,BUSINESS,1800000,VERIFIED,,rural
ENT_08968,INDIVIDUAL,0,VERIFIED,20.0,rural
ENT_08969,INDIVIDUAL,0,VERIFIED,38.0,tier2
ENT_08970,BUSINESS,72500000,VERIFIED,,rural
ENT_08971,BUSINESS,15900000,VERIFIED,,rural
ENT_08972,INDIVIDUAL,1500000,VERIFIED,30.0,tier2
ENT_08973,INDIVIDUAL,1500000,VERIFIED,49.0,rural
ENT_08974,INDIVIDUAL,800000,VERIFIED,34.0,rural
ENT_08975,BUSINESS,5000000,VERIFIED,,metro
ENT_08976,INDIVIDUAL,500000,VERIFIED,37.0,metro
ENT_08977,INDIVIDUAL,0,VERIFIED,55.0,rural
ENT_08978,INDIVIDUAL,6300000,VERIFIED,25.0,tier2
ENT_08979,INDIVIDUAL,700000,VERIFIED,24.0,tier2
ENT_08980,INDIVIDUAL,2300000,VERIFIED,25.0,metro
ENT_08981,INDIVIDUAL,5800000,VERIFIED,21.0,metro
ENT_08982,INDIVIDUAL,68100000,VERIFIED,49.0,tier2
ENT_08983,BUSINESS,14300000,VERIFIED,,tier2
ENT_08984,INDIVIDUAL,5800000,VERIFIED,38.0,rural
ENT_08985,INDIVIDUAL,2100000,VERIFIED,37.0,rural
ENT_08986,INDIVIDUAL,700000,VERIFIED,27.0,tier2
ENT_08987,INDIVIDUAL,7700000,VERIFIED,52.0,metro
ENT_08988,INDIVIDUAL,0,VERIFIED,39.0,rural
ENT_08989,INDIVIDUAL,9400000,VERIFIED,44.0,rural
ENT_08990,BUSINESS,99800000,VERIFIED,,tier2
ENT_08991,TRUST,4200000,VERIFIED,,metro
ENT_08992,INDIVIDUAL,2400000,VERIFIED,36.0,metro
ENT_08993,BUSINESS,77500000,VERIFIED,,tier2
ENT_08994,INDIVIDUAL,0,VERIFIED,45.0,tier2
ENT_08995,BUSINESS,69000000,VERIFIED,,metro
ENT_08996,INDIVIDUAL,1400000,VERIFIED,59.0,tier2
ENT_08997,INDIVIDUAL,9700000,VERIFIED,21.0,metro
ENT_08998,INDIVIDUAL,400000,VERIFIED,38.0,metro
ENT_08999,INDIVIDUAL,400000,VERIFIED,62.0,rural
ENT_09000,INDIVIDUAL,2400000,VERIFIED,63.0,tier2
ENT_09001,BUSINESS,58400000,VERIFIED,,tier2
ENT_09002,INDIVIDUAL,800000,VERIFIED,41.0,metro
ENT_09003,INDIVIDUAL,7100000,VERIFIED,48.0,tier2
ENT_09004,INDIVIDUAL,1400000,VERIFIED,23.0,tier2
ENT_09005,INDIVIDUAL,8000000,VERIFIED,32.0,metro
ENT_09006,BUSINESS,9100000,VERIFIED,,tier2
ENT_09007,INDIVIDUAL,1000000,VERIFIED,29.0,tier2
ENT_09008,INDIVIDUAL,3500000,VERIFIED,45.0,rural
ENT_09009,INDIVIDUAL,90300000,VERIFIED,62.0,metro
ENT_09010,INDIVIDUAL,3100000,VERIFIED,61.0,tier2
ENT_09011,INDIVIDUAL,4400000,VERIFIED,36.0,tier2
ENT_09012,INDIVIDUAL,8500000,VERIFIED,65.0,rural
ENT_09013,TRUST,3200000,VERIFIED,,tier2
ENT_09014,INDIVIDUAL,2600000,VERIFIED,21.0,tier2
ENT_09015,INDIVIDUAL,8100000,VERIFIED,52.0,metro
ENT_09016,INDIVIDUAL,1400000,VERIFIED,22.0,rural
ENT_09017,BUSINESS,9300000,VERIFIED,,metro
ENT_09018,INDIVIDUAL,0,VERIFIED,41.0,rural
ENT_09019,INDIVIDUAL,8900000,VERIFIED,24.0,metro
ENT_09020,INDIVIDUAL,1900000,VERIFIED,45.0,tier2
ENT_09021,INDIVIDUAL,5400000,VERIFIED,52.0,rural
ENT_09022,BUSINESS,97600000,VERIFIED,,rural
ENT_09023,INDIVIDUAL,900000,VERIFIED,50.0,metro
ENT_09024,BUSINESS,3200000,VERIFIED,,metro
ENT_09025,INDIVIDUAL,0,VERIFIED,53.0,rural
ENT_09026,BUSINESS,11800000,VERIFIED,,tier2
ENT_09027,INDIVIDUAL,93900000,VERIFIED,31.0,rural
ENT_09028,BUSINESS,19900000,VERIFIED,,rural
ENT_09029,INDIVIDUAL,700000,VERIFIED,25.0,tier2
ENT_09030,TRUST,49800000,VERIFIED,,metro
ENT_09031,INDIVIDUAL,600000,VERIFIED,63.0,tier2
ENT_09032,INDIVIDUAL,300000,VERIFIED,18.0,metro
ENT_09033,INDIVIDUAL,5000000,VERIFIED,59.0,tier2
ENT_09034,INDIVIDUAL,9900000,VERIFIED,58.0,metro
ENT_09035,INDIVIDUAL,1300000,VERIFIED,33.0,metro
ENT_09036,INDIVIDUAL,0,VERIFIED,36.0,metro
ENT_09037,INDIVIDUAL,0,VERIFIED,38.0,tier2
ENT_09038,BUSINESS,11500000,VERIFIED,,metro
ENT_09039,INDIVIDUAL,3000000,VERIFIED,47.0,metro
ENT_09040,INDIVIDUAL,10400000,VERIFIED,61.0,rural
ENT_09041,INDIVIDUAL,91400000,VERIFIED,21.0,rural
ENT_09042,INDIVIDUAL,5100000,VERIFIED,49.0,metro
ENT_09043,INDIVIDUAL,62000000,VERIFIED,18.0,tier2
ENT_09044,INDIVIDUAL,900000,VERIFIED,28.0,tier2
ENT_09045,INDIVIDUAL,6600000,VERIFIED,28.0,metro
ENT_09046,INDIVIDUAL,0,VERIFIED,62.0,metro
ENT_09047,INDIVIDUAL,0,VERIFIED,41.0,rural
ENT_09048,INDIVIDUAL,700000,VERIFIED,47.0,metro
ENT_09049,BUSINESS,78800000,VERIFIED,,tier2
ENT_09050,INDIVIDUAL,0,VERIFIED,41.0,metro
ENT_09051,TRUST,7700000,VERIFIED,,tier2
ENT_09052,INDIVIDUAL,0,VERIFIED,65.0,metro
ENT_09053,INDIVIDUAL,1400000,VERIFIED,18.0,metro
ENT_09054,INDIVIDUAL,0,VERIFIED,35.0,tier2
ENT_09055,INDIVIDUAL,1200000,VERIFIED,56.0,rural
ENT_09056,INDIVIDUAL,2900000,VERIFIED,48.0,metro
ENT_09057,INDIVIDUAL,5800000,VERIFIED,53.0,tier2
ENT_09058,BUSINESS,7500000,VERIFIED,,metro
ENT_09059,INDIVIDUAL,0,VERIFIED,27.0,tier2
ENT_09060,INDIVIDUAL,300000,VERIFIED,42.0,rural
ENT_09061,INDIVIDUAL,1500000,VERIFIED,20.0,metro
ENT_09062,INDIVIDUAL,2500000,VERIFIED,31.0,metro
ENT_09063,INDIVIDUAL,400000,VERIFIED,26.0,tier2
ENT_09064,INDIVIDUAL,8200000,VERIFIED,32.0,rural
ENT_09065,INDIVIDUAL,600000,VERIFIED,45.0,metro
ENT_09066,TRUST,2000000,VERIFIED,,tier2
ENT_09067,BUSINESS,48100000,VERIFIED,,rural
ENT_09068,INDIVIDUAL,300000,VERIFIED,52.0,tier2
ENT_09069,TRUST,81800000,VERIFIED,,metro
ENT_09070,INDIVIDUAL,64600000,VERIFIED,46.0,tier2
ENT_09071,INDIVIDUAL,3900000,VERIFIED,33.0,rural
ENT_09072,INDIVIDUAL,300000,VERIFIED,35.0,metro
ENT_09073,BUSINESS,9800000,VERIFIED,,tier2
ENT_09074,INDIVIDUAL,1300000,VERIFIED,54.0,metro
ENT_09075,INDIVIDUAL,1200000,VERIFIED,64.0,tier2
ENT_09076,INDIVIDUAL,0,VERIFIED,18.0,metro
ENT_09077,INDIVIDUAL,7900000,VERIFIED,45.0,rural
ENT_09078,INDIVIDUAL,300000,VERIFIED,49.0,tier2
ENT_09079,INDIVIDUAL,6900000,VERIFIED,38.0,metro
ENT_09080,INDIVIDUAL,900000,VERIFIED,30.0,metro
ENT_09081,INDIVIDUAL,1000000,VERIFIED,30.0,tier2
ENT_09082,BUSINESS,3500000,VERIFIED,,metro
ENT_09083,BUSINESS,2100000,VERIFIED,,tier2
ENT_09084,TRUST,57500000,VERIFIED,,metro
ENT_09085,INDIVIDUAL,400000,VERIFIED,51.0,tier2
ENT_09086,INDIVIDUAL,1200000,VERIFIED,50.0,tier2
ENT_09087,BUSINESS,95900000,VERIFIED,,metro
ENT_09088,INDIVIDUAL,80200000,VERIFIED,29.0,tier2
ENT_09089,INDIVIDUAL,7900000,VERIFIED,54.0,metro
ENT_09090,INDIVIDUAL,6100000,VERIFIED,50.0,tier2
ENT_09091,INDIVIDUAL,3000000,VERIFIED,49.0,tier2
ENT_09092,INDIVIDUAL,5700000,VERIFIED,28.0,tier2
ENT_09093,INDIVIDUAL,300000,VERIFIED,45.0,tier2
ENT_09094,INDIVIDUAL,500000,VERIFIED,28.0,tier2
ENT_09095,INDIVIDUAL,6800000,VERIFIED,56.0,metro
ENT_09096,INDIVIDUAL,0,VERIFIED,21.0,tier2
ENT_09097,INDIVIDUAL,8900000,VERIFIED,52.0,rural
ENT_09098,INDIVIDUAL,4200000,VERIFIED,51.0,rural
ENT_09099,INDIVIDUAL,0,VERIFIED,35.0,rural
ENT_09100,INDIVIDUAL,900000,VERIFIED,38.0,tier2
ENT_09101,BUSINESS,5900000,VERIFIED,,metro
ENT_09102,INDIVIDUAL,0,VERIFIED,50.0,tier2
ENT_09103,INDIVIDUAL,1400000,VERIFIED,44.0,metro
ENT_09104,INDIVIDUAL,8300000,VERIFIED,48.0,tier2
ENT_09105,INDIVIDUAL,7700000,VERIFIED,49.0,tier2
ENT_09106,INDIVIDUAL,6600000,VERIFIED,51.0,metro
ENT_09107,TRUST,6600000,VERIFIED,,metro
ENT_09108,INDIVIDUAL,7700000,VERIFIED,51.0,metro
ENT_09109,INDIVIDUAL,5200000,VERIFIED,38.0,metro
ENT_09110,TRUST,30500000,VERIFIED,,tier2
ENT_09111,INDIVIDUAL,400000,VERIFIED,48.0,tier2
ENT_09112,INDIVIDUAL,1000000,VERIFIED,56.0,tier2
ENT_09113,TRUST,2400000,VERIFIED,,metro
ENT_09114,INDIVIDUAL,1400000,VERIFIED,20.0,metro
ENT_09115,BUSINESS,23800000,VERIFIED,,metro
ENT_09116,INDIVIDUAL,0,VERIFIED,46.0,tier2
ENT_09117,INDIVIDUAL,300000,VERIFIED,25.0,metro
ENT_09118,INDIVIDUAL,900000,VERIFIED,26.0,metro
ENT_09119,INDIVIDUAL,1300000,VERIFIED,38.0,rural
ENT_09120,INDIVIDUAL,800000,VERIFIED,60.0,rural
ENT_09121,INDIVIDUAL,1500000,VERIFIED,45.0,metro
ENT_09122,INDIVIDUAL,1200000,VERIFIED,21.0,rural
ENT_09123,INDIVIDUAL,53000000,VERIFIED,48.0,tier2
ENT_09124,INDIVIDUAL,2200000,VERIFIED,38.0,rural
ENT_09125,INDIVIDUAL,500000,VERIFIED,46.0,tier2
ENT_09126,BUSINESS,4000000,VERIFIED,,tier2
ENT_09127,BUSINESS,24100000,VERIFIED,,metro
ENT_09128,INDIVIDUAL,1300000,VERIFIED,50.0,tier2
ENT_09129,INDIVIDUAL,900000,VERIFIED,23.0,metro
ENT_09130,INDIVIDUAL,700000,VERIFIED,59.0,tier2
ENT_09131,INDIVIDUAL,1000000,VERIFIED,59.0,rural
ENT_09132,INDIVIDUAL,8400000,VERIFIED,28.0,metro
ENT_09133,INDIVIDUAL,1000000,VERIFIED,59.0,metro
ENT_09134,INDIVIDUAL,0,VERIFIED,45.0,metro
ENT_09135,INDIVIDUAL,300000,VERIFIED,55.0,tier2
ENT_09136,INDIVIDUAL,1400000,VERIFIED,54.0,rural
ENT_09137,INDIVIDUAL,0,VERIFIED,24.0,metro
ENT_09138,INDIVIDUAL,5100000,VERIFIED,37.0,metro
ENT_09139,INDIVIDUAL,1400000,VERIFIED,21.0,metro
ENT_09140,BUSINESS,23300000,VERIFIED,,tier2
ENT_09141,BUSINESS,1000000,VERIFIED,,rural
ENT_09142,INDIVIDUAL,2600000,VERIFIED,39.0,tier2
ENT_09143,INDIVIDUAL,6800000,VERIFIED,61.0,rural
ENT_09144,INDIVIDUAL,600000,VERIFIED,28.0,metro
ENT_09145,TRUST,68300000,VERIFIED,,rural
ENT_09146,INDIVIDUAL,1300000,VERIFIED,52.0,tier2
ENT_09147,INDIVIDUAL,98500000,VERIFIED,25.0,rural
ENT_09148,INDIVIDUAL,4200000,VERIFIED,18.0,tier2
ENT_09149,INDIVIDUAL,51600000,VERIFIED,35.0,metro
ENT_09150,TRUST,35100000,VERIFIED,,metro
ENT_09151,INDIVIDUAL,1300000,VERIFIED,44.0,metro
ENT_09152,BUSINESS,16200000,VERIFIED,,rural
ENT_09153,TRUST,78800000,VERIFIED,,rural
ENT_09154,INDIVIDUAL,11500000,VERIFIED,28.0,tier2
ENT_09155,INDIVIDUAL,3400000,VERIFIED,63.0,rural
ENT_09156,BUSINESS,45100000,VERIFIED,,metro
ENT_09157,INDIVIDUAL,5000000,VERIFIED,54.0,rural
ENT_09158,INDIVIDUAL,400000,VERIFIED,61.0,metro
ENT_09159,INDIVIDUAL,64200000,VERIFIED,65.0,tier2
ENT_09160,BUSINESS,2200000,VERIFIED,,metro
ENT_09161,BUSINESS,9400000,VERIFIED,,metro
ENT_09162,TRUST,56800000,VERIFIED,,tier2
ENT_09163,INDIVIDUAL,3900000,VERIFIED,32.0,tier2
ENT_09164,TRUST,45300000,VERIFIED,,tier2
ENT_09165,INDIVIDUAL,61000000,VERIFIED,62.0,tier2
ENT_09166,INDIVIDUAL,4700000,VERIFIED,48.0,rural
ENT_09167,INDIVIDUAL,6000000,VERIFIED,64.0,metro
ENT_09168,INDIVIDUAL,1500000,VERIFIED,65.0,rural
ENT_09169,INDIVIDUAL,2300000,VERIFIED,54.0,tier2
ENT_09170,INDIVIDUAL,9400000,VERIFIED,22.0,metro
ENT_09171,INDIVIDUAL,700000,VERIFIED,36.0,rural
ENT_09172,INDIVIDUAL,1200000,VERIFIED,33.0,metro
ENT_09173,INDIVIDUAL,500000,VERIFIED,50.0,metro
ENT_09174,INDIVIDUAL,1200000,VERIFIED,48.0,rural
ENT_09175,INDIVIDUAL,88400000,VERIFIED,29.0,metro
ENT_09176,INDIVIDUAL,0,VERIFIED,59.0,metro
ENT_09177,INDIVIDUAL,5600000,VERIFIED,51.0,tier2
ENT_09178,INDIVIDUAL,5400000,VERIFIED,42.0,metro
ENT_09179,INDIVIDUAL,1500000,VERIFIED,32.0,metro
ENT_09180,BUSINESS,80800000,VERIFIED,,metro
ENT_09181,INDIVIDUAL,1300000,VERIFIED,31.0,metro
ENT_09182,INDIVIDUAL,8800000,VERIFIED,59.0,metro
ENT_09183,INDIVIDUAL,1400000,VERIFIED,59.0,rural
ENT_09184,BUSINESS,31400000,VERIFIED,,rural
ENT_09185,INDIVIDUAL,1100000,VERIFIED,28.0,metro
ENT_09186,INDIVIDUAL,0,VERIFIED,43.0,metro
ENT_09187,INDIVIDUAL,62300000,VERIFIED,23.0,metro
ENT_09188,INDIVIDUAL,1100000,VERIFIED,50.0,tier2
ENT_09189,INDIVIDUAL,6800000,VERIFIED,21.0,metro
ENT_09190,INDIVIDUAL,0,VERIFIED,19.0,tier2
ENT_09191,BUSINESS,23300000,VERIFIED,,metro
ENT_09192,INDIVIDUAL,500000,VERIFIED,34.0,tier2
ENT_09193,BUSINESS,2600000,VERIFIED,,metro
ENT_09194,INDIVIDUAL,0,VERIFIED,49.0,tier2
ENT_09195,INDIVIDUAL,1500000,VERIFIED,48.0,tier2
ENT_09196,TRUST,6600000,VERIFIED,,tier2
ENT_09197,INDIVIDUAL,800000,VERIFIED,28.0,tier2
ENT_09198,INDIVIDUAL,8900000,VERIFIED,45.0,rural
ENT_09199,INDIVIDUAL,2300000,VERIFIED,51.0,metro
ENT_09200,INDIVIDUAL,1300000,VERIFIED,55.0,tier2
ENT_09201,INDIVIDUAL,5600000,VERIFIED,46.0,rural
ENT_09202,BUSINESS,6100000,VERIFIED,,rural
ENT_09203,INDIVIDUAL,0,VERIFIED,44.0,rural
ENT_09204,INDIVIDUAL,1400000,VERIFIED,54.0,metro
ENT_09205,INDIVIDUAL,1500000,VERIFIED,52.0,rural
ENT_09206,TRUST,75800000,VERIFIED,,metro
ENT_09207,INDIVIDUAL,17200000,VERIFIED,59.0,metro
ENT_09208,BUSINESS,9200000,VERIFIED,,metro
ENT_09209,INDIVIDUAL,1800000,VERIFIED,57.0,rural
ENT_09210,INDIVIDUAL,5800000,VERIFIED,41.0,tier2
ENT_09211,INDIVIDUAL,1200000,VERIFIED,20.0,metro
ENT_09212,INDIVIDUAL,1200000,VERIFIED,54.0,metro
ENT_09213,BUSINESS,15700000,VERIFIED,,tier2
ENT_09214,INDIVIDUAL,5100000,VERIFIED,32.0,tier2
ENT_09215,INDIVIDUAL,6300000,VERIFIED,30.0,metro
ENT_09216,INDIVIDUAL,600000,VERIFIED,49.0,rural
ENT_09217,INDIVIDUAL,3100000,VERIFIED,64.0,tier2
ENT_09218,INDIVIDUAL,80000000,VERIFIED,28.0,tier2
ENT_09219,BUSINESS,89300000,VERIFIED,,metro
ENT_09220,INDIVIDUAL,8800000,VERIFIED,48.0,metro
ENT_09221,INDIVIDUAL,5400000,VERIFIED,28.0,tier2
ENT_09222,INDIVIDUAL,1000000,VERIFIED,26.0,rural
ENT_09223,INDIVIDUAL,1200000,VERIFIED,30.0,tier2
ENT_09224,INDIVIDUAL,4200000,VERIFIED,59.0,tier2
ENT_09225,BUSINESS,77500000,VERIFIED,,metro
ENT_09226,TRUST,28000000,VERIFIED,,tier2
ENT_09227,INDIVIDUAL,1000000,VERIFIED,54.0,rural
ENT_09228,INDIVIDUAL,1000000,VERIFIED,46.0,rural
ENT_09229,INDIVIDUAL,600000,VERIFIED,60.0,tier2
ENT_09230,INDIVIDUAL,0,VERIFIED,46.0,metro
ENT_09231,INDIVIDUAL,2900000,VERIFIED,40.0,metro
ENT_09232,BUSINESS,2100000,VERIFIED,,tier2
ENT_09233,INDIVIDUAL,300000,VERIFIED,48.0,metro
ENT_09234,INDIVIDUAL,1400000,VERIFIED,41.0,metro
ENT_09235,TRUST,92500000,VERIFIED,,metro
ENT_09236,INDIVIDUAL,300000,VERIFIED,23.0,tier2
ENT_09237,INDIVIDUAL,700000,VERIFIED,18.0,tier2
ENT_09238,INDIVIDUAL,1300000,VERIFIED,41.0,metro
ENT_09239,INDIVIDUAL,800000,VERIFIED,44.0,rural
ENT_09240,BUSINESS,47100000,VERIFIED,,tier2
ENT_09241,BUSINESS,59100000,VERIFIED,,rural
ENT_09242,INDIVIDUAL,0,VERIFIED,18.0,metro
ENT_09243,INDIVIDUAL,0,VERIFIED,64.0,metro
ENT_09244,INDIVIDUAL,4800000,VERIFIED,45.0,tier2
ENT_09245,INDIVIDUAL,1000000,VERIFIED,58.0,metro
ENT_09246,INDIVIDUAL,0,VERIFIED,42.0,rural
ENT_09247,INDIVIDUAL,6900000,VERIFIED,32.0,rural
ENT_09248,INDIVIDUAL,1500000,VERIFIED,36.0,metro
ENT_09249,INDIVIDUAL,82600000,VERIFIED,51.0,metro
ENT_09250,BUSINESS,1700000,VERIFIED,,rural
ENT_09251,BUSINESS,98800000,VERIFIED,,metro
ENT_09252,INDIVIDUAL,6500000,VERIFIED,43.0,metro
ENT_09253,INDIVIDUAL,1000000,VERIFIED,21.0,metro
ENT_09254,INDIVIDUAL,1000000,VERIFIED,60.0,rural
ENT_09255,INDIVIDUAL,6600000,VERIFIED,56.0,metro
ENT_09256,INDIVIDUAL,4600000,VERIFIED,44.0,metro
ENT_09257,INDIVIDUAL,9600000,VERIFIED,21.0,tier2
ENT_09258,INDIVIDUAL,400000,VERIFIED,27.0,metro
ENT_09259,BUSINESS,7500000,VERIFIED,,tier2
ENT_09260,INDIVIDUAL,7000000,VERIFIED,46.0,rural
ENT_09261,INDIVIDUAL,25600000,VERIFIED,34.0,tier2
ENT_09262,INDIVIDUAL,7700000,VERIFIED,65.0,metro
ENT_09263,INDIVIDUAL,55700000,VERIFIED,34.0,rural
ENT_09264,INDIVIDUAL,1100000,VERIFIED,20.0,tier2
ENT_09265,INDIVIDUAL,4200000,VERIFIED,49.0,rural
ENT_09266,INDIVIDUAL,400000,VERIFIED,30.0,rural
ENT_09267,BUSINESS,97800000,VERIFIED,,metro
ENT_09268,INDIVIDUAL,0,VERIFIED,38.0,metro
ENT_09269,INDIVIDUAL,1800000,VERIFIED,35.0,metro
ENT_09270,INDIVIDUAL,4700000,VERIFIED,43.0,metro
ENT_09271,INDIVIDUAL,2500000,VERIFIED,59.0,metro
ENT_09272,INDIVIDUAL,1700000,VERIFIED,54.0,metro
ENT_09273,INDIVIDUAL,3700000,VERIFIED,60.0,metro
ENT_09274,BUSINESS,7000000,VERIFIED,,rural
ENT_09275,INDIVIDUAL,1300000,VERIFIED,57.0,metro
ENT_09276,INDIVIDUAL,10000000,VERIFIED,33.0,metro
ENT_09277,INDIVIDUAL,0,VERIFIED,35.0,rural
ENT_09278,INDIVIDUAL,1400000,VERIFIED,37.0,metro
ENT_09279,INDIVIDUAL,9700000,VERIFIED,52.0,metro
ENT_09280,INDIVIDUAL,8800000,VERIFIED,34.0,rural
ENT_09281,INDIVIDUAL,2100000,VERIFIED,63.0,tier2
ENT_09282,INDIVIDUAL,26400000,VERIFIED,45.0,tier2
ENT_09283,INDIVIDUAL,0,VERIFIED,57.0,tier2
ENT_09284,TRUST,9100000,VERIFIED,,metro
ENT_09285,BUSINESS,41500000,VERIFIED,,rural
ENT_09286,INDIVIDUAL,5900000,VERIFIED,24.0,metro
ENT_09287,INDIVIDUAL,8700000,VERIFIED,35.0,metro
ENT_09288,INDIVIDUAL,7000000,VERIFIED,21.0,tier2
ENT_09289,INDIVIDUAL,5400000,VERIFIED,53.0,metro
ENT_09290,TRUST,59600000,VERIFIED,,tier2
ENT_09291,INDIVIDUAL,9900000,VERIFIED,48.0,metro
ENT_09292,TRUST,3500000,VERIFIED,,metro
ENT_09293,INDIVIDUAL,6200000,VERIFIED,23.0,metro
ENT_09294,INDIVIDUAL,3200000,VERIFIED,27.0,tier2
ENT_09295,INDIVIDUAL,6900000,VERIFIED,44.0,metro
ENT_09296,TRUST,98400000,VERIFIED,,tier2
ENT_09297,INDIVIDUAL,17700000,VERIFIED,56.0,tier2
ENT_09298,INDIVIDUAL,1500000,VERIFIED,43.0,metro
ENT_09299,INDIVIDUAL,2700000,VERIFIED,27.0,metro
ENT_09300,INDIVIDUAL,7000000,VERIFIED,21.0,tier2
ENT_09301,INDIVIDUAL,3100000,VERIFIED,45.0,tier2
ENT_09302,INDIVIDUAL,5600000,VERIFIED,65.0,metro
ENT_09303,INDIVIDUAL,1100000,VERIFIED,29.0,metro
ENT_09304,INDIVIDUAL,0,VERIFIED,25.0,metro
ENT_09305,BUSINESS,89700000,VERIFIED,,metro
ENT_09306,TRUST,3600000,VERIFIED,,tier2
ENT_09307,INDIVIDUAL,800000,VERIFIED,33.0,metro
ENT_09308,BUSINESS,7400000,VERIFIED,,tier2
ENT_09309,INDIVIDUAL,1000000,VERIFIED,38.0,rural
ENT_09310,BUSINESS,2800000,VERIFIED,,metro
ENT_09311,INDIVIDUAL,1400000,VERIFIED,31.0,tier2
ENT_09312,INDIVIDUAL,1200000,VERIFIED,45.0,metro
ENT_09313,INDIVIDUAL,7200000,VERIFIED,30.0,rural
ENT_09314,INDIVIDUAL,0,VERIFIED,63.0,metro
ENT_09315,INDIVIDUAL,7600000,VERIFIED,20.0,rural
ENT_09316,INDIVIDUAL,8800000,VERIFIED,36.0,metro
ENT_09317,BUSINESS,29100000,VERIFIED,,metro
ENT_09318,INDIVIDUAL,500000,VERIFIED,54.0,metro
ENT_09319,INDIVIDUAL,1500000,VERIFIED,45.0,rural
ENT_09320,INDIVIDUAL,7400000,VERIFIED,47.0,tier2
ENT_09321,INDIVIDUAL,5700000,VERIFIED,40.0,tier2
ENT_09322,BUSINESS,3500000,VERIFIED,,rural
ENT_09323,INDIVIDUAL,57100000,VERIFIED,41.0,rural
ENT_09324,INDIVIDUAL,500000,VERIFIED,58.0,rural
ENT_09325,INDIVIDUAL,32000000,VERIFIED,37.0,tier2
ENT_09326,BUSINESS,58800000,VERIFIED,,rural
ENT_09327,INDIVIDUAL,7900000,VERIFIED,50.0,tier2
ENT_09328,INDIVIDUAL,2100000,VERIFIED,33.0,rural
ENT_09329,TRUST,10800000,VERIFIED,,tier2
ENT_09330,BUSINESS,35400000,VERIFIED,,tier2
ENT_09331,INDIVIDUAL,1900000,VERIFIED,29.0,tier2
ENT_09332,INDIVIDUAL,9400000,VERIFIED,57.0,metro
ENT_09333,BUSINESS,96500000,VERIFIED,,metro
ENT_09334,INDIVIDUAL,5900000,VERIFIED,35.0,rural
ENT_09335,INDIVIDUAL,800000,VERIFIED,42.0,metro
ENT_09336,INDIVIDUAL,0,VERIFIED,60.0,metro
ENT_09337,INDIVIDUAL,700000,VERIFIED,61.0,metro
ENT_09338,TRUST,22400000,VERIFIED,,metro
ENT_09339,INDIVIDUAL,0,VERIFIED,61.0,rural
ENT_09340,INDIVIDUAL,54200000,VERIFIED,54.0,tier2
ENT_09341,INDIVIDUAL,4300000,VERIFIED,39.0,metro
ENT_09342,TRUST,7600000,VERIFIED,,tier2
ENT_09343,INDIVIDUAL,0,VERIFIED,27.0,rural
ENT_09344,INDIVIDUAL,1100000,VERIFIED,37.0,tier2
ENT_09345,INDIVIDUAL,1000000,VERIFIED,24.0,tier2
ENT_09346,INDIVIDUAL,9100000,VERIFIED,18.0,metro
ENT_09347,INDIVIDUAL,9300000,VERIFIED,44.0,rural
ENT_09348,INDIVIDUAL,0,VERIFIED,55.0,metro
ENT_09349,INDIVIDUAL,800000,VERIFIED,28.0,tier2
ENT_09350,INDIVIDUAL,1000000,VERIFIED,61.0,rural
ENT_09351,INDIVIDUAL,7600000,VERIFIED,42.0,tier2
ENT_09352,INDIVIDUAL,0,VERIFIED,18.0,metro
ENT_09353,INDIVIDUAL,3600000,VERIFIED,63.0,metro
ENT_09354,INDIVIDUAL,62300000,VERIFIED,19.0,tier2
ENT_09355,INDIVIDUAL,7400000,VERIFIED,36.0,metro
ENT_09356,INDIVIDUAL,1000000,VERIFIED,26.0,tier2
ENT_09357,BUSINESS,60700000,VERIFIED,,rural
ENT_09358,INDIVIDUAL,3800000,VERIFIED,22.0,tier2
ENT_09359,INDIVIDUAL,15600000,VERIFIED,37.0,metro
ENT_09360,BUSINESS,8500000,VERIFIED,,rural
ENT_09361,INDIVIDUAL,1500000,VERIFIED,42.0,tier2
ENT_09362,INDIVIDUAL,1100000,VERIFIED,25.0,tier2
ENT_09363,TRUST,38500000,VERIFIED,,metro
ENT_09364,INDIVIDUAL,9800000,VERIFIED,32.0,metro
ENT_09365,INDIVIDUAL,1200000,VERIFIED,62.0,metro
ENT_09366,INDIVIDUAL,500000,VERIFIED,61.0,metro
ENT_09367,INDIVIDUAL,400000,VERIFIED,46.0,tier2
ENT_09368,INDIVIDUAL,600000,VERIFIED,26.0,metro
ENT_09369,INDIVIDUAL,2100000,VERIFIED,23.0,tier2
ENT_09370,INDIVIDUAL,900000,VERIFIED,31.0,metro
ENT_09371,INDIVIDUAL,500000,VERIFIED,47.0,metro
ENT_09372,INDIVIDUAL,8200000,VERIFIED,24.0,metro
ENT_09373,INDIVIDUAL,0,VERIFIED,20.0,metro
ENT_09374,BUSINESS,5100000,VERIFIED,,metro
ENT_09375,INDIVIDUAL,2900000,VERIFIED,30.0,tier2
ENT_09376,INDIVIDUAL,1000000,VERIFIED,20.0,metro
ENT_09377,BUSINESS,8600000,VERIFIED,,metro
ENT_09378,INDIVIDUAL,38300000,VERIFIED,42.0,tier2
ENT_09379,INDIVIDUAL,6100000,VERIFIED,20.0,rural
ENT_09380,INDIVIDUAL,3000000,VERIFIED,20.0,tier2
ENT_09381,INDIVIDUAL,0,VERIFIED,63.0,tier2
ENT_09382,INDIVIDUAL,600000,VERIFIED,62.0,tier2
ENT_09383,BUSINESS,5600000,VERIFIED,,metro
ENT_09384,TRUST,23500000,VERIFIED,,metro
ENT_09385,INDIVIDUAL,1200000,VERIFIED,35.0,metro
ENT_09386,INDIVIDUAL,800000,VERIFIED,60.0,metro
ENT_09387,INDIVIDUAL,600000,VERIFIED,32.0,tier2
ENT_09388,INDIVIDUAL,600000,VERIFIED,21.0,rural
ENT_09389,BUSINESS,4700000,VERIFIED,,rural
ENT_09390,INDIVIDUAL,0,VERIFIED,30.0,metro
ENT_09391,INDIVIDUAL,800000,VERIFIED,33.0,metro
ENT_09392,INDIVIDUAL,3800000,VERIFIED,60.0,rural
ENT_09393,TRUST,30500000,VERIFIED,,metro
ENT_09394,INDIVIDUAL,1100000,VERIFIED,19.0,tier2
ENT_09395,INDIVIDUAL,2300000,VERIFIED,43.0,metro
ENT_09396,INDIVIDUAL,400000,VERIFIED,63.0,metro
ENT_09397,INDIVIDUAL,4400000,VERIFIED,43.0,metro
ENT_09398,TRUST,8300000,VERIFIED,,metro
ENT_09399,INDIVIDUAL,98800000,VERIFIED,41.0,tier2
ENT_09400,INDIVIDUAL,4700000,VERIFIED,42.0,rural
ENT_09401,INDIVIDUAL,400000,VERIFIED,50.0,metro
ENT_09402,INDIVIDUAL,2700000,VERIFIED,31.0,metro
ENT_09403,INDIVIDUAL,20700000,VERIFIED,56.0,tier2
ENT_09404,BUSINESS,8600000,VERIFIED,,metro
ENT_09405,INDIVIDUAL,1000000,VERIFIED,39.0,metro
ENT_09406,TRUST,5900000,VERIFIED,,rural
ENT_09407,INDIVIDUAL,1200000,VERIFIED,35.0,metro
ENT_09408,BUSINESS,9600000,VERIFIED,,tier2
ENT_09409,INDIVIDUAL,30000000,VERIFIED,64.0,tier2
ENT_09410,INDIVIDUAL,1400000,VERIFIED,58.0,tier2
ENT_09411,INDIVIDUAL,500000,VERIFIED,18.0,metro
ENT_09412,INDIVIDUAL,8100000,VERIFIED,49.0,metro
ENT_09413,INDIVIDUAL,1500000,VERIFIED,61.0,metro
ENT_09414,INDIVIDUAL,700000,VERIFIED,23.0,metro
ENT_09415,INDIVIDUAL,10000000,VERIFIED,65.0,metro
ENT_09416,INDIVIDUAL,6600000,VERIFIED,36.0,metro
ENT_09417,INDIVIDUAL,1200000,VERIFIED,41.0,metro
ENT_09418,TRUST,2800000,VERIFIED,,tier2
ENT_09419,BUSINESS,41200000,VERIFIED,,metro
ENT_09420,TRUST,23800000,VERIFIED,,rural
ENT_09421,INDIVIDUAL,3600000,VERIFIED,44.0,tier2
ENT_09422,INDIVIDUAL,1300000,VERIFIED,54.0,tier2
ENT_09423,INDIVIDUAL,1300000,VERIFIED,51.0,metro
ENT_09424,INDIVIDUAL,6600000,VERIFIED,20.0,metro
ENT_09425,INDIVIDUAL,0,VERIFIED,36.0,metro
ENT_09426,INDIVIDUAL,500000,VERIFIED,29.0,metro
ENT_09427,INDIVIDUAL,30700000,VERIFIED,60.0,tier2
ENT_09428,INDIVIDUAL,6700000,VERIFIED,44.0,metro
ENT_09429,INDIVIDUAL,0,VERIFIED,54.0,metro
ENT_09430,BUSINESS,79500000,VERIFIED,,metro
ENT_09431,INDIVIDUAL,55900000,VERIFIED,57.0,metro
ENT_09432,INDIVIDUAL,500000,VERIFIED,53.0,metro
ENT_09433,INDIVIDUAL,1500000,VERIFIED,57.0,tier2
ENT_09434,INDIVIDUAL,12600000,VERIFIED,52.0,metro
ENT_09435,INDIVIDUAL,5500000,VERIFIED,45.0,rural
ENT_09436,INDIVIDUAL,0,VERIFIED,42.0,metro
ENT_09437,INDIVIDUAL,1000000,VERIFIED,42.0,metro
ENT_09438,INDIVIDUAL,500000,VERIFIED,39.0,rural
ENT_09439,INDIVIDUAL,15900000,VERIFIED,65.0,tier2
ENT_09440,INDIVIDUAL,41300000,VERIFIED,33.0,tier2
ENT_09441,BUSINESS,5500000,VERIFIED,,metro
ENT_09442,INDIVIDUAL,3100000,VERIFIED,50.0,metro
ENT_09443,INDIVIDUAL,9000000,VERIFIED,39.0,tier2
ENT_09444,INDIVIDUAL,1300000,VERIFIED,27.0,metro
ENT_09445,INDIVIDUAL,0,VERIFIED,29.0,rural
ENT_09446,INDIVIDUAL,6200000,VERIFIED,39.0,rural
ENT_09447,INDIVIDUAL,2500000,VERIFIED,54.0,tier2
ENT_09448,INDIVIDUAL,3300000,VERIFIED,51.0,rural
ENT_09449,BUSINESS,5300000,VERIFIED,,metro
ENT_09450,TRUST,9500000,VERIFIED,,tier2
ENT_09451,BUSINESS,11900000,VERIFIED,,metro
ENT_09452,INDIVIDUAL,1500000,VERIFIED,43.0,tier2
ENT_09453,INDIVIDUAL,8400000,VERIFIED,59.0,metro
ENT_09454,INDIVIDUAL,0,VERIFIED,49.0,rural
ENT_09455,INDIVIDUAL,0,VERIFIED,40.0,rural
ENT_09456,INDIVIDUAL,41300000,VERIFIED,40.0,rural
ENT_09457,INDIVIDUAL,8500000,VERIFIED,25.0,rural
ENT_09458,INDIVIDUAL,900000,VERIFIED,48.0,metro
ENT_09459,INDIVIDUAL,1500000,VERIFIED,62.0,rural
ENT_09460,INDIVIDUAL,6200000,VERIFIED,49.0,metro
ENT_09461,INDIVIDUAL,73900000,VERIFIED,28.0,tier2
ENT_09462,INDIVIDUAL,500000,VERIFIED,63.0,metro
ENT_09463,INDIVIDUAL,600000,VERIFIED,49.0,tier2
ENT_09464,INDIVIDUAL,8800000,VERIFIED,23.0,tier2
ENT_09465,TRUST,88300000,VERIFIED,,metro
ENT_09466,BUSINESS,16400000,VERIFIED,,tier2
ENT_09467,INDIVIDUAL,0,VERIFIED,46.0,metro
ENT_09468,INDIVIDUAL,1200000,VERIFIED,50.0,metro
ENT_09469,BUSINESS,13400000,VERIFIED,,rural
ENT_09470,BUSINESS,7000000,VERIFIED,,tier2
ENT_09471,INDIVIDUAL,600000,VERIFIED,45.0,tier2
ENT_09472,INDIVIDUAL,3700000,VERIFIED,47.0,metro
ENT_09473,INDIVIDUAL,400000,VERIFIED,51.0,rural
ENT_09474,INDIVIDUAL,0,VERIFIED,40.0,rural
ENT_09475,INDIVIDUAL,900000,VERIFIED,65.0,tier2
ENT_09476,INDIVIDUAL,0,VERIFIED,65.0,rural
ENT_09477,INDIVIDUAL,27400000,VERIFIED,19.0,metro
ENT_09478,INDIVIDUAL,3900000,VERIFIED,64.0,metro
ENT_09479,INDIVIDUAL,5100000,VERIFIED,40.0,tier2
ENT_09480,INDIVIDUAL,600000,VERIFIED,22.0,tier2
ENT_09481,INDIVIDUAL,5100000,VERIFIED,55.0,metro
ENT_09482,INDIVIDUAL,1400000,VERIFIED,19.0,metro
ENT_09483,BUSINESS,32800000,VERIFIED,,tier2
ENT_09484,INDIVIDUAL,1300000,VERIFIED,41.0,metro
ENT_09485,INDIVIDUAL,6100000,VERIFIED,41.0,rural
ENT_09486,INDIVIDUAL,1600000,VERIFIED,61.0,tier2
ENT_09487,INDIVIDUAL,0,VERIFIED,61.0,tier2
ENT_09488,INDIVIDUAL,4600000,VERIFIED,36.0,rural
ENT_09489,BUSINESS,6500000,VERIFIED,,metro
ENT_09490,INDIVIDUAL,1400000,VERIFIED,52.0,metro
ENT_09491,INDIVIDUAL,600000,VERIFIED,23.0,metro
ENT_09492,INDIVIDUAL,0,VERIFIED,23.0,metro
ENT_09493,BUSINESS,7600000,VERIFIED,,tier2
ENT_09494,INDIVIDUAL,1300000,VERIFIED,32.0,metro
ENT_09495,BUSINESS,4500000,VERIFIED,,tier2
ENT_09496,INDIVIDUAL,1000000,VERIFIED,44.0,metro
ENT_09497,INDIVIDUAL,1100000,VERIFIED,62.0,rural
ENT_09498,INDIVIDUAL,0,VERIFIED,32.0,rural
ENT_09499,INDIVIDUAL,1400000,VERIFIED,28.0,tier2
ENT_09500,BUSINESS,8100000,VERIFIED,,metro
ENT_09501,INDIVIDUAL,1200000,VERIFIED,29.0,metro
ENT_09502,INDIVIDUAL,500000,VERIFIED,23.0,metro
ENT_09503,INDIVIDUAL,1300000,VERIFIED,33.0,metro
ENT_09504,INDIVIDUAL,58400000,VERIFIED,51.0,metro
ENT_09505,INDIVIDUAL,4900000,VERIFIED,56.0,rural
ENT_09506,INDIVIDUAL,1400000,VERIFIED,61.0,metro
ENT_09507,INDIVIDUAL,0,VERIFIED,62.0,metro
ENT_09508,INDIVIDUAL,1100000,VERIFIED,22.0,metro
ENT_09509,INDIVIDUAL,1200000,VERIFIED,58.0,metro
ENT_09510,INDIVIDUAL,1300000,VERIFIED,54.0,metro
ENT_09511,INDIVIDUAL,0,VERIFIED,53.0,rural
ENT_09512,TRUST,76100000,VERIFIED,,rural
ENT_09513,INDIVIDUAL,800000,VERIFIED,33.0,tier2
ENT_09514,INDIVIDUAL,8500000,VERIFIED,51.0,tier2
ENT_09515,INDIVIDUAL,27800000,VERIFIED,20.0,metro
ENT_09516,INDIVIDUAL,6300000,VERIFIED,24.0,rural
ENT_09517,INDIVIDUAL,1300000,VERIFIED,28.0,metro
ENT_09518,INDIVIDUAL,7300000,VERIFIED,53.0,metro
ENT_09519,INDIVIDUAL,1000000,VERIFIED,20.0,rural
ENT_09520,INDIVIDUAL,96900000,VERIFIED,27.0,tier2
ENT_09521,TRUST,20700000,VERIFIED,,rural
ENT_09522,BUSINESS,6300000,VERIFIED,,metro
ENT_09523,INDIVIDUAL,800000,VERIFIED,43.0,metro
ENT_09524,BUSINESS,81900000,VERIFIED,,metro
ENT_09525,BUSINESS,6700000,VERIFIED,,metro
ENT_09526,INDIVIDUAL,3400000,VERIFIED,57.0,rural
ENT_09527,INDIVIDUAL,10000000,VERIFIED,33.0,metro
ENT_09528,INDIVIDUAL,6400000,VERIFIED,41.0,tier2
ENT_09529,INDIVIDUAL,8500000,VERIFIED,53.0,metro
ENT_09530,INDIVIDUAL,6100000,VERIFIED,63.0,metro
ENT_09531,INDIVIDUAL,5700000,VERIFIED,44.0,tier2
ENT_09532,BUSINESS,32600000,VERIFIED,,metro
ENT_09533,INDIVIDUAL,7700000,VERIFIED,41.0,tier2
ENT_09534,INDIVIDUAL,800000,VERIFIED,50.0,metro
ENT_09535,INDIVIDUAL,92300000,VERIFIED,50.0,rural
ENT_09536,INDIVIDUAL,1100000,VERIFIED,54.0,rural
ENT_09537,INDIVIDUAL,5800000,VERIFIED,20.0,metro
ENT_09538,INDIVIDUAL,500000,VERIFIED,40.0,rural
ENT_09539,INDIVIDUAL,2900000,VERIFIED,25.0,rural
ENT_09540,BUSINESS,90800000,VERIFIED,,rural
ENT_09541,INDIVIDUAL,50700000,VERIFIED,24.0,tier2
ENT_09542,TRUST,31300000,VERIFIED,,tier2
ENT_09543,INDIVIDUAL,0,VERIFIED,50.0,rural
ENT_09544,INDIVIDUAL,0,VERIFIED,31.0,metro
ENT_09545,INDIVIDUAL,1200000,VERIFIED,53.0,rural
ENT_09546,INDIVIDUAL,800000,VERIFIED,25.0,metro
ENT_09547,INDIVIDUAL,8800000,VERIFIED,55.0,metro
ENT_09548,TRUST,8900000,VERIFIED,,tier2
ENT_09549,INDIVIDUAL,1200000,VERIFIED,37.0,metro
ENT_09550,INDIVIDUAL,8500000,VERIFIED,36.0,metro
ENT_09551,BUSINESS,48200000,VERIFIED,,metro
ENT_09552,INDIVIDUAL,1100000,VERIFIED,42.0,metro
ENT_09553,INDIVIDUAL,0,VERIFIED,18.0,tier2
ENT_09554,INDIVIDUAL,1000000,VERIFIED,39.0,metro
ENT_09555,BUSINESS,59000000,VERIFIED,,metro
ENT_09556,INDIVIDUAL,4600000,VERIFIED,25.0,metro
ENT_09557,INDIVIDUAL,6500000,VERIFIED,42.0,rural
ENT_09558,INDIVIDUAL,79000000,VERIFIED,22.0,tier2
ENT_09559,INDIVIDUAL,0,VERIFIED,42.0,metro
ENT_09560,BUSINESS,81000000,VERIFIED,,metro
ENT_09561,INDIVIDUAL,2100000,VERIFIED,50.0,metro
ENT_09562,INDIVIDUAL,5900000,VERIFIED,57.0,rural
ENT_09563,INDIVIDUAL,1500000,VERIFIED,41.0,metro
ENT_09564,INDIVIDUAL,600000,VERIFIED,35.0,tier2
ENT_09565,INDIVIDUAL,0,VERIFIED,30.0,metro
ENT_09566,INDIVIDUAL,1300000,VERIFIED,37.0,tier2
ENT_09567,INDIVIDUAL,900000,VERIFIED,42.0,tier2
ENT_09568,INDIVIDUAL,9700000,VERIFIED,25.0,tier2
ENT_09569,INDIVIDUAL,1400000,VERIFIED,36.0,metro
ENT_09570,INDIVIDUAL,600000,VERIFIED,37.0,tier2
ENT_09571,INDIVIDUAL,1500000,VERIFIED,65.0,metro
ENT_09572,BUSINESS,72700000,VERIFIED,,metro
ENT_09573,INDIVIDUAL,8700000,VERIFIED,31.0,rural
ENT_09574,INDIVIDUAL,4700000,VERIFIED,31.0,rural
ENT_09575,INDIVIDUAL,1500000,VERIFIED,30.0,metro
ENT_09576,BUSINESS,72100000,VERIFIED,,tier2
ENT_09577,INDIVIDUAL,0,VERIFIED,29.0,metro
ENT_09578,INDIVIDUAL,8100000,VERIFIED,49.0,metro
ENT_09579,INDIVIDUAL,600000,VERIFIED,44.0,metro
ENT_09580,BUSINESS,81400000,VERIFIED,,metro
ENT_09581,INDIVIDUAL,1500000,VERIFIED,21.0,metro
ENT_09582,INDIVIDUAL,1000000,VERIFIED,42.0,rural
ENT_09583,INDIVIDUAL,9400000,VERIFIED,62.0,tier2
ENT_09584,INDIVIDUAL,2600000,VERIFIED,35.0,rural
ENT_09585,INDIVIDUAL,400000,VERIFIED,55.0,metro
ENT_09586,INDIVIDUAL,8400000,VERIFIED,25.0,rural
ENT_09587,INDIVIDUAL,5200000,VERIFIED,34.0,tier2
ENT_09588,BUSINESS,40500000,VERIFIED,,metro
ENT_09589,BUSINESS,96000000,VERIFIED,,tier2
ENT_09590,INDIVIDUAL,400000,VERIFIED,33.0,tier2
ENT_09591,INDIVIDUAL,1100000,VERIFIED,51.0,metro
ENT_09592,INDIVIDUAL,50000000,VERIFIED,56.0,rural
ENT_09593,INDIVIDUAL,900000,VERIFIED,32.0,tier2
ENT_09594,INDIVIDUAL,22500000,VERIFIED,52.0,tier2
ENT_09595,INDIVIDUAL,0,VERIFIED,64.0,rural
ENT_09596,INDIVIDUAL,0,VERIFIED,36.0,tier2
ENT_09597,INDIVIDUAL,1000000,VERIFIED,21.0,metro
ENT_09598,INDIVIDUAL,1400000,VERIFIED,27.0,metro
ENT_09599,INDIVIDUAL,0,VERIFIED,39.0,metro
ENT_09600,BUSINESS,38300000,VERIFIED,,rural
ENT_09601,INDIVIDUAL,99300000,VERIFIED,57.0,metro
ENT_09602,INDIVIDUAL,1500000,VERIFIED,18.0,metro
ENT_09603,INDIVIDUAL,13100000,VERIFIED,32.0,metro
ENT_09604,INDIVIDUAL,9800000,VERIFIED,25.0,tier2
ENT_09605,INDIVIDUAL,5700000,VERIFIED,52.0,metro
ENT_09606,INDIVIDUAL,7000000,VERIFIED,40.0,metro
ENT_09607,INDIVIDUAL,8900000,VERIFIED,31.0,rural
ENT_09608,INDIVIDUAL,800000,VERIFIED,43.0,rural
ENT_09609,INDIVIDUAL,7100000,VERIFIED,62.0,tier2
ENT_09610,INDIVIDUAL,4100000,VERIFIED,23.0,tier2
ENT_09611,INDIVIDUAL,1100000,VERIFIED,43.0,metro
ENT_09612,INDIVIDUAL,1500000,VERIFIED,51.0,metro
ENT_09613,INDIVIDUAL,600000,VERIFIED,53.0,metro
ENT_09614,INDIVIDUAL,300000,VERIFIED,30.0,metro
ENT_09615,INDIVIDUAL,1300000,VERIFIED,57.0,tier2
ENT_09616,INDIVIDUAL,6100000,VERIFIED,43.0,metro
ENT_09617,BUSINESS,13100000,VERIFIED,,tier2
ENT_09618,INDIVIDUAL,1500000,VERIFIED,33.0,rural
ENT_09619,TRUST,20500000,VERIFIED,,metro
ENT_09620,INDIVIDUAL,300000,VERIFIED,52.0,tier2
ENT_09621,BUSINESS,4200000,VERIFIED,,rural
ENT_09622,INDIVIDUAL,0,VERIFIED,19.0,tier2
ENT_09623,INDIVIDUAL,5500000,VERIFIED,33.0,rural
ENT_09624,INDIVIDUAL,800000,VERIFIED,43.0,tier2
ENT_09625,INDIVIDUAL,1400000,VERIFIED,23.0,tier2
ENT_09626,BUSINESS,23600000,VERIFIED,,rural
ENT_09627,INDIVIDUAL,400000,VERIFIED,38.0,tier2
ENT_09628,INDIVIDUAL,9800000,VERIFIED,27.0,metro
ENT_09629,INDIVIDUAL,19500000,VERIFIED,59.0,rural
ENT_09630,INDIVIDUAL,8300000,VERIFIED,65.0,rural
ENT_09631,BUSINESS,54600000,VERIFIED,,rural
ENT_09632,INDIVIDUAL,12000000,VERIFIED,23.0,tier2
ENT_09633,INDIVIDUAL,900000,VERIFIED,42.0,metro
ENT_09634,BUSINESS,8300000,VERIFIED,,rural
ENT_09635,BUSINESS,6300000,VERIFIED,,metro
ENT_09636,INDIVIDUAL,0,VERIFIED,37.0,metro
ENT_09637,INDIVIDUAL,7200000,VERIFIED,33.0,tier2
ENT_09638,INDIVIDUAL,500000,VERIFIED,31.0,metro
ENT_09639,TRUST,38800000,VERIFIED,,metro
ENT_09640,INDIVIDUAL,1700000,VERIFIED,32.0,tier2
ENT_09641,INDIVIDUAL,6200000,VERIFIED,47.0,tier2
ENT_09642,INDIVIDUAL,300000,VERIFIED,22.0,rural
ENT_09643,BUSINESS,10000000,VERIFIED,,rural
ENT_09644,BUSINESS,79500000,VERIFIED,,metro
ENT_09645,INDIVIDUAL,1300000,VERIFIED,34.0,rural
ENT_09646,INDIVIDUAL,6500000,VERIFIED,26.0,rural
ENT_09647,INDIVIDUAL,9200000,VERIFIED,18.0,metro
ENT_09648,TRUST,7400000,VERIFIED,,metro
ENT_09649,INDIVIDUAL,1900000,VERIFIED,33.0,tier2
ENT_09650,INDIVIDUAL,0,VERIFIED,61.0,metro
ENT_09651,INDIVIDUAL,5000000,VERIFIED,19.0,metro
ENT_09652,BUSINESS,9500000,VERIFIED,,metro
ENT_09653,INDIVIDUAL,5000000,VERIFIED,35.0,metro
ENT_09654,INDIVIDUAL,900000,VERIFIED,57.0,metro
ENT_09655,INDIVIDUAL,400000,VERIFIED,57.0,rural
ENT_09656,INDIVIDUAL,6800000,VERIFIED,31.0,tier2
ENT_09657,INDIVIDUAL,300000,VERIFIED,32.0,metro
ENT_09658,INDIVIDUAL,600000,VERIFIED,56.0,tier2
ENT_09659,INDIVIDUAL,2600000,VERIFIED,53.0,metro
ENT_09660,INDIVIDUAL,1700000,VERIFIED,55.0,rural
ENT_09661,INDIVIDUAL,3600000,VERIFIED,24.0,tier2
ENT_09662,BUSINESS,67300000,VERIFIED,,metro
ENT_09663,INDIVIDUAL,9700000,VERIFIED,30.0,tier2
ENT_09664,BUSINESS,74900000,VERIFIED,,tier2
ENT_09665,INDIVIDUAL,86300000,VERIFIED,57.0,metro
ENT_09666,INDIVIDUAL,0,VERIFIED,39.0,tier2
ENT_09667,INDIVIDUAL,800000,VERIFIED,64.0,rural
ENT_09668,BUSINESS,72100000,VERIFIED,,metro
ENT_09669,INDIVIDUAL,1000000,VERIFIED,52.0,tier2
ENT_09670,BUSINESS,8700000,VERIFIED,,tier2
ENT_09671,INDIVIDUAL,0,VERIFIED,55.0,tier2
ENT_09672,INDIVIDUAL,7500000,VERIFIED,40.0,tier2
ENT_09673,INDIVIDUAL,3300000,VERIFIED,51.0,rural
ENT_09674,INDIVIDUAL,5300000,VERIFIED,48.0,metro
ENT_09675,BUSINESS,63000000,VERIFIED,,metro
ENT_09676,INDIVIDUAL,0,VERIFIED,56.0,tier2
ENT_09677,BUSINESS,51300000,VERIFIED,,tier2
ENT_09678,INDIVIDUAL,6700000,VERIFIED,36.0,metro
ENT_09679,INDIVIDUAL,9600000,VERIFIED,65.0,metro
ENT_09680,INDIVIDUAL,3000000,VERIFIED,46.0,metro
ENT_09681,INDIVIDUAL,6700000,VERIFIED,40.0,tier2
ENT_09682,BUSINESS,9500000,VERIFIED,,metro
ENT_09683,INDIVIDUAL,9400000,VERIFIED,26.0,metro
ENT_09684,INDIVIDUAL,1600000,VERIFIED,47.0,rural
ENT_09685,INDIVIDUAL,0,VERIFIED,43.0,rural
ENT_09686,BUSINESS,29400000,VERIFIED,,tier2
ENT_09687,INDIVIDUAL,1500000,VERIFIED,34.0,rural
ENT_09688,INDIVIDUAL,0,VERIFIED,48.0,metro
ENT_09689,INDIVIDUAL,1100000,VERIFIED,59.0,tier2
ENT_09690,INDIVIDUAL,500000,VERIFIED,21.0,tier2
ENT_09691,INDIVIDUAL,500000,VERIFIED,57.0,tier2
ENT_09692,INDIVIDUAL,8900000,VERIFIED,58.0,metro
ENT_09693,INDIVIDUAL,1300000,VERIFIED,43.0,metro
ENT_09694,INDIVIDUAL,300000,VERIFIED,49.0,tier2
ENT_09695,INDIVIDUAL,800000,VERIFIED,44.0,metro
ENT_09696,TRUST,2300000,VERIFIED,,rural
ENT_09697,BUSINESS,1100000,VERIFIED,,tier2
ENT_09698,INDIVIDUAL,1300000,VERIFIED,51.0,metro
ENT_09699,INDIVIDUAL,1200000,VERIFIED,20.0,metro
ENT_09700,TRUST,99700000,VERIFIED,,metro
ENT_09701,INDIVIDUAL,300000,VERIFIED,53.0,metro
ENT_09702,BUSINESS,2200000,VERIFIED,,metro
ENT_09703,INDIVIDUAL,700000,VERIFIED,42.0,rural
ENT_09704,INDIVIDUAL,400000,VERIFIED,20.0,metro
ENT_09705,INDIVIDUAL,0,VERIFIED,47.0,rural
ENT_09706,INDIVIDUAL,64100000,VERIFIED,52.0,rural
ENT_09707,INDIVIDUAL,1100000,VERIFIED,25.0,metro
ENT_09708,INDIVIDUAL,1300000,VERIFIED,50.0,tier2
ENT_09709,INDIVIDUAL,7800000,VERIFIED,64.0,metro
ENT_09710,INDIVIDUAL,0,VERIFIED,21.0,tier2
ENT_09711,INDIVIDUAL,1300000,VERIFIED,61.0,metro
ENT_09712,INDIVIDUAL,6800000,VERIFIED,41.0,metro
ENT_09713,INDIVIDUAL,1400000,VERIFIED,32.0,metro
ENT_09714,INDIVIDUAL,9100000,VERIFIED,55.0,tier2
ENT_09715,BUSINESS,1200000,VERIFIED,,rural
ENT_09716,INDIVIDUAL,8400000,VERIFIED,58.0,metro
ENT_09717,BUSINESS,65200000,VERIFIED,,tier2
ENT_09718,INDIVIDUAL,1500000,VERIFIED,20.0,tier2
ENT_09719,INDIVIDUAL,3400000,VERIFIED,34.0,rural
ENT_09720,INDIVIDUAL,7900000,VERIFIED,29.0,metro
ENT_09721,INDIVIDUAL,0,VERIFIED,19.0,metro
ENT_09722,TRUST,36800000,VERIFIED,,metro
ENT_09723,INDIVIDUAL,8800000,VERIFIED,45.0,rural
ENT_09724,INDIVIDUAL,0,VERIFIED,45.0,metro
ENT_09725,INDIVIDUAL,0,VERIFIED,48.0,rural
ENT_09726,INDIVIDUAL,30700000,VERIFIED,21.0,metro
ENT_09727,BUSINESS,7000000,VERIFIED,,rural
ENT_09728,INDIVIDUAL,600000,VERIFIED,61.0,metro
ENT_09729,INDIVIDUAL,1600000,VERIFIED,65.0,rural
ENT_09730,INDIVIDUAL,93300000,VERIFIED,58.0,rural
ENT_09731,INDIVIDUAL,7500000,VERIFIED,63.0,metro
ENT_09732,INDIVIDUAL,1500000,VERIFIED,41.0,tier2
ENT_09733,INDIVIDUAL,3900000,VERIFIED,21.0,metro
ENT_09734,INDIVIDUAL,6900000,VERIFIED,48.0,metro
ENT_09735,INDIVIDUAL,1400000,VERIFIED,43.0,tier2
ENT_09736,INDIVIDUAL,2200000,VERIFIED,60.0,rural
ENT_09737,TRUST,5700000,VERIFIED,,metro
ENT_09738,INDIVIDUAL,59500000,VERIFIED,30.0,rural
ENT_09739,INDIVIDUAL,0,VERIFIED,46.0,tier2
ENT_09740,BUSINESS,38000000,VERIFIED,,metro
ENT_09741,INDIVIDUAL,700000,VERIFIED,48.0,rural
ENT_09742,INDIVIDUAL,4900000,VERIFIED,45.0,tier2
ENT_09743,INDIVIDUAL,4700000,VERIFIED,29.0,metro
ENT_09744,INDIVIDUAL,900000,VERIFIED,52.0,tier2
ENT_09745,INDIVIDUAL,7100000,VERIFIED,32.0,tier2
ENT_09746,INDIVIDUAL,0,VERIFIED,58.0,rural
ENT_09747,INDIVIDUAL,9500000,VERIFIED,59.0,metro
ENT_09748,INDIVIDUAL,2200000,VERIFIED,34.0,tier2
ENT_09749,INDIVIDUAL,9200000,VERIFIED,21.0,tier2
ENT_09750,INDIVIDUAL,5400000,VERIFIED,59.0,rural
ENT_09751,INDIVIDUAL,5800000,VERIFIED,64.0,tier2
ENT_09752,INDIVIDUAL,300000,VERIFIED,59.0,metro
ENT_09753,BUSINESS,17700000,VERIFIED,,tier2
ENT_09754,INDIVIDUAL,72300000,VERIFIED,63.0,metro
ENT_09755,INDIVIDUAL,3900000,VERIFIED,50.0,tier2
ENT_09756,INDIVIDUAL,1500000,VERIFIED,61.0,rural
ENT_09757,INDIVIDUAL,89200000,VERIFIED,19.0,metro
ENT_09758,INDIVIDUAL,2100000,VERIFIED,38.0,tier2
ENT_09759,INDIVIDUAL,1300000,VERIFIED,30.0,metro
ENT_09760,BUSINESS,18500000,VERIFIED,,tier2
ENT_09761,INDIVIDUAL,38000000,VERIFIED,54.0,metro
ENT_09762,INDIVIDUAL,300000,VERIFIED,62.0,rural
ENT_09763,INDIVIDUAL,1300000,VERIFIED,33.0,metro
ENT_09764,INDIVIDUAL,36600000,VERIFIED,24.0,tier2
ENT_09765,INDIVIDUAL,1500000,VERIFIED,52.0,metro
ENT_09766,INDIVIDUAL,0,VERIFIED,44.0,metro
ENT_09767,INDIVIDUAL,3500000,VERIFIED,26.0,metro
ENT_09768,INDIVIDUAL,1000000,VERIFIED,19.0,tier2
ENT_09769,BUSINESS,20600000,VERIFIED,,metro
ENT_09770,INDIVIDUAL,1500000,VERIFIED,53.0,metro
ENT_09771,INDIVIDUAL,5800000,VERIFIED,26.0,metro
ENT_09772,BUSINESS,5300000,VERIFIED,,tier2
ENT_09773,INDIVIDUAL,8100000,VERIFIED,47.0,metro
ENT_09774,INDIVIDUAL,700000,VERIFIED,24.0,tier2
ENT_09775,TRUST,57800000,VERIFIED,,metro
ENT_09776,INDIVIDUAL,2600000,VERIFIED,37.0,metro
ENT_09777,INDIVIDUAL,5200000,VERIFIED,25.0,metro
ENT_09778,INDIVIDUAL,400000,VERIFIED,47.0,metro
ENT_09779,INDIVIDUAL,9000000,VERIFIED,53.0,metro
ENT_09780,INDIVIDUAL,1400000,VERIFIED,58.0,rural
ENT_09781,INDIVIDUAL,0,VERIFIED,46.0,metro
ENT_09782,INDIVIDUAL,1500000,VERIFIED,49.0,metro
ENT_09783,INDIVIDUAL,700000,VERIFIED,25.0,metro
ENT_09784,INDIVIDUAL,1000000,VERIFIED,45.0,metro
ENT_09785,INDIVIDUAL,800000,VERIFIED,56.0,metro
ENT_09786,INDIVIDUAL,90000000,VERIFIED,26.0,rural
ENT_09787,INDIVIDUAL,1500000,VERIFIED,52.0,tier2
ENT_09788,INDIVIDUAL,0,VERIFIED,30.0,rural
ENT_09789,BUSINESS,53400000,VERIFIED,,tier2
ENT_09790,INDIVIDUAL,1500000,VERIFIED,34.0,metro
ENT_09791,INDIVIDUAL,2300000,VERIFIED,20.0,tier2
ENT_09792,INDIVIDUAL,3800000,VERIFIED,54.0,tier2
ENT_09793,INDIVIDUAL,0,VERIFIED,28.0,rural
ENT_09794,INDIVIDUAL,5000000,VERIFIED,51.0,metro
ENT_09795,INDIVIDUAL,1100000,VERIFIED,61.0,metro
ENT_09796,INDIVIDUAL,0,VERIFIED,46.0,rural
ENT_09797,INDIVIDUAL,49400000,VERIFIED,59.0,tier2
ENT_09798,INDIVIDUAL,8700000,VERIFIED,18.0,rural
ENT_09799,INDIVIDUAL,700000,VERIFIED,49.0,tier2
ENT_09800,BUSINESS,9400000,VERIFIED,,metro
ENT_09801,INDIVIDUAL,87400000,VERIFIED,52.0,tier2
ENT_09802,INDIVIDUAL,1500000,VERIFIED,43.0,metro
ENT_09803,INDIVIDUAL,5900000,VERIFIED,38.0,tier2
ENT_09804,INDIVIDUAL,1200000,VERIFIED,33.0,metro
ENT_09805,INDIVIDUAL,900000,VERIFIED,58.0,metro
ENT_09806,INDIVIDUAL,300000,VERIFIED,28.0,metro
ENT_09807,BUSINESS,6200000,VERIFIED,,metro
ENT_09808,INDIVIDUAL,0,VERIFIED,55.0,tier2
ENT_09809,INDIVIDUAL,1100000,VERIFIED,53.0,tier2
ENT_09810,INDIVIDUAL,300000,VERIFIED,39.0,rural
ENT_09811,INDIVIDUAL,900000,VERIFIED,51.0,tier2
ENT_09812,INDIVIDUAL,9300000,VERIFIED,58.0,metro
ENT_09813,BUSINESS,6800000,VERIFIED,,metro
ENT_09814,TRUST,68400000,VERIFIED,,tier2
ENT_09815,BUSINESS,48700000,VERIFIED,,rural
ENT_09816,INDIVIDUAL,700000,VERIFIED,22.0,metro
ENT_09817,TRUST,6700000,VERIFIED,,metro
ENT_09818,INDIVIDUAL,6800000,VERIFIED,64.0,metro
ENT_09819,INDIVIDUAL,9800000,VERIFIED,56.0,metro
ENT_09820,BUSINESS,32100000,VERIFIED,,metro
ENT_09821,INDIVIDUAL,1200000,VERIFIED,28.0,tier2
ENT_09822,INDIVIDUAL,9100000,VERIFIED,52.0,metro
ENT_09823,INDIVIDUAL,5400000,VERIFIED,56.0,metro
ENT_09824,INDIVIDUAL,3900000,VERIFIED,33.0,metro
ENT_09825,BUSINESS,96500000,VERIFIED,,rural
ENT_09826,BUSINESS,50900000,VERIFIED,,tier2
ENT_09827,INDIVIDUAL,2200000,VERIFIED,45.0,metro
ENT_09828,INDIVIDUAL,1100000,VERIFIED,49.0,metro
ENT_09829,INDIVIDUAL,8500000,VERIFIED,44.0,metro
ENT_09830,INDIVIDUAL,1700000,VERIFIED,61.0,rural
ENT_09831,BUSINESS,57900000,VERIFIED,,tier2
ENT_09832,INDIVIDUAL,300000,VERIFIED,29.0,metro
ENT_09833,INDIVIDUAL,9700000,VERIFIED,64.0,tier2
ENT_09834,INDIVIDUAL,7900000,VERIFIED,23.0,rural
ENT_09835,INDIVIDUAL,2500000,VERIFIED,48.0,tier2
ENT_09836,INDIVIDUAL,1100000,VERIFIED,37.0,tier2
ENT_09837,INDIVIDUAL,1500000,VERIFIED,20.0,tier2
ENT_09838,INDIVIDUAL,1500000,VERIFIED,51.0,rural
ENT_09839,INDIVIDUAL,1200000,VERIFIED,49.0,tier2
ENT_09840,TRUST,5500000,VERIFIED,,metro
ENT_09841,INDIVIDUAL,7300000,VERIFIED,36.0,rural
ENT_09842,TRUST,55700000,VERIFIED,,metro
ENT_09843,INDIVIDUAL,23100000,VERIFIED,39.0,metro
ENT_09844,BUSINESS,99400000,VERIFIED,,tier2
ENT_09845,INDIVIDUAL,8000000,VERIFIED,35.0,metro
ENT_09846,INDIVIDUAL,0,VERIFIED,24.0,metro
ENT_09847,INDIVIDUAL,1500000,VERIFIED,31.0,metro
ENT_09848,INDIVIDUAL,4700000,VERIFIED,57.0,tier2
ENT_09849,INDIVIDUAL,9600000,VERIFIED,20.0,metro
ENT_09850,TRUST,6000000,VERIFIED,,rural
ENT_09851,INDIVIDUAL,1400000,VERIFIED,35.0,tier2
ENT_09852,INDIVIDUAL,92800000,VERIFIED,48.0,tier2
ENT_09853,BUSINESS,59600000,VERIFIED,,metro
ENT_09854,INDIVIDUAL,15500000,VERIFIED,61.0,tier2
ENT_09855,INDIVIDUAL,1100000,VERIFIED,56.0,metro
ENT_09856,INDIVIDUAL,9600000,VERIFIED,21.0,metro
ENT_09857,INDIVIDUAL,700000,VERIFIED,59.0,metro
ENT_09858,INDIVIDUAL,7400000,VERIFIED,18.0,rural
ENT_09859,BUSINESS,3000000,VERIFIED,,metro
ENT_09860,INDIVIDUAL,7100000,VERIFIED,40.0,metro
ENT_09861,INDIVIDUAL,6500000,VERIFIED,53.0,tier2
ENT_09862,INDIVIDUAL,96900000,VERIFIED,48.0,metro
ENT_09863,TRUST,45500000,VERIFIED,,metro
ENT_09864,INDIVIDUAL,5900000,VERIFIED,52.0,metro
ENT_09865,INDIVIDUAL,900000,VERIFIED,35.0,rural
ENT_09866,INDIVIDUAL,9400000,VERIFIED,43.0,metro
ENT_09867,TRUST,1500000,VERIFIED,,metro
ENT_09868,INDIVIDUAL,900000,VERIFIED,59.0,metro
ENT_09869,BUSINESS,73600000,VERIFIED,,tier2
ENT_09870,INDIVIDUAL,1300000,VERIFIED,50.0,metro
ENT_09871,INDIVIDUAL,400000,VERIFIED,62.0,tier2
ENT_09872,INDIVIDUAL,1400000,VERIFIED,42.0,metro
ENT_09873,INDIVIDUAL,0,VERIFIED,56.0,rural
ENT_09874,INDIVIDUAL,7600000,VERIFIED,24.0,tier2
ENT_09875,INDIVIDUAL,1300000,VERIFIED,46.0,rural
ENT_09876,INDIVIDUAL,5100000,VERIFIED,54.0,metro
ENT_09877,INDIVIDUAL,2300000,VERIFIED,60.0,metro
ENT_09878,BUSINESS,17800000,VERIFIED,,tier2
ENT_09879,INDIVIDUAL,6900000,VERIFIED,64.0,metro
ENT_09880,INDIVIDUAL,9800000,VERIFIED,42.0,metro
ENT_09881,INDIVIDUAL,600000,VERIFIED,42.0,metro
ENT_09882,INDIVIDUAL,1000000,VERIFIED,55.0,tier2
ENT_09883,INDIVIDUAL,700000,VERIFIED,32.0,tier2
ENT_09884,INDIVIDUAL,700000,VERIFIED,56.0,metro
ENT_09885,INDIVIDUAL,5900000,VERIFIED,62.0,rural
ENT_09886,INDIVIDUAL,1100000,VERIFIED,44.0,metro
ENT_09887,INDIVIDUAL,0,VERIFIED,51.0,tier2
ENT_09888,BUSINESS,63600000,VERIFIED,,tier2
ENT_09889,INDIVIDUAL,1500000,VERIFIED,57.0,metro
ENT_09890,INDIVIDUAL,9800000,VERIFIED,46.0,rural
ENT_09891,INDIVIDUAL,1300000,VERIFIED,38.0,metro
ENT_09892,INDIVIDUAL,12000000,VERIFIED,41.0,metro
ENT_09893,BUSINESS,9000000,VERIFIED,,rural
ENT_09894,INDIVIDUAL,44400000,VERIFIED,57.0,metro
ENT_09895,INDIVIDUAL,53300000,VERIFIED,54.0,metro
ENT_09896,INDIVIDUAL,9100000,VERIFIED,28.0,metro
ENT_09897,INDIVIDUAL,0,VERIFIED,51.0,metro
ENT_09898,BUSINESS,5400000,VERIFIED,,tier2
ENT_09899,INDIVIDUAL,600000,VERIFIED,65.0,rural
ENT_09900,INDIVIDUAL,3500000,VERIFIED,29.0,rural
ENT_09901,INDIVIDUAL,0,VERIFIED,65.0,metro
ENT_09902,INDIVIDUAL,1900000,VERIFIED,24.0,tier2
ENT_09903,TRUST,37600000,VERIFIED,,tier2
ENT_09904,INDIVIDUAL,38900000,VERIFIED,56.0,metro
ENT_09905,BUSINESS,81700000,VERIFIED,,metro
ENT_09906,INDIVIDUAL,1300000,VERIFIED,20.0,metro
ENT_09907,INDIVIDUAL,0,VERIFIED,42.0,metro
ENT_09908,INDIVIDUAL,600000,VERIFIED,36.0,metro
ENT_09909,INDIVIDUAL,1000000,VERIFIED,29.0,tier2
ENT_09910,TRUST,4100000,VERIFIED,,tier2
ENT_09911,INDIVIDUAL,0,VERIFIED,43.0,tier2
ENT_09912,INDIVIDUAL,7300000,VERIFIED,20.0,rural
ENT_09913,INDIVIDUAL,0,VERIFIED,64.0,tier2
ENT_09914,INDIVIDUAL,3900000,VERIFIED,40.0,rural
ENT_09915,INDIVIDUAL,600000,VERIFIED,60.0,metro
ENT_09916,INDIVIDUAL,0,VERIFIED,64.0,tier2
ENT_09917,INDIVIDUAL,3100000,VERIFIED,42.0,metro
ENT_09918,BUSINESS,5200000,VERIFIED,,metro
ENT_09919,INDIVIDUAL,4200000,VERIFIED,20.0,rural
ENT_09920,BUSINESS,1500000,VERIFIED,,tier2
ENT_09921,BUSINESS,8800000,VERIFIED,,metro
ENT_09922,INDIVIDUAL,8700000,VERIFIED,26.0,metro
ENT_09923,BUSINESS,15200000,VERIFIED,,tier2
ENT_09924,INDIVIDUAL,1100000,VERIFIED,60.0,metro
ENT_09925,INDIVIDUAL,51100000,VERIFIED,33.0,tier2
ENT_09926,INDIVIDUAL,0,VERIFIED,27.0,tier2
ENT_09927,BUSINESS,40400000,VERIFIED,,tier2
ENT_09928,INDIVIDUAL,1500000,VERIFIED,40.0,tier2
ENT_09929,INDIVIDUAL,94500000,VERIFIED,30.0,rural
ENT_09930,INDIVIDUAL,2600000,VERIFIED,43.0,tier2
ENT_09931,INDIVIDUAL,1100000,VERIFIED,37.0,metro
ENT_09932,BUSINESS,6800000,VERIFIED,,rural
ENT_09933,INDIVIDUAL,900000,VERIFIED,40.0,tier2
ENT_09934,INDIVIDUAL,9100000,VERIFIED,65.0,metro
ENT_09935,INDIVIDUAL,6000000,VERIFIED,55.0,metro
ENT_09936,INDIVIDUAL,2700000,VERIFIED,28.0,metro
ENT_09937,INDIVIDUAL,0,VERIFIED,33.0,metro
ENT_09938,INDIVIDUAL,8300000,VERIFIED,24.0,rural
ENT_09939,BUSINESS,95800000,VERIFIED,,rural
ENT_09940,INDIVIDUAL,1500000,VERIFIED,33.0,metro
ENT_09941,INDIVIDUAL,2100000,VERIFIED,37.0,rural
ENT_09942,INDIVIDUAL,0,VERIFIED,27.0,tier2
ENT_09943,INDIVIDUAL,3700000,VERIFIED,28.0,tier2
ENT_09944,INDIVIDUAL,87800000,VERIFIED,25.0,metro
ENT_09945,INDIVIDUAL,700000,VERIFIED,39.0,metro
ENT_09946,INDIVIDUAL,2900000,VERIFIED,28.0,metro
ENT_09947,INDIVIDUAL,500000,VERIFIED,62.0,metro
ENT_09948,INDIVIDUAL,1000000,VERIFIED,51.0,rural
ENT_09949,INDIVIDUAL,3000000,VERIFIED,34.0,tier2
ENT_09950,INDIVIDUAL,7200000,VERIFIED,54.0,metro
ENT_09951,BUSINESS,8700000,VERIFIED,,metro
ENT_09952,INDIVIDUAL,7200000,VERIFIED,44.0,metro
ENT_09953,INDIVIDUAL,7600000,VERIFIED,35.0,metro
ENT_09954,INDIVIDUAL,300000,VERIFIED,52.0,tier2
ENT_09955,BUSINESS,56900000,VERIFIED,,tier2
ENT_09956,INDIVIDUAL,700000,VERIFIED,18.0,tier2
ENT_09957,INDIVIDUAL,1200000,VERIFIED,21.0,metro
ENT_09958,BUSINESS,2600000,VERIFIED,,metro
ENT_09959,INDIVIDUAL,800000,VERIFIED,45.0,metro
ENT_09960,INDIVIDUAL,1000000,VERIFIED,65.0,rural
ENT_09961,INDIVIDUAL,1200000,VERIFIED,27.0,metro
ENT_09962,BUSINESS,82400000,VERIFIED,,metro
ENT_09963,INDIVIDUAL,3300000,VERIFIED,62.0,metro
ENT_09964,BUSINESS,54200000,VERIFIED,,metro
ENT_09965,INDIVIDUAL,500000,VERIFIED,51.0,rural
ENT_09966,INDIVIDUAL,2000000,VERIFIED,30.0,tier2
ENT_09967,BUSINESS,3700000,VERIFIED,,metro
ENT_09968,TRUST,79700000,VERIFIED,,metro
ENT_09969,INDIVIDUAL,1500000,VERIFIED,64.0,tier2
ENT_09970,TRUST,4900000,VERIFIED,,metro
ENT_09971,INDIVIDUAL,2900000,VERIFIED,34.0,rural
ENT_09972,INDIVIDUAL,7600000,VERIFIED,60.0,rural
ENT_09973,INDIVIDUAL,3900000,VERIFIED,62.0,tier2
ENT_09974,INDIVIDUAL,500000,VERIFIED,62.0,rural
ENT_09975,INDIVIDUAL,1000000,VERIFIED,35.0,metro
ENT_09976,BUSINESS,3600000,VERIFIED,,tier2
ENT_09977,INDIVIDUAL,8400000,VERIFIED,41.0,tier2
ENT_09978,INDIVIDUAL,72400000,VERIFIED,19.0,metro
ENT_09979,INDIVIDUAL,4400000,VERIFIED,39.0,tier2
ENT_09980,INDIVIDUAL,1100000,VERIFIED,62.0,rural
ENT_09981,INDIVIDUAL,23200000,VERIFIED,32.0,metro
ENT_09982,INDIVIDUAL,300000,VERIFIED,48.0,metro
ENT_09983,INDIVIDUAL,8100000,VERIFIED,45.0,tier2
ENT_09984,INDIVIDUAL,6000000,VERIFIED,61.0,metro
ENT_09985,INDIVIDUAL,5400000,VERIFIED,28.0,tier2
ENT_09986,INDIVIDUAL,5600000,VERIFIED,59.0,metro
ENT_09987,INDIVIDUAL,5800000,VERIFIED,54.0,metro
ENT_09988,BUSINESS,3200000,VERIFIED,,metro
ENT_09989,INDIVIDUAL,9100000,VERIFIED,60.0,tier2
ENT_09990,BUSINESS,9500000,VERIFIED,,metro
ENT_09991,INDIVIDUAL,1400000,VERIFIED,44.0,metro
ENT_09992,INDIVIDUAL,0,VERIFIED,45.0,tier2
ENT_09993,INDIVIDUAL,7400000,VERIFIED,19.0,tier2
ENT_09994,BUSINESS,5000000,VERIFIED,,tier2
ENT_09995,INDIVIDUAL,0,VERIFIED,30.0,metro
ENT_09996,INDIVIDUAL,5100000,VERIFIED,30.0,rural
ENT_09997,INDIVIDUAL,700000,VERIFIED,64.0,tier2
ENT_09998,INDIVIDUAL,400000,VERIFIED,36.0,rural
ENT_09999,INDIVIDUAL,0,VERIFIED,60.0,rural
ENT_10000,BUSINESS,7100000,VERIFIED,,metro
ENT_10001,INDIVIDUAL,4400000,VERIFIED,30.0,tier2
ENT_10002,INDIVIDUAL,0,VERIFIED,61.0,rural
ENT_10003,INDIVIDUAL,300000,VERIFIED,57.0,rural
ENT_10004,INDIVIDUAL,400000,VERIFIED,65.0,rural
ENT_10005,INDIVIDUAL,1400000,VERIFIED,43.0,metro
ENT_10006,INDIVIDUAL,1000000,VERIFIED,21.0,metro
ENT_10007,INDIVIDUAL,4700000,VERIFIED,36.0,metro
ENT_10008,INDIVIDUAL,33800000,VERIFIED,20.0,metro
ENT_10009,INDIVIDUAL,0,VERIFIED,51.0,metro
ENT_10010,INDIVIDUAL,0,VERIFIED,20.0,metro
ENT_10011,INDIVIDUAL,4700000,VERIFIED,51.0,tier2
ENT_10012,INDIVIDUAL,4800000,VERIFIED,26.0,metro
ENT_10013,INDIVIDUAL,1400000,VERIFIED,55.0,tier2
ENT_10014,INDIVIDUAL,400000,VERIFIED,21.0,tier2
ENT_10015,INDIVIDUAL,0,VERIFIED,28.0,tier2
ENT_10016,INDIVIDUAL,4700000,VERIFIED,54.0,metro
ENT_10017,INDIVIDUAL,3600000,VERIFIED,19.0,tier2
ENT_10018,INDIVIDUAL,0,VERIFIED,34.0,metro
ENT_10019,INDIVIDUAL,1300000,VERIFIED,35.0,tier2
ENT_10020,INDIVIDUAL,0,VERIFIED,40.0,metro
ENT_10021,INDIVIDUAL,0,VERIFIED,64.0,tier2
ENT_10022,INDIVIDUAL,900000,VERIFIED,44.0,metro
ENT_10023,INDIVIDUAL,46600000,VERIFIED,59.0,metro
ENT_10024,INDIVIDUAL,5400000,VERIFIED,22.0,metro
ENT_10025,INDIVIDUAL,700000,VERIFIED,64.0,metro
ENT_10026,INDIVIDUAL,0,VERIFIED,27.0,metro
ENT_10027,INDIVIDUAL,2400000,VERIFIED,24.0,rural
ENT_10028,INDIVIDUAL,0,VERIFIED,63.0,metro
ENT_10029,BUSINESS,4200000,VERIFIED,,metro
ENT_10030,INDIVIDUAL,400000,VERIFIED,20.0,metro
ENT_10031,INDIVIDUAL,800000,VERIFIED,18.0,tier2
ENT_10032,TRUST,5000000,VERIFIED,,metro
ENT_10033,INDIVIDUAL,7300000,VERIFIED,30.0,metro
ENT_10034,INDIVIDUAL,1000000,VERIFIED,27.0,metro
ENT_10035,INDIVIDUAL,4900000,VERIFIED,38.0,rural
ENT_10036,INDIVIDUAL,300000,VERIFIED,53.0,tier2
ENT_10037,INDIVIDUAL,0,VERIFIED,57.0,metro
ENT_10038,INDIVIDUAL,600000,VERIFIED,33.0,metro
ENT_10039,INDIVIDUAL,0,VERIFIED,55.0,tier2
ENT_10040,INDIVIDUAL,400000,VERIFIED,55.0,rural
ENT_10041,BUSINESS,89100000,VERIFIED,,metro
ENT_10042,BUSINESS,3100000,VERIFIED,,rural
ENT_10043,BUSINESS,8500000,VERIFIED,,metro
ENT_10044,INDIVIDUAL,3300000,VERIFIED,51.0,tier2
ENT_10045,BUSINESS,5200000,VERIFIED,,tier2
ENT_10046,BUSINESS,5500000,VERIFIED,,metro
ENT_10047,INDIVIDUAL,1500000,VERIFIED,27.0,metro
ENT_10048,INDIVIDUAL,600000,VERIFIED,52.0,rural
ENT_10049,INDIVIDUAL,6000000,VERIFIED,45.0,rural
ENT_10050,INDIVIDUAL,1400000,VERIFIED,39.0,metro
ENT_10051,INDIVIDUAL,2700000,VERIFIED,62.0,rural
ENT_10052,INDIVIDUAL,300000,VERIFIED,65.0,metro
ENT_10053,INDIVIDUAL,3900000,VERIFIED,60.0,metro
ENT_10054,INDIVIDUAL,0,VERIFIED,49.0,metro
ENT_10055,INDIVIDUAL,300000,VERIFIED,50.0,tier2
ENT_10056,INDIVIDUAL,1400000,VERIFIED,62.0,rural
ENT_10057,INDIVIDUAL,2200000,VERIFIED,40.0,metro
ENT_10058,INDIVIDUAL,9500000,VERIFIED,33.0,tier2
ENT_10059,INDIVIDUAL,5900000,VERIFIED,59.0,metro
ENT_10060,INDIVIDUAL,2900000,VERIFIED,55.0,rural
ENT_10061,INDIVIDUAL,500000,VERIFIED,42.0,tier2
ENT_10062,BUSINESS,70000000,VERIFIED,,metro
ENT_10063,INDIVIDUAL,0,VERIFIED,19.0,tier2
ENT_10064,INDIVIDUAL,300000,VERIFIED,65.0,tier2
ENT_10065,INDIVIDUAL,7100000,VERIFIED,43.0,rural
ENT_10066,INDIVIDUAL,1500000,VERIFIED,51.0,metro
ENT_10067,BUSINESS,14500000,VERIFIED,,metro
ENT_10068,INDIVIDUAL,7300000,VERIFIED,45.0,metro
ENT_10069,INDIVIDUAL,1100000,VERIFIED,59.0,metro
ENT_10070,INDIVIDUAL,1600000,VERIFIED,61.0,tier2
ENT_10071,INDIVIDUAL,0,VERIFIED,58.0,tier2
ENT_10072,INDIVIDUAL,8500000,VERIFIED,50.0,rural
ENT_10073,INDIVIDUAL,47900000,VERIFIED,45.0,rural
ENT_10074,INDIVIDUAL,0,VERIFIED,54.0,tier2
ENT_10075,INDIVIDUAL,4300000,VERIFIED,31.0,metro
ENT_10076,INDIVIDUAL,1400000,VERIFIED,29.0,tier2
ENT_10077,INDIVIDUAL,1500000,VERIFIED,46.0,metro
ENT_10078,INDIVIDUAL,7400000,VERIFIED,25.0,tier2
ENT_10079,BUSINESS,6200000,VERIFIED,,metro
ENT_10080,INDIVIDUAL,0,VERIFIED,26.0,rural
ENT_10081,INDIVIDUAL,1200000,VERIFIED,62.0,metro
ENT_10082,INDIVIDUAL,1000000,VERIFIED,39.0,metro
ENT_10083,TRUST,4500000,VERIFIED,,metro
ENT_10084,INDIVIDUAL,3500000,VERIFIED,65.0,rural
ENT_10085,INDIVIDUAL,1300000,VERIFIED,60.0,rural
ENT_10086,BUSINESS,7800000,VERIFIED,,metro
ENT_10087,INDIVIDUAL,0,VERIFIED,30.0,rural
ENT_10088,INDIVIDUAL,700000,VERIFIED,53.0,metro
ENT_10089,BUSINESS,47600000,VERIFIED,,rural
ENT_10090,INDIVIDUAL,400000,VERIFIED,38.0,metro
ENT_10091,INDIVIDUAL,60500000,VERIFIED,36.0,metro
ENT_10092,BUSINESS,3100000,VERIFIED,,metro
ENT_10093,INDIVIDUAL,1300000,VERIFIED,31.0,metro
ENT_10094,INDIVIDUAL,0,VERIFIED,18.0,metro
ENT_10095,INDIVIDUAL,7400000,VERIFIED,27.0,rural
ENT_10096,INDIVIDUAL,0,VERIFIED,43.0,metro
ENT_10097,INDIVIDUAL,0,VERIFIED,47.0,metro
ENT_10098,INDIVIDUAL,5500000,VERIFIED,25.0,rural
ENT_10099,INDIVIDUAL,7300000,VERIFIED,43.0,metro
ENT_10100,INDIVIDUAL,4500000,VERIFIED,32.0,tier2
ENT_10101,INDIVIDUAL,6100000,VERIFIED,63.0,metro
ENT_10102,TRUST,6900000,VERIFIED,,tier2
ENT_10103,BUSINESS,1200000,VERIFIED,,metro
ENT_10104,INDIVIDUAL,1400000,VERIFIED,28.0,tier2
ENT_10105,INDIVIDUAL,7600000,VERIFIED,59.0,metro
ENT_10106,INDIVIDUAL,800000,VERIFIED,55.0,metro
ENT_10107,INDIVIDUAL,5000000,VERIFIED,42.0,tier2
ENT_10108,BUSINESS,3400000,VERIFIED,,tier2
ENT_10109,INDIVIDUAL,600000,VERIFIED,56.0,rural
ENT_10110,INDIVIDUAL,1100000,VERIFIED,36.0,tier2
ENT_10111,INDIVIDUAL,4800000,VERIFIED,37.0,metro
ENT_10112,INDIVIDUAL,9500000,VERIFIED,61.0,tier2
ENT_10113,BUSINESS,8900000,VERIFIED,,rural
ENT_10114,INDIVIDUAL,800000,VERIFIED,32.0,tier2
ENT_10115,INDIVIDUAL,900000,VERIFIED,31.0,metro
ENT_10116,INDIVIDUAL,3300000,VERIFIED,63.0,tier2
ENT_10117,INDIVIDUAL,1200000,VERIFIED,28.0,tier2
ENT_10118,INDIVIDUAL,3000000,VERIFIED,30.0,metro
ENT_10119,INDIVIDUAL,5000000,VERIFIED,22.0,tier2
ENT_10120,BUSINESS,60300000,VERIFIED,,metro
ENT_10121,INDIVIDUAL,8700000,VERIFIED,44.0,metro
ENT_10122,INDIVIDUAL,53700000,VERIFIED,38.0,tier2
ENT_10123,INDIVIDUAL,3000000,VERIFIED,63.0,metro
ENT_10124,INDIVIDUAL,5600000,VERIFIED,53.0,metro
ENT_10125,INDIVIDUAL,5200000,VERIFIED,34.0,tier2
ENT_10126,BUSINESS,83900000,VERIFIED,,metro
ENT_10127,INDIVIDUAL,8300000,VERIFIED,53.0,metro
ENT_10128,INDIVIDUAL,86400000,VERIFIED,34.0,metro
ENT_10129,BUSINESS,7600000,VERIFIED,,metro
ENT_10130,INDIVIDUAL,6000000,VERIFIED,20.0,metro
ENT_10131,INDIVIDUAL,3800000,VERIFIED,29.0,tier2
ENT_10132,INDIVIDUAL,400000,VERIFIED,40.0,tier2
ENT_10133,INDIVIDUAL,1000000,VERIFIED,56.0,tier2
ENT_10134,INDIVIDUAL,0,VERIFIED,36.0,tier2
ENT_10135,INDIVIDUAL,1200000,VERIFIED,22.0,metro
ENT_10136,INDIVIDUAL,3800000,VERIFIED,33.0,rural
ENT_10137,INDIVIDUAL,500000,VERIFIED,56.0,tier2
ENT_10138,INDIVIDUAL,4200000,VERIFIED,40.0,metro
ENT_10139,INDIVIDUAL,1500000,VERIFIED,49.0,tier2
ENT_10140,INDIVIDUAL,10000000,VERIFIED,37.0,metro
ENT_10141,INDIVIDUAL,700000,VERIFIED,32.0,tier2
ENT_10142,INDIVIDUAL,8600000,VERIFIED,40.0,rural
ENT_10143,INDIVIDUAL,1700000,VERIFIED,46.0,tier2
ENT_10144,INDIVIDUAL,5200000,VERIFIED,18.0,metro
ENT_10145,INDIVIDUAL,42600000,VERIFIED,48.0,tier2
ENT_10146,BUSINESS,83000000,VERIFIED,,metro
ENT_10147,INDIVIDUAL,3600000,VERIFIED,31.0,rural
ENT_10148,INDIVIDUAL,700000,VERIFIED,48.0,metro
ENT_10149,TRUST,6500000,VERIFIED,,tier2
ENT_10150,INDIVIDUAL,900000,VERIFIED,63.0,metro
ENT_10151,INDIVIDUAL,9800000,VERIFIED,28.0,rural
ENT_10152,INDIVIDUAL,700000,VERIFIED,52.0,metro
ENT_10153,INDIVIDUAL,1000000,VERIFIED,61.0,metro
ENT_10154,INDIVIDUAL,1500000,VERIFIED,42.0,metro
ENT_10155,BUSINESS,7300000,VERIFIED,,tier2
ENT_10156,INDIVIDUAL,4900000,VERIFIED,19.0,rural
ENT_10157,INDIVIDUAL,8500000,VERIFIED,27.0,metro
ENT_10158,INDIVIDUAL,9600000,VERIFIED,39.0,rural
ENT_10159,INDIVIDUAL,500000,VERIFIED,46.0,tier2
ENT_10160,INDIVIDUAL,58500000,VERIFIED,48.0,metro
ENT_10161,INDIVIDUAL,0,VERIFIED,32.0,metro
ENT_10162,TRUST,45200000,VERIFIED,,metro
ENT_10163,INDIVIDUAL,300000,VERIFIED,26.0,tier2
ENT_10164,INDIVIDUAL,800000,VERIFIED,59.0,tier2
ENT_10165,TRUST,9500000,VERIFIED,,metro
ENT_10166,INDIVIDUAL,800000,VERIFIED,34.0,metro
ENT_10167,BUSINESS,69800000,VERIFIED,,tier2
ENT_10168,INDIVIDUAL,68600000,VERIFIED,33.0,tier2
ENT_10169,INDIVIDUAL,600000,VERIFIED,43.0,tier2
ENT_10170,INDIVIDUAL,1300000,VERIFIED,21.0,rural
ENT_10171,INDIVIDUAL,0,VERIFIED,34.0,rural
ENT_10172,INDIVIDUAL,1100000,VERIFIED,63.0,tier2
ENT_10173,INDIVIDUAL,82400000,VERIFIED,18.0,metro
ENT_10174,INDIVIDUAL,5900000,VERIFIED,62.0,rural
ENT_10175,INDIVIDUAL,700000,VERIFIED,33.0,tier2
ENT_10176,INDIVIDUAL,7600000,VERIFIED,46.0,metro
ENT_10177,BUSINESS,4400000,VERIFIED,,tier2
ENT_10178,INDIVIDUAL,300000,VERIFIED,26.0,rural
ENT_10179,INDIVIDUAL,4000000,VERIFIED,53.0,metro
ENT_10180,INDIVIDUAL,4500000,VERIFIED,21.0,metro
ENT_10181,BUSINESS,4800000,VERIFIED,,tier2
ENT_10182,INDIVIDUAL,1400000,VERIFIED,58.0,tier2
ENT_10183,TRUST,7900000,VERIFIED,,tier2
ENT_10184,INDIVIDUAL,4200000,VERIFIED,60.0,metro
ENT_10185,INDIVIDUAL,1000000,VERIFIED,24.0,metro
ENT_10186,INDIVIDUAL,1000000,VERIFIED,52.0,metro
ENT_10187,BUSINESS,26000000,VERIFIED,,metro
ENT_10188,INDIVIDUAL,1000000,VERIFIED,23.0,metro
ENT_10189,INDIVIDUAL,400000,VERIFIED,36.0,metro
ENT_10190,INDIVIDUAL,400000,VERIFIED,54.0,tier2
ENT_10191,INDIVIDUAL,1500000,VERIFIED,63.0,metro
ENT_10192,INDIVIDUAL,9400000,VERIFIED,43.0,tier2
ENT_10193,INDIVIDUAL,9200000,VERIFIED,64.0,metro
ENT_10194,BUSINESS,7400000,VERIFIED,,metro
ENT_10195,INDIVIDUAL,9000000,VERIFIED,58.0,metro
ENT_10196,INDIVIDUAL,1100000,VERIFIED,45.0,metro
ENT_10197,TRUST,96200000,VERIFIED,,metro
ENT_10198,INDIVIDUAL,8300000,VERIFIED,40.0,metro
ENT_10199,INDIVIDUAL,800000,VERIFIED,62.0,metro
ENT_10200,TRUST,1300000,VERIFIED,,tier2
ENT_10201,INDIVIDUAL,3800000,VERIFIED,46.0,metro
ENT_10202,INDIVIDUAL,700000,VERIFIED,48.0,rural
ENT_10203,BUSINESS,5400000,VERIFIED,,rural
ENT_10204,INDIVIDUAL,500000,VERIFIED,22.0,tier2
ENT_10205,BUSINESS,19400000,VERIFIED,,tier2
ENT_10206,TRUST,6500000,VERIFIED,,metro
ENT_10207,INDIVIDUAL,72000000,VERIFIED,30.0,rural
ENT_10208,INDIVIDUAL,0,VERIFIED,43.0,rural
ENT_10209,INDIVIDUAL,600000,VERIFIED,30.0,metro
ENT_10210,INDIVIDUAL,300000,VERIFIED,32.0,rural
ENT_10211,INDIVIDUAL,3200000,VERIFIED,64.0,metro
ENT_10212,INDIVIDUAL,700000,VERIFIED,62.0,metro
ENT_10213,INDIVIDUAL,1800000,VERIFIED,36.0,tier2
ENT_10214,INDIVIDUAL,1200000,VERIFIED,46.0,metro
ENT_10215,INDIVIDUAL,7100000,VERIFIED,18.0,metro
ENT_10216,INDIVIDUAL,5700000,VERIFIED,53.0,metro
ENT_10217,INDIVIDUAL,3700000,VERIFIED,39.0,metro
ENT_10218,INDIVIDUAL,29700000,VERIFIED,43.0,rural
ENT_10219,INDIVIDUAL,3900000,VERIFIED,45.0,tier2
ENT_10220,INDIVIDUAL,4800000,VERIFIED,60.0,metro
ENT_10221,INDIVIDUAL,2400000,VERIFIED,19.0,tier2
ENT_10222,BUSINESS,6200000,VERIFIED,,rural
ENT_10223,INDIVIDUAL,9100000,VERIFIED,19.0,metro
ENT_10224,INDIVIDUAL,0,VERIFIED,26.0,rural
ENT_10225,INDIVIDUAL,1200000,VERIFIED,26.0,tier2
ENT_10226,INDIVIDUAL,4400000,VERIFIED,46.0,metro
ENT_10227,INDIVIDUAL,9000000,VERIFIED,39.0,metro
ENT_10228,INDIVIDUAL,500000,VERIFIED,21.0,tier2
ENT_10229,INDIVIDUAL,2700000,VERIFIED,25.0,metro
ENT_10230,BUSINESS,8500000,VERIFIED,,tier2
ENT_10231,INDIVIDUAL,8600000,VERIFIED,20.0,metro
ENT_10232,BUSINESS,73600000,VERIFIED,,metro
ENT_10233,INDIVIDUAL,18000000,VERIFIED,45.0,tier2
ENT_10234,INDIVIDUAL,5900000,VERIFIED,50.0,metro
ENT_10235,INDIVIDUAL,300000,VERIFIED,18.0,rural
ENT_10236,INDIVIDUAL,37600000,VERIFIED,44.0,tier2
ENT_10237,INDIVIDUAL,3500000,VERIFIED,25.0,rural
ENT_10238,BUSINESS,6300000,VERIFIED,,metro
ENT_10239,INDIVIDUAL,500000,VERIFIED,24.0,tier2
ENT_10240,INDIVIDUAL,45200000,VERIFIED,35.0,tier2
ENT_10241,INDIVIDUAL,9200000,VERIFIED,57.0,metro
ENT_10242,INDIVIDUAL,8600000,VERIFIED,65.0,rural
ENT_10243,INDIVIDUAL,8900000,VERIFIED,60.0,metro
ENT_10244,BUSINESS,16700000,VERIFIED,,metro
ENT_10245,INDIVIDUAL,68200000,VERIFIED,26.0,metro
ENT_10246,BUSINESS,65500000,VERIFIED,,tier2
ENT_10247,INDIVIDUAL,0,VERIFIED,54.0,rural
ENT_10248,BUSINESS,94400000,VERIFIED,,tier2
ENT_10249,INDIVIDUAL,0,VERIFIED,60.0,metro
ENT_10250,INDIVIDUAL,0,VERIFIED,42.0,metro
ENT_10251,INDIVIDUAL,600000,VERIFIED,59.0,metro
ENT_10252,INDIVIDUAL,300000,VERIFIED,18.0,rural
ENT_10253,INDIVIDUAL,48000000,VERIFIED,30.0,metro
ENT_10254,BUSINESS,5500000,VERIFIED,,metro
ENT_10255,INDIVIDUAL,900000,VERIFIED,65.0,metro
ENT_10256,INDIVIDUAL,67400000,VERIFIED,52.0,tier2
ENT_10257,INDIVIDUAL,93900000,VERIFIED,52.0,metro
ENT_10258,INDIVIDUAL,60700000,VERIFIED,20.0,metro
ENT_10259,INDIVIDUAL,5200000,VERIFIED,38.0,metro
ENT_10260,TRUST,3000000,VERIFIED,,tier2
ENT_10261,INDIVIDUAL,1500000,VERIFIED,58.0,rural
ENT_10262,INDIVIDUAL,4700000,VERIFIED,24.0,metro
ENT_10263,INDIVIDUAL,600000,VERIFIED,54.0,metro
ENT_10264,INDIVIDUAL,8400000,VERIFIED,22.0,tier2
ENT_10265,BUSINESS,80300000,VERIFIED,,metro
ENT_10266,BUSINESS,1900000,VERIFIED,,rural
ENT_10267,BUSINESS,64300000,VERIFIED,,rural
ENT_10268,INDIVIDUAL,3400000,VERIFIED,56.0,metro
ENT_10269,INDIVIDUAL,0,VERIFIED,50.0,tier2
ENT_10270,INDIVIDUAL,43400000,VERIFIED,52.0,rural
ENT_10271,INDIVIDUAL,3500000,VERIFIED,56.0,tier2
ENT_10272,TRUST,12400000,VERIFIED,,metro
ENT_10273,INDIVIDUAL,2900000,VERIFIED,21.0,metro
ENT_10274,INDIVIDUAL,8200000,VERIFIED,59.0,tier2
ENT_10275,INDIVIDUAL,300000,VERIFIED,47.0,metro
ENT_10276,INDIVIDUAL,3400000,VERIFIED,34.0,rural
ENT_10277,INDIVIDUAL,1300000,VERIFIED,25.0,rural
ENT_10278,INDIVIDUAL,0,VERIFIED,22.0,tier2
ENT_10279,INDIVIDUAL,5900000,VERIFIED,22.0,metro
ENT_10280,INDIVIDUAL,0,VERIFIED,35.0,tier2
ENT_10281,INDIVIDUAL,2300000,VERIFIED,64.0,rural
ENT_10282,TRUST,9500000,VERIFIED,,metro
ENT_10283,BUSINESS,79400000,VERIFIED,,metro
ENT_10284,INDIVIDUAL,9900000,VERIFIED,54.0,metro
ENT_10285,INDIVIDUAL,400000,VERIFIED,35.0,metro
ENT_10286,BUSINESS,16200000,VERIFIED,,metro
ENT_10287,BUSINESS,2500000,VERIFIED,,metro
ENT_10288,INDIVIDUAL,1500000,VERIFIED,45.0,metro
ENT_10289,INDIVIDUAL,7500000,VERIFIED,32.0,metro
ENT_10290,INDIVIDUAL,0,VERIFIED,43.0,tier2
ENT_10291,BUSINESS,93200000,VERIFIED,,metro
ENT_10292,INDIVIDUAL,6200000,VERIFIED,63.0,tier2
ENT_10293,INDIVIDUAL,96500000,VERIFIED,58.0,metro
ENT_10294,INDIVIDUAL,600000,VERIFIED,32.0,rural
ENT_10295,INDIVIDUAL,1200000,VERIFIED,42.0,metro
ENT_10296,INDIVIDUAL,76600000,VERIFIED,47.0,rural
ENT_10297,INDIVIDUAL,9200000,VERIFIED,30.0,metro
ENT_10298,INDIVIDUAL,700000,VERIFIED,36.0,metro
ENT_10299,INDIVIDUAL,1200000,VERIFIED,65.0,metro
ENT_10300,INDIVIDUAL,5000000,VERIFIED,30.0,tier2
ENT_10301,TRUST,5300000,VERIFIED,,tier2
ENT_10302,INDIVIDUAL,4400000,VERIFIED,28.0,tier2
ENT_10303,INDIVIDUAL,6000000,VERIFIED,27.0,metro
ENT_10304,INDIVIDUAL,300000,VERIFIED,62.0,tier2
ENT_10305,INDIVIDUAL,400000,VERIFIED,21.0,rural
ENT_10306,INDIVIDUAL,0,VERIFIED,40.0,tier2
ENT_10307,BUSINESS,5700000,VERIFIED,,metro
ENT_10308,INDIVIDUAL,800000,VERIFIED,63.0,rural
ENT_10309,INDIVIDUAL,4200000,VERIFIED,33.0,tier2
ENT_10310,INDIVIDUAL,0,VERIFIED,30.0,metro
ENT_10311,INDIVIDUAL,1100000,VERIFIED,48.0,rural
ENT_10312,INDIVIDUAL,1700000,VERIFIED,60.0,metro
ENT_10313,BUSINESS,27600000,VERIFIED,,metro
ENT_10314,INDIVIDUAL,4100000,VERIFIED,64.0,metro
ENT_10315,INDIVIDUAL,7200000,VERIFIED,51.0,tier2
ENT_10316,TRUST,47100000,VERIFIED,,rural
ENT_10317,BUSINESS,33200000,VERIFIED,,metro
ENT_10318,INDIVIDUAL,400000,VERIFIED,32.0,metro
ENT_10319,INDIVIDUAL,700000,VERIFIED,45.0,metro
ENT_10320,INDIVIDUAL,0,VERIFIED,33.0,metro
ENT_10321,INDIVIDUAL,9600000,VERIFIED,19.0,rural
ENT_10322,INDIVIDUAL,8800000,VERIFIED,26.0,tier2
ENT_10323,BUSINESS,9400000,VERIFIED,,metro
ENT_10324,INDIVIDUAL,1000000,VERIFIED,43.0,tier2
ENT_10325,INDIVIDUAL,7600000,VERIFIED,46.0,tier2
ENT_10326,INDIVIDUAL,6500000,VERIFIED,59.0,tier2
ENT_10327,INDIVIDUAL,300000,VERIFIED,46.0,tier2
ENT_10328,INDIVIDUAL,5800000,VERIFIED,46.0,metro
ENT_10329,INDIVIDUAL,600000,VERIFIED,54.0,metro
ENT_10330,INDIVIDUAL,0,VERIFIED,25.0,rural
ENT_10331,INDIVIDUAL,800000,VERIFIED,21.0,tier2
ENT_10332,INDIVIDUAL,2600000,VERIFIED,20.0,metro
ENT_10333,INDIVIDUAL,7100000,VERIFIED,18.0,tier2
ENT_10334,INDIVIDUAL,47800000,VERIFIED,54.0,tier2
ENT_10335,INDIVIDUAL,2700000,VERIFIED,31.0,tier2
ENT_10336,INDIVIDUAL,600000,VERIFIED,25.0,metro
ENT_10337,TRUST,85600000,VERIFIED,,rural
ENT_10338,BUSINESS,99800000,VERIFIED,,metro
ENT_10339,INDIVIDUAL,400000,VERIFIED,56.0,rural
ENT_10340,BUSINESS,2400000,VERIFIED,,metro
ENT_10341,INDIVIDUAL,23100000,VERIFIED,33.0,tier2
ENT_10342,BUSINESS,76200000,VERIFIED,,metro
ENT_10343,BUSINESS,6100000,VERIFIED,,metro
ENT_10344,INDIVIDUAL,4800000,VERIFIED,39.0,tier2
ENT_10345,INDIVIDUAL,82800000,VERIFIED,42.0,tier2
ENT_10346,BUSINESS,57200000,VERIFIED,,tier2
ENT_10347,INDIVIDUAL,7600000,VERIFIED,60.0,metro
ENT_10348,INDIVIDUAL,400000,VERIFIED,22.0,rural
ENT_10349,BUSINESS,74700000,VERIFIED,,metro
ENT_10350,INDIVIDUAL,1000000,VERIFIED,34.0,tier2
ENT_10351,INDIVIDUAL,700000,VERIFIED,32.0,metro
ENT_10352,BUSINESS,15300000,VERIFIED,,metro
ENT_10353,INDIVIDUAL,1400000,VERIFIED,47.0,metro
ENT_10354,INDIVIDUAL,0,VERIFIED,22.0,tier2
ENT_10355,INDIVIDUAL,9200000,VERIFIED,32.0,metro
ENT_10356,INDIVIDUAL,900000,VERIFIED,46.0,rural
ENT_10357,INDIVIDUAL,500000,VERIFIED,47.0,rural
ENT_10358,INDIVIDUAL,1300000,VERIFIED,58.0,metro
ENT_10359,INDIVIDUAL,7600000,VERIFIED,24.0,metro
ENT_10360,INDIVIDUAL,2500000,VERIFIED,31.0,tier2
ENT_10361,INDIVIDUAL,9100000,VERIFIED,40.0,metro
ENT_10362,INDIVIDUAL,1500000,VERIFIED,19.0,tier2
ENT_10363,INDIVIDUAL,7000000,VERIFIED,46.0,tier2
ENT_10364,BUSINESS,44500000,VERIFIED,,rural
ENT_10365,INDIVIDUAL,0,VERIFIED,49.0,metro
ENT_10366,INDIVIDUAL,500000,VERIFIED,48.0,metro
ENT_10367,INDIVIDUAL,1300000,VERIFIED,29.0,tier2
ENT_10368,INDIVIDUAL,1400000,VERIFIED,26.0,metro
ENT_10369,INDIVIDUAL,1300000,VERIFIED,58.0,metro
ENT_10370,BUSINESS,39500000,VERIFIED,,tier2
ENT_10371,INDIVIDUAL,1300000,VERIFIED,43.0,metro
ENT_10372,INDIVIDUAL,4400000,VERIFIED,31.0,metro
ENT_10373,INDIVIDUAL,2900000,VERIFIED,19.0,metro
ENT_10374,INDIVIDUAL,0,VERIFIED,44.0,metro
ENT_10375,INDIVIDUAL,0,VERIFIED,28.0,metro
ENT_10376,INDIVIDUAL,0,VERIFIED,61.0,metro
ENT_10377,INDIVIDUAL,300000,VERIFIED,57.0,metro
ENT_10378,TRUST,13400000,VERIFIED,,metro
ENT_10379,INDIVIDUAL,400000,VERIFIED,65.0,tier2
ENT_10380,INDIVIDUAL,8900000,VERIFIED,30.0,tier2
ENT_10381,INDIVIDUAL,6400000,VERIFIED,64.0,metro
ENT_10382,INDIVIDUAL,9000000,VERIFIED,25.0,tier2
ENT_10383,INDIVIDUAL,1100000,VERIFIED,51.0,metro
ENT_10384,INDIVIDUAL,900000,VERIFIED,34.0,tier2
ENT_10385,INDIVIDUAL,1400000,VERIFIED,19.0,rural
ENT_10386,INDIVIDUAL,1400000,VERIFIED,52.0,tier2
ENT_10387,INDIVIDUAL,4800000,VERIFIED,21.0,rural
ENT_10388,INDIVIDUAL,500000,VERIFIED,24.0,rural
ENT_10389,INDIVIDUAL,57700000,VERIFIED,38.0,metro
ENT_10390,INDIVIDUAL,3200000,VERIFIED,54.0,metro
ENT_10391,INDIVIDUAL,600000,VERIFIED,23.0,rural
ENT_10392,INDIVIDUAL,500000,VERIFIED,29.0,metro
ENT_10393,BUSINESS,2000000,VERIFIED,,tier2
ENT_10394,INDIVIDUAL,500000,VERIFIED,28.0,metro
ENT_10395,INDIVIDUAL,8600000,VERIFIED,39.0,rural
ENT_10396,INDIVIDUAL,7200000,VERIFIED,36.0,metro
ENT_10397,INDIVIDUAL,0,VERIFIED,49.0,tier2
ENT_10398,TRUST,78300000,VERIFIED,,rural
ENT_10399,INDIVIDUAL,1100000,VERIFIED,51.0,metro
ENT_10400,INDIVIDUAL,1400000,VERIFIED,59.0,metro
ENT_10401,INDIVIDUAL,3600000,VERIFIED,51.0,metro
ENT_10402,BUSINESS,6900000,VERIFIED,,metro
ENT_10403,INDIVIDUAL,1100000,VERIFIED,19.0,metro
ENT_10404,INDIVIDUAL,700000,VERIFIED,53.0,tier2
ENT_10405,INDIVIDUAL,300000,VERIFIED,35.0,rural
ENT_10406,BUSINESS,20700000,VERIFIED,,metro
ENT_10407,INDIVIDUAL,700000,VERIFIED,26.0,metro
ENT_10408,INDIVIDUAL,8300000,VERIFIED,48.0,metro
ENT_10409,INDIVIDUAL,9500000,VERIFIED,42.0,metro
ENT_10410,INDIVIDUAL,1400000,VERIFIED,37.0,metro
ENT_10411,INDIVIDUAL,0,VERIFIED,57.0,rural
ENT_10412,INDIVIDUAL,5600000,VERIFIED,34.0,metro
ENT_10413,INDIVIDUAL,0,VERIFIED,34.0,metro
ENT_10414,INDIVIDUAL,0,VERIFIED,57.0,tier2
ENT_10415,INDIVIDUAL,5200000,VERIFIED,18.0,metro
ENT_10416,INDIVIDUAL,3100000,VERIFIED,33.0,rural
ENT_10417,BUSINESS,50600000,VERIFIED,,tier2
ENT_10418,INDIVIDUAL,92700000,VERIFIED,43.0,metro
ENT_10419,INDIVIDUAL,5500000,VERIFIED,23.0,metro
ENT_10420,INDIVIDUAL,42700000,VERIFIED,43.0,tier2
ENT_10421,INDIVIDUAL,900000,VERIFIED,49.0,tier2
ENT_10422,INDIVIDUAL,0,VERIFIED,49.0,tier2
ENT_10423,INDIVIDUAL,1400000,VERIFIED,28.0,tier2
ENT_10424,INDIVIDUAL,17900000,VERIFIED,43.0,tier2
ENT_10425,BUSINESS,8700000,VERIFIED,,metro
ENT_10426,INDIVIDUAL,1900000,VERIFIED,53.0,metro
ENT_10427,INDIVIDUAL,900000,VERIFIED,23.0,metro
ENT_10428,INDIVIDUAL,500000,VERIFIED,60.0,metro
ENT_10429,BUSINESS,6500000,VERIFIED,,metro
ENT_10430,INDIVIDUAL,4000000,VERIFIED,60.0,metro
ENT_10431,INDIVIDUAL,3400000,VERIFIED,48.0,tier2
ENT_10432,INDIVIDUAL,5500000,VERIFIED,58.0,tier2
ENT_10433,BUSINESS,49100000,VERIFIED,,tier2
ENT_10434,INDIVIDUAL,59200000,VERIFIED,55.0,metro
ENT_10435,INDIVIDUAL,0,VERIFIED,21.0,metro
ENT_10436,INDIVIDUAL,11300000,VERIFIED,57.0,metro
ENT_10437,INDIVIDUAL,4500000,VERIFIED,48.0,rural
ENT_10438,INDIVIDUAL,4000000,VERIFIED,32.0,metro
ENT_10439,INDIVIDUAL,400000,VERIFIED,31.0,rural
ENT_10440,INDIVIDUAL,7300000,VERIFIED,54.0,metro
ENT_10441,INDIVIDUAL,900000,VERIFIED,64.0,tier2
ENT_10442,INDIVIDUAL,5100000,VERIFIED,34.0,metro
ENT_10443,BUSINESS,8800000,VERIFIED,,metro
ENT_10444,INDIVIDUAL,900000,VERIFIED,64.0,tier2
ENT_10445,TRUST,13000000,VERIFIED,,tier2
ENT_10446,INDIVIDUAL,18700000,VERIFIED,57.0,rural
ENT_10447,INDIVIDUAL,1300000,VERIFIED,44.0,rural
ENT_10448,INDIVIDUAL,0,VERIFIED,50.0,rural
ENT_10449,INDIVIDUAL,1700000,VERIFIED,34.0,metro
ENT_10450,INDIVIDUAL,500000,VERIFIED,46.0,metro
ENT_10451,INDIVIDUAL,500000,VERIFIED,29.0,metro
ENT_10452,INDIVIDUAL,1000000,VERIFIED,32.0,tier2
ENT_10453,INDIVIDUAL,7100000,VERIFIED,29.0,metro
ENT_10454,INDIVIDUAL,5400000,VERIFIED,33.0,metro
ENT_10455,INDIVIDUAL,0,VERIFIED,57.0,rural
ENT_10456,INDIVIDUAL,8200000,VERIFIED,46.0,metro
ENT_10457,INDIVIDUAL,6000000,VERIFIED,39.0,rural
ENT_10458,TRUST,10400000,VERIFIED,,tier2
ENT_10459,INDIVIDUAL,95300000,VERIFIED,55.0,tier2
ENT_10460,BUSINESS,53600000,VERIFIED,,rural
ENT_10461,INDIVIDUAL,5300000,VERIFIED,47.0,metro
ENT_10462,INDIVIDUAL,6000000,VERIFIED,65.0,metro
ENT_10463,TRUST,7500000,VERIFIED,,metro
ENT_10464,BUSINESS,6800000,VERIFIED,,metro
ENT_10465,INDIVIDUAL,1400000,VERIFIED,23.0,tier2
ENT_10466,TRUST,98100000,VERIFIED,,metro
ENT_10467,INDIVIDUAL,1200000,VERIFIED,62.0,tier2
ENT_10468,INDIVIDUAL,90600000,VERIFIED,22.0,rural
ENT_10469,INDIVIDUAL,6300000,VERIFIED,59.0,rural
ENT_10470,INDIVIDUAL,8400000,VERIFIED,22.0,rural
ENT_10471,INDIVIDUAL,52200000,VERIFIED,55.0,metro
ENT_10472,INDIVIDUAL,600000,VERIFIED,42.0,metro
ENT_10473,INDIVIDUAL,5400000,VERIFIED,61.0,metro
ENT_10474,INDIVIDUAL,300000,VERIFIED,65.0,metro
ENT_10475,BUSINESS,4700000,VERIFIED,,tier2
ENT_10476,BUSINESS,2500000,VERIFIED,,metro
ENT_10477,INDIVIDUAL,700000,VERIFIED,27.0,metro
ENT_10478,INDIVIDUAL,700000,VERIFIED,26.0,rural
ENT_10479,INDIVIDUAL,8500000,VERIFIED,48.0,metro
ENT_10480,INDIVIDUAL,9700000,VERIFIED,54.0,metro
ENT_10481,INDIVIDUAL,400000,VERIFIED,47.0,metro
ENT_10482,INDIVIDUAL,800000,VERIFIED,52.0,metro
ENT_10483,INDIVIDUAL,0,VERIFIED,65.0,metro
ENT_10484,INDIVIDUAL,700000,VERIFIED,38.0,metro
ENT_10485,TRUST,5000000,VERIFIED,,tier2
ENT_10486,INDIVIDUAL,82500000,VERIFIED,36.0,rural
ENT_10487,INDIVIDUAL,400000,VERIFIED,56.0,tier2
ENT_10488,INDIVIDUAL,0,VERIFIED,42.0,metro
ENT_10489,BUSINESS,55600000,VERIFIED,,tier2
ENT_10490,INDIVIDUAL,3700000,VERIFIED,33.0,rural
ENT_10491,INDIVIDUAL,27000000,VERIFIED,38.0,metro
ENT_10492,INDIVIDUAL,1200000,VERIFIED,27.0,tier2
ENT_10493,INDIVIDUAL,1100000,VERIFIED,26.0,tier2
ENT_10494,INDIVIDUAL,36000000,VERIFIED,39.0,tier2
ENT_10495,INDIVIDUAL,1100000,VERIFIED,37.0,metro
ENT_10496,INDIVIDUAL,8300000,VERIFIED,61.0,rural
ENT_10497,INDIVIDUAL,7500000,VERIFIED,23.0,metro
ENT_10498,INDIVIDUAL,71100000,VERIFIED,56.0,metro
ENT_10499,BUSINESS,44600000,VERIFIED,,metro
ENT_10500,INDIVIDUAL,6500000,VERIFIED,25.0,tier2
ENT_10501,INDIVIDUAL,5900000,VERIFIED,23.0,metro
ENT_10502,INDIVIDUAL,0,VERIFIED,35.0,metro
ENT_10503,INDIVIDUAL,0,VERIFIED,60.0,tier2
ENT_10504,BUSINESS,2600000,VERIFIED,,metro
ENT_10505,INDIVIDUAL,0,VERIFIED,56.0,tier2
ENT_10506,BUSINESS,3200000,VERIFIED,,metro
ENT_10507,INDIVIDUAL,8600000,VERIFIED,37.0,rural
ENT_10508,INDIVIDUAL,1500000,VERIFIED,46.0,metro
ENT_10509,INDIVIDUAL,500000,VERIFIED,21.0,metro
ENT_10510,INDIVIDUAL,600000,VERIFIED,22.0,tier2
ENT_10511,TRUST,66500000,VERIFIED,,rural
ENT_10512,INDIVIDUAL,1400000,VERIFIED,53.0,metro
ENT_10513,INDIVIDUAL,11400000,VERIFIED,25.0,tier2
ENT_10514,INDIVIDUAL,600000,VERIFIED,25.0,metro
ENT_10515,INDIVIDUAL,4300000,VERIFIED,43.0,rural
ENT_10516,INDIVIDUAL,600000,VERIFIED,52.0,rural
ENT_10517,BUSINESS,8700000,VERIFIED,,rural
ENT_10518,INDIVIDUAL,800000,VERIFIED,36.0,metro
ENT_10519,INDIVIDUAL,1700000,VERIFIED,55.0,metro
ENT_10520,INDIVIDUAL,1300000,VERIFIED,21.0,tier2
ENT_10521,INDIVIDUAL,1400000,VERIFIED,21.0,metro
ENT_10522,INDIVIDUAL,1100000,VERIFIED,51.0,metro
ENT_10523,INDIVIDUAL,1200000,VERIFIED,57.0,rural
ENT_10524,INDIVIDUAL,700000,VERIFIED,30.0,rural
ENT_10525,INDIVIDUAL,5600000,VERIFIED,57.0,tier2
ENT_10526,BUSINESS,51900000,VERIFIED,,metro
ENT_10527,INDIVIDUAL,82000000,VERIFIED,60.0,tier2
ENT_10528,INDIVIDUAL,9900000,VERIFIED,35.0,metro
ENT_10529,INDIVIDUAL,900000,VERIFIED,29.0,tier2
ENT_10530,INDIVIDUAL,400000,VERIFIED,45.0,metro
ENT_10531,INDIVIDUAL,8600000,VERIFIED,39.0,metro
ENT_10532,INDIVIDUAL,800000,VERIFIED,21.0,metro
ENT_10533,INDIVIDUAL,7400000,VERIFIED,60.0,metro
ENT_10534,INDIVIDUAL,1500000,VERIFIED,21.0,tier2
ENT_10535,INDIVIDUAL,7600000,VERIFIED,39.0,metro
ENT_10536,INDIVIDUAL,1200000,VERIFIED,31.0,tier2
ENT_10537,INDIVIDUAL,600000,VERIFIED,23.0,metro
ENT_10538,INDIVIDUAL,500000,VERIFIED,22.0,metro
ENT_10539,INDIVIDUAL,1400000,VERIFIED,55.0,metro
ENT_10540,BUSINESS,8000000,VERIFIED,,rural
ENT_10541,INDIVIDUAL,700000,VERIFIED,19.0,rural
ENT_10542,INDIVIDUAL,9800000,VERIFIED,49.0,tier2
ENT_10543,INDIVIDUAL,12000000,VERIFIED,30.0,metro
ENT_10544,BUSINESS,1600000,VERIFIED,,rural
ENT_10545,INDIVIDUAL,6600000,VERIFIED,54.0,rural
ENT_10546,INDIVIDUAL,0,VERIFIED,59.0,metro
ENT_10547,INDIVIDUAL,5500000,VERIFIED,24.0,tier2
ENT_10548,INDIVIDUAL,1500000,VERIFIED,32.0,metro
ENT_10549,BUSINESS,4400000,VERIFIED,,metro
ENT_10550,INDIVIDUAL,1100000,VERIFIED,27.0,tier2
ENT_10551,INDIVIDUAL,5000000,VERIFIED,23.0,tier2
ENT_10552,INDIVIDUAL,0,VERIFIED,29.0,tier2
ENT_10553,INDIVIDUAL,0,VERIFIED,65.0,metro
ENT_10554,INDIVIDUAL,94800000,VERIFIED,46.0,metro
ENT_10555,INDIVIDUAL,5700000,VERIFIED,38.0,metro
ENT_10556,INDIVIDUAL,1200000,VERIFIED,19.0,metro
ENT_10557,TRUST,81900000,VERIFIED,,tier2
ENT_10558,INDIVIDUAL,38900000,VERIFIED,36.0,metro
ENT_10559,INDIVIDUAL,600000,VERIFIED,58.0,tier2
ENT_10560,BUSINESS,45000000,VERIFIED,,metro
ENT_10561,BUSINESS,67400000,VERIFIED,,metro
ENT_10562,INDIVIDUAL,400000,VERIFIED,31.0,metro
ENT_10563,INDIVIDUAL,0,VERIFIED,60.0,tier2
ENT_10564,INDIVIDUAL,4300000,VERIFIED,55.0,metro
ENT_10565,INDIVIDUAL,4100000,VERIFIED,36.0,rural
ENT_10566,INDIVIDUAL,1000000,VERIFIED,65.0,rural
ENT_10567,TRUST,10000000,VERIFIED,,tier2
ENT_10568,TRUST,21300000,VERIFIED,,tier2
ENT_10569,BUSINESS,9000000,VERIFIED,,rural
ENT_10570,INDIVIDUAL,9500000,VERIFIED,19.0,rural
ENT_10571,INDIVIDUAL,3800000,VERIFIED,22.0,tier2
ENT_10572,INDIVIDUAL,78100000,VERIFIED,51.0,metro
ENT_10573,INDIVIDUAL,1300000,VERIFIED,52.0,rural
ENT_10574,BUSINESS,7900000,VERIFIED,,tier2
ENT_10575,BUSINESS,10600000,VERIFIED,,tier2
ENT_10576,INDIVIDUAL,5500000,VERIFIED,46.0,tier2
ENT_10577,INDIVIDUAL,6400000,VERIFIED,37.0,metro
ENT_10578,INDIVIDUAL,0,VERIFIED,59.0,tier2
ENT_10579,INDIVIDUAL,56200000,VERIFIED,62.0,metro
ENT_10580,INDIVIDUAL,8200000,VERIFIED,62.0,metro
ENT_10581,INDIVIDUAL,0,VERIFIED,28.0,metro
ENT_10582,INDIVIDUAL,24700000,VERIFIED,21.0,metro
ENT_10583,INDIVIDUAL,400000,VERIFIED,34.0,metro
ENT_10584,INDIVIDUAL,1300000,VERIFIED,59.0,metro
ENT_10585,INDIVIDUAL,2700000,VERIFIED,51.0,rural
ENT_10586,INDIVIDUAL,4000000,VERIFIED,54.0,rural
ENT_10587,INDIVIDUAL,2100000,VERIFIED,19.0,metro
ENT_10588,INDIVIDUAL,600000,VERIFIED,51.0,metro
ENT_10589,INDIVIDUAL,93900000,VERIFIED,31.0,rural
ENT_10590,INDIVIDUAL,3200000,VERIFIED,62.0,metro
ENT_10591,INDIVIDUAL,8300000,VERIFIED,63.0,metro
ENT_10592,TRUST,84100000,VERIFIED,,metro
ENT_10593,INDIVIDUAL,0,VERIFIED,61.0,rural
ENT_10594,TRUST,79400000,VERIFIED,,metro
ENT_10595,INDIVIDUAL,4900000,VERIFIED,49.0,tier2
ENT_10596,INDIVIDUAL,800000,VERIFIED,24.0,tier2
ENT_10597,BUSINESS,11400000,VERIFIED,,rural
ENT_10598,INDIVIDUAL,1400000,VERIFIED,59.0,metro
ENT_10599,INDIVIDUAL,2700000,VERIFIED,40.0,tier2
ENT_10600,INDIVIDUAL,7700000,VERIFIED,33.0,tier2
ENT_10601,INDIVIDUAL,28000000,VERIFIED,18.0,tier2
ENT_10602,INDIVIDUAL,0,VERIFIED,58.0,metro
ENT_10603,INDIVIDUAL,0,VERIFIED,27.0,rural
ENT_10604,BUSINESS,93700000,VERIFIED,,rural
ENT_10605,INDIVIDUAL,400000,VERIFIED,27.0,metro
ENT_10606,INDIVIDUAL,7300000,VERIFIED,56.0,metro
ENT_10607,BUSINESS,3600000,VERIFIED,,tier2
ENT_10608,INDIVIDUAL,400000,VERIFIED,47.0,metro
ENT_10609,INDIVIDUAL,8800000,VERIFIED,29.0,metro
ENT_10610,INDIVIDUAL,500000,VERIFIED,24.0,rural
ENT_10611,INDIVIDUAL,1400000,VERIFIED,40.0,tier2
ENT_10612,INDIVIDUAL,50700000,VERIFIED,40.0,metro
ENT_10613,INDIVIDUAL,71200000,VERIFIED,64.0,metro
ENT_10614,INDIVIDUAL,8200000,VERIFIED,37.0,rural
ENT_10615,INDIVIDUAL,800000,VERIFIED,31.0,tier2
ENT_10616,INDIVIDUAL,1000000,VERIFIED,53.0,rural
ENT_10617,TRUST,39900000,VERIFIED,,tier2
ENT_10618,INDIVIDUAL,700000,VERIFIED,49.0,metro
ENT_10619,INDIVIDUAL,5100000,VERIFIED,61.0,metro
ENT_10620,INDIVIDUAL,1100000,VERIFIED,44.0,rural
ENT_10621,BUSINESS,71300000,VERIFIED,,tier2
ENT_10622,INDIVIDUAL,98500000,VERIFIED,39.0,metro
ENT_10623,INDIVIDUAL,5000000,VERIFIED,57.0,metro
ENT_10624,TRUST,10200000,VERIFIED,,metro
ENT_10625,INDIVIDUAL,1200000,VERIFIED,49.0,tier2
ENT_10626,INDIVIDUAL,1600000,VERIFIED,37.0,tier2
ENT_10627,INDIVIDUAL,0,VERIFIED,58.0,metro
ENT_10628,INDIVIDUAL,3300000,VERIFIED,50.0,metro
ENT_10629,INDIVIDUAL,500000,VERIFIED,47.0,metro
ENT_10630,BUSINESS,1300000,VERIFIED,,tier2
ENT_10631,INDIVIDUAL,400000,VERIFIED,29.0,tier2
ENT_10632,BUSINESS,8400000,VERIFIED,,rural
ENT_10633,INDIVIDUAL,900000,VERIFIED,26.0,rural
ENT_10634,INDIVIDUAL,1400000,VERIFIED,24.0,rural
ENT_10635,INDIVIDUAL,1200000,VERIFIED,48.0,tier2
ENT_10636,INDIVIDUAL,0,VERIFIED,61.0,tier2
ENT_10637,INDIVIDUAL,1500000,VERIFIED,53.0,tier2
ENT_10638,INDIVIDUAL,3800000,VERIFIED,58.0,rural
ENT_10639,INDIVIDUAL,9400000,VERIFIED,36.0,tier2
ENT_10640,INDIVIDUAL,8800000,VERIFIED,22.0,metro
ENT_10641,INDIVIDUAL,88000000,VERIFIED,59.0,tier2
ENT_10642,INDIVIDUAL,1100000,VERIFIED,63.0,metro
ENT_10643,INDIVIDUAL,0,VERIFIED,18.0,tier2
ENT_10644,INDIVIDUAL,7300000,VERIFIED,60.0,metro
ENT_10645,INDIVIDUAL,400000,VERIFIED,25.0,metro
ENT_10646,BUSINESS,6400000,VERIFIED,,rural
ENT_10647,INDIVIDUAL,2200000,VERIFIED,21.0,metro
ENT_10648,INDIVIDUAL,5100000,VERIFIED,56.0,tier2
ENT_10649,INDIVIDUAL,1300000,VERIFIED,46.0,rural
ENT_10650,TRUST,73100000,VERIFIED,,metro
ENT_10651,INDIVIDUAL,1300000,VERIFIED,36.0,metro
ENT_10652,INDIVIDUAL,300000,VERIFIED,63.0,metro
ENT_10653,INDIVIDUAL,4700000,VERIFIED,23.0,rural
ENT_10654,INDIVIDUAL,6200000,VERIFIED,38.0,metro
ENT_10655,INDIVIDUAL,1000000,VERIFIED,29.0,metro
ENT_10656,INDIVIDUAL,400000,VERIFIED,39.0,rural
ENT_10657,INDIVIDUAL,0,VERIFIED,31.0,metro
ENT_10658,BUSINESS,6600000,VERIFIED,,rural
ENT_10659,INDIVIDUAL,300000,VERIFIED,61.0,metro
ENT_10660,BUSINESS,21500000,VERIFIED,,metro
ENT_10661,INDIVIDUAL,1100000,VERIFIED,34.0,tier2
ENT_10662,INDIVIDUAL,1200000,VERIFIED,38.0,rural
ENT_10663,INDIVIDUAL,5600000,VERIFIED,52.0,rural
ENT_10664,INDIVIDUAL,9800000,VERIFIED,44.0,tier2
ENT_10665,BUSINESS,71300000,VERIFIED,,rural
ENT_10666,INDIVIDUAL,1200000,VERIFIED,61.0,tier2
ENT_10667,INDIVIDUAL,0,VERIFIED,19.0,rural
ENT_10668,INDIVIDUAL,400000,VERIFIED,19.0,metro
ENT_10669,INDIVIDUAL,400000,VERIFIED,60.0,metro
ENT_10670,BUSINESS,47400000,VERIFIED,,rural
ENT_10671,INDIVIDUAL,400000,VERIFIED,39.0,rural
ENT_10672,INDIVIDUAL,8600000,VERIFIED,34.0,rural
ENT_10673,INDIVIDUAL,77600000,VERIFIED,45.0,metro
ENT_10674,INDIVIDUAL,7500000,VERIFIED,62.0,tier2
ENT_10675,INDIVIDUAL,0,VERIFIED,64.0,tier2
ENT_10676,INDIVIDUAL,7300000,VERIFIED,18.0,metro
ENT_10677,INDIVIDUAL,9400000,VERIFIED,62.0,rural
ENT_10678,INDIVIDUAL,600000,VERIFIED,32.0,tier2
ENT_10679,INDIVIDUAL,3000000,VERIFIED,31.0,metro
ENT_10680,INDIVIDUAL,400000,VERIFIED,58.0,rural
ENT_10681,INDIVIDUAL,1500000,VERIFIED,24.0,metro
ENT_10682,INDIVIDUAL,6300000,VERIFIED,33.0,metro
ENT_10683,INDIVIDUAL,8800000,VERIFIED,59.0,metro
ENT_10684,INDIVIDUAL,0,VERIFIED,61.0,rural
ENT_10685,INDIVIDUAL,0,VERIFIED,50.0,rural
ENT_10686,INDIVIDUAL,0,VERIFIED,36.0,tier2
ENT_10687,INDIVIDUAL,5000000,VERIFIED,25.0,tier2
ENT_10688,INDIVIDUAL,8100000,VERIFIED,24.0,metro
ENT_10689,INDIVIDUAL,400000,VERIFIED,20.0,rural
ENT_10690,TRUST,73700000,VERIFIED,,tier2
ENT_10691,INDIVIDUAL,9000000,VERIFIED,29.0,tier2
ENT_10692,INDIVIDUAL,400000,VERIFIED,49.0,metro
ENT_10693,INDIVIDUAL,9300000,VERIFIED,32.0,rural
ENT_10694,INDIVIDUAL,1000000,VERIFIED,61.0,metro
ENT_10695,INDIVIDUAL,300000,VERIFIED,39.0,tier2
ENT_10696,INDIVIDUAL,1400000,VERIFIED,58.0,metro
ENT_10697,INDIVIDUAL,800000,VERIFIED,51.0,metro
ENT_10698,INDIVIDUAL,500000,VERIFIED,21.0,metro
ENT_10699,BUSINESS,73100000,VERIFIED,,metro
ENT_10700,INDIVIDUAL,500000,VERIFIED,23.0,metro
ENT_10701,TRUST,6300000,VERIFIED,,metro
ENT_10702,INDIVIDUAL,94300000,VERIFIED,26.0,metro
ENT_10703,INDIVIDUAL,5800000,VERIFIED,45.0,metro
ENT_10704,INDIVIDUAL,600000,VERIFIED,42.0,metro
ENT_10705,INDIVIDUAL,1400000,VERIFIED,33.0,rural
ENT_10706,INDIVIDUAL,2200000,VERIFIED,24.0,metro
ENT_10707,INDIVIDUAL,7900000,VERIFIED,62.0,rural
ENT_10708,BUSINESS,8500000,VERIFIED,,metro
ENT_10709,INDIVIDUAL,7700000,VERIFIED,36.0,tier2
ENT_10710,INDIVIDUAL,5500000,VERIFIED,35.0,tier2
ENT_10711,INDIVIDUAL,1200000,VERIFIED,46.0,metro
ENT_10712,INDIVIDUAL,9400000,VERIFIED,21.0,metro
ENT_10713,INDIVIDUAL,2600000,VERIFIED,61.0,metro
ENT_10714,BUSINESS,70000000,VERIFIED,,metro
ENT_10715,INDIVIDUAL,400000,VERIFIED,36.0,metro
ENT_10716,INDIVIDUAL,5600000,VERIFIED,49.0,metro
ENT_10717,INDIVIDUAL,800000,VERIFIED,28.0,metro
ENT_10718,INDIVIDUAL,7500000,VERIFIED,52.0,tier2
ENT_10719,INDIVIDUAL,300000,VERIFIED,53.0,tier2
ENT_10720,BUSINESS,7000000,VERIFIED,,rural
ENT_10721,INDIVIDUAL,0,VERIFIED,56.0,metro
ENT_10722,INDIVIDUAL,8900000,VERIFIED,49.0,metro
ENT_10723,INDIVIDUAL,7200000,VERIFIED,49.0,metro
ENT_10724,TRUST,85500000,VERIFIED,,metro
ENT_10725,INDIVIDUAL,3000000,VERIFIED,34.0,metro
ENT_10726,TRUST,3600000,VERIFIED,,rural
ENT_10727,INDIVIDUAL,400000,VERIFIED,29.0,metro
ENT_10728,INDIVIDUAL,1000000,VERIFIED,27.0,metro
ENT_10729,INDIVIDUAL,0,VERIFIED,48.0,metro
ENT_10730,BUSINESS,6400000,VERIFIED,,metro
ENT_10731,INDIVIDUAL,71800000,VERIFIED,53.0,tier2
ENT_10732,INDIVIDUAL,1000000,VERIFIED,31.0,metro
ENT_10733,INDIVIDUAL,0,VERIFIED,18.0,tier2
ENT_10734,BUSINESS,47400000,VERIFIED,,metro
ENT_10735,BUSINESS,6300000,VERIFIED,,rural
ENT_10736,INDIVIDUAL,0,VERIFIED,56.0,metro
ENT_10737,TRUST,1700000,VERIFIED,,tier2
ENT_10738,INDIVIDUAL,10000000,VERIFIED,62.0,tier2
ENT_10739,TRUST,2200000,VERIFIED,,tier2
ENT_10740,INDIVIDUAL,1100000,VERIFIED,25.0,metro
ENT_10741,BUSINESS,23800000,VERIFIED,,tier2
ENT_10742,INDIVIDUAL,600000,VERIFIED,60.0,rural
ENT_10743,INDIVIDUAL,5000000,VERIFIED,39.0,metro
ENT_10744,INDIVIDUAL,1200000,VERIFIED,61.0,metro
ENT_10745,INDIVIDUAL,2600000,VERIFIED,58.0,metro
ENT_10746,INDIVIDUAL,67800000,VERIFIED,61.0,rural
ENT_10747,INDIVIDUAL,1500000,VERIFIED,30.0,rural
ENT_10748,TRUST,1300000,VERIFIED,,tier2
ENT_10749,INDIVIDUAL,6800000,VERIFIED,32.0,metro
ENT_10750,INDIVIDUAL,1300000,VERIFIED,32.0,metro
ENT_10751,INDIVIDUAL,7300000,VERIFIED,28.0,metro
ENT_10752,INDIVIDUAL,1200000,VERIFIED,65.0,metro
ENT_10753,INDIVIDUAL,2000000,VERIFIED,28.0,metro
ENT_10754,INDIVIDUAL,8500000,VERIFIED,45.0,rural
ENT_10755,TRUST,97100000,VERIFIED,,metro
ENT_10756,TRUST,7000000,VERIFIED,,tier2
ENT_10757,TRUST,28000000,VERIFIED,,rural
ENT_10758,INDIVIDUAL,9000000,VERIFIED,22.0,metro
ENT_10759,BUSINESS,2100000,VERIFIED,,rural
ENT_10760,INDIVIDUAL,1200000,VERIFIED,40.0,metro
ENT_10761,INDIVIDUAL,1700000,VERIFIED,24.0,rural
ENT_10762,INDIVIDUAL,700000,VERIFIED,19.0,tier2
ENT_10763,INDIVIDUAL,400000,VERIFIED,60.0,rural
ENT_10764,INDIVIDUAL,800000,VERIFIED,48.0,metro
ENT_10765,INDIVIDUAL,0,VERIFIED,31.0,metro
ENT_10766,INDIVIDUAL,7000000,VERIFIED,37.0,metro
ENT_10767,INDIVIDUAL,75800000,VERIFIED,33.0,tier2
ENT_10768,BUSINESS,9800000,VERIFIED,,tier2
ENT_10769,BUSINESS,5900000,VERIFIED,,metro
ENT_10770,INDIVIDUAL,500000,VERIFIED,55.0,rural
ENT_10771,INDIVIDUAL,600000,VERIFIED,48.0,rural
ENT_10772,INDIVIDUAL,500000,VERIFIED,56.0,tier2
ENT_10773,BUSINESS,2100000,VERIFIED,,metro
ENT_10774,INDIVIDUAL,300000,VERIFIED,41.0,metro
ENT_10775,INDIVIDUAL,8100000,VERIFIED,64.0,rural
ENT_10776,INDIVIDUAL,500000,VERIFIED,54.0,metro
ENT_10777,INDIVIDUAL,6000000,VERIFIED,39.0,rural
ENT_10778,INDIVIDUAL,7300000,VERIFIED,42.0,metro
ENT_10779,INDIVIDUAL,4800000,VERIFIED,41.0,metro
ENT_10780,INDIVIDUAL,3600000,VERIFIED,42.0,metro
ENT_10781,INDIVIDUAL,4600000,VERIFIED,28.0,rural
ENT_10782,INDIVIDUAL,700000,VERIFIED,45.0,metro
ENT_10783,BUSINESS,3100000,VERIFIED,,metro
ENT_10784,INDIVIDUAL,1000000,VERIFIED,37.0,tier2
ENT_10785,INDIVIDUAL,800000,VERIFIED,39.0,rural
ENT_10786,INDIVIDUAL,1500000,VERIFIED,28.0,tier2
ENT_10787,INDIVIDUAL,4300000,VERIFIED,27.0,metro
ENT_10788,INDIVIDUAL,5800000,VERIFIED,35.0,metro
ENT_10789,INDIVIDUAL,9300000,VERIFIED,43.0,metro
ENT_10790,INDIVIDUAL,1500000,VERIFIED,50.0,tier2
ENT_10791,BUSINESS,6400000,VERIFIED,,metro
ENT_10792,INDIVIDUAL,4000000,VERIFIED,54.0,tier2
ENT_10793,INDIVIDUAL,0,VERIFIED,65.0,tier2
ENT_10794,BUSINESS,4200000,VERIFIED,,metro
ENT_10795,INDIVIDUAL,4300000,VERIFIED,31.0,rural
ENT_10796,INDIVIDUAL,16200000,VERIFIED,63.0,tier2
ENT_10797,BUSINESS,5300000,VERIFIED,,tier2
ENT_10798,INDIVIDUAL,7400000,VERIFIED,59.0,rural
ENT_10799,INDIVIDUAL,700000,VERIFIED,58.0,tier2
ENT_10800,INDIVIDUAL,8300000,VERIFIED,54.0,tier2
ENT_10801,INDIVIDUAL,800000,VERIFIED,64.0,metro
ENT_10802,INDIVIDUAL,1700000,VERIFIED,64.0,tier2
ENT_10803,INDIVIDUAL,500000,VERIFIED,48.0,metro
ENT_10804,INDIVIDUAL,7300000,VERIFIED,61.0,tier2
ENT_10805,INDIVIDUAL,6700000,VERIFIED,51.0,rural
ENT_10806,BUSINESS,28500000,VERIFIED,,tier2
ENT_10807,INDIVIDUAL,2300000,VERIFIED,39.0,tier2
ENT_10808,INDIVIDUAL,1000000,VERIFIED,51.0,tier2
ENT_10809,BUSINESS,21000000,VERIFIED,,metro
ENT_10810,TRUST,9600000,VERIFIED,,rural
ENT_10811,INDIVIDUAL,1000000,VERIFIED,22.0,tier2
ENT_10812,INDIVIDUAL,2900000,VERIFIED,47.0,metro
ENT_10813,INDIVIDUAL,1200000,VERIFIED,18.0,tier2
ENT_10814,INDIVIDUAL,5700000,VERIFIED,57.0,tier2
ENT_10815,INDIVIDUAL,0,VERIFIED,53.0,rural
ENT_10816,INDIVIDUAL,0,VERIFIED,31.0,rural
ENT_10817,INDIVIDUAL,5800000,VERIFIED,22.0,metro
ENT_10818,INDIVIDUAL,0,VERIFIED,37.0,rural
ENT_10819,INDIVIDUAL,73600000,VERIFIED,48.0,metro
ENT_10820,INDIVIDUAL,39500000,VERIFIED,22.0,tier2
ENT_10821,INDIVIDUAL,1100000,VERIFIED,18.0,metro
ENT_10822,INDIVIDUAL,1400000,VERIFIED,64.0,tier2
ENT_10823,INDIVIDUAL,4400000,VERIFIED,20.0,metro
ENT_10824,INDIVIDUAL,0,VERIFIED,30.0,rural
ENT_10825,INDIVIDUAL,59600000,VERIFIED,19.0,tier2
ENT_10826,INDIVIDUAL,1000000,VERIFIED,55.0,metro
ENT_10827,INDIVIDUAL,3900000,VERIFIED,48.0,metro
ENT_10828,INDIVIDUAL,92100000,VERIFIED,54.0,tier2
ENT_10829,INDIVIDUAL,7200000,VERIFIED,37.0,metro
ENT_10830,INDIVIDUAL,0,VERIFIED,43.0,tier2
ENT_10831,BUSINESS,39900000,VERIFIED,,metro
ENT_10832,INDIVIDUAL,400000,VERIFIED,50.0,metro
ENT_10833,INDIVIDUAL,6000000,VERIFIED,42.0,tier2
ENT_10834,INDIVIDUAL,0,VERIFIED,24.0,metro
ENT_10835,BUSINESS,14100000,VERIFIED,,metro
ENT_10836,INDIVIDUAL,0,VERIFIED,18.0,rural
ENT_10837,INDIVIDUAL,400000,VERIFIED,28.0,tier2
ENT_10838,INDIVIDUAL,1200000,VERIFIED,20.0,metro
ENT_10839,BUSINESS,7900000,VERIFIED,,rural
ENT_10840,INDIVIDUAL,4400000,VERIFIED,64.0,tier2
ENT_10841,INDIVIDUAL,1000000,VERIFIED,45.0,tier2
ENT_10842,BUSINESS,2400000,VERIFIED,,metro
ENT_10843,INDIVIDUAL,0,VERIFIED,45.0,metro
ENT_10844,INDIVIDUAL,500000,VERIFIED,41.0,metro
ENT_10845,INDIVIDUAL,8500000,VERIFIED,39.0,tier2
ENT_10846,INDIVIDUAL,500000,VERIFIED,24.0,metro
ENT_10847,BUSINESS,5100000,VERIFIED,,metro
ENT_10848,INDIVIDUAL,5900000,VERIFIED,38.0,metro
ENT_10849,TRUST,2000000,VERIFIED,,rural
ENT_10850,INDIVIDUAL,5100000,VERIFIED,34.0,tier2
ENT_10851,INDIVIDUAL,5400000,VERIFIED,57.0,rural
ENT_10852,INDIVIDUAL,27400000,VERIFIED,36.0,metro
ENT_10853,INDIVIDUAL,6300000,VERIFIED,31.0,metro
ENT_10854,INDIVIDUAL,1300000,VERIFIED,47.0,tier2
ENT_10855,INDIVIDUAL,400000,VERIFIED,61.0,rural
ENT_10856,INDIVIDUAL,900000,VERIFIED,23.0,tier2
ENT_10857,INDIVIDUAL,1100000,VERIFIED,33.0,metro
ENT_10858,INDIVIDUAL,1400000,VERIFIED,47.0,metro
ENT_10859,INDIVIDUAL,1100000,VERIFIED,65.0,metro
ENT_10860,INDIVIDUAL,72900000,VERIFIED,21.0,metro
ENT_10861,BUSINESS,33500000,VERIFIED,,metro
ENT_10862,INDIVIDUAL,900000,VERIFIED,46.0,tier2
ENT_10863,INDIVIDUAL,1400000,VERIFIED,58.0,metro
ENT_10864,INDIVIDUAL,6500000,VERIFIED,59.0,metro
ENT_10865,INDIVIDUAL,0,VERIFIED,58.0,metro
ENT_10866,INDIVIDUAL,900000,VERIFIED,37.0,rural
ENT_10867,INDIVIDUAL,5100000,VERIFIED,58.0,tier2
ENT_10868,INDIVIDUAL,900000,VERIFIED,40.0,metro
ENT_10869,INDIVIDUAL,1400000,VERIFIED,58.0,metro
ENT_10870,INDIVIDUAL,1000000,VERIFIED,50.0,tier2
ENT_10871,INDIVIDUAL,7600000,VERIFIED,47.0,tier2
ENT_10872,INDIVIDUAL,3200000,VERIFIED,47.0,tier2
ENT_10873,INDIVIDUAL,1500000,VERIFIED,64.0,tier2
ENT_10874,INDIVIDUAL,700000,VERIFIED,56.0,tier2
ENT_10875,INDIVIDUAL,700000,VERIFIED,39.0,tier2
ENT_10876,INDIVIDUAL,1400000,VERIFIED,19.0,tier2
ENT_10877,INDIVIDUAL,700000,VERIFIED,32.0,metro
ENT_10878,INDIVIDUAL,8200000,VERIFIED,36.0,metro
ENT_10879,BUSINESS,3700000,VERIFIED,,metro
ENT_10880,INDIVIDUAL,5200000,VERIFIED,64.0,metro
ENT_10881,INDIVIDUAL,1500000,VERIFIED,28.0,rural
ENT_10882,INDIVIDUAL,6300000,VERIFIED,41.0,tier2
ENT_10883,INDIVIDUAL,1300000,VERIFIED,27.0,tier2
ENT_10884,TRUST,2400000,VERIFIED,,metro
ENT_10885,BUSINESS,17400000,VERIFIED,,tier2
ENT_10886,INDIVIDUAL,1000000,VERIFIED,48.0,rural
ENT_10887,INDIVIDUAL,400000,VERIFIED,25.0,rural
ENT_10888,INDIVIDUAL,2300000,VERIFIED,58.0,metro
ENT_10889,INDIVIDUAL,0,VERIFIED,33.0,tier2
ENT_10890,INDIVIDUAL,0,VERIFIED,40.0,tier2
ENT_10891,BUSINESS,13900000,VERIFIED,,tier2
ENT_10892,INDIVIDUAL,1200000,VERIFIED,46.0,rural
ENT_10893,INDIVIDUAL,1000000,VERIFIED,65.0,tier2
ENT_10894,INDIVIDUAL,1500000,VERIFIED,41.0,metro
ENT_10895,INDIVIDUAL,2100000,VERIFIED,21.0,metro
ENT_10896,INDIVIDUAL,600000,VERIFIED,18.0,metro
ENT_10897,INDIVIDUAL,1500000,VERIFIED,18.0,tier2
ENT_10898,INDIVIDUAL,2800000,VERIFIED,46.0,tier2
ENT_10899,INDIVIDUAL,9100000,VERIFIED,51.0,metro
ENT_10900,BUSINESS,92900000,VERIFIED,,metro
ENT_10901,INDIVIDUAL,2200000,VERIFIED,23.0,metro
ENT_10902,INDIVIDUAL,0,VERIFIED,39.0,metro
ENT_10903,INDIVIDUAL,7000000,VERIFIED,23.0,metro
ENT_10904,INDIVIDUAL,29000000,VERIFIED,45.0,tier2
ENT_10905,INDIVIDUAL,1300000,VERIFIED,42.0,tier2
ENT_10906,BUSINESS,4600000,VERIFIED,,rural
ENT_10907,INDIVIDUAL,1400000,VERIFIED,50.0,rural
ENT_10908,INDIVIDUAL,1400000,VERIFIED,64.0,metro
ENT_10909,INDIVIDUAL,5000000,VERIFIED,37.0,rural
ENT_10910,INDIVIDUAL,1000000,VERIFIED,34.0,metro
ENT_10911,INDIVIDUAL,800000,VERIFIED,26.0,tier2
ENT_10912,BUSINESS,9300000,VERIFIED,,metro
ENT_10913,BUSINESS,3300000,VERIFIED,,rural
ENT_10914,INDIVIDUAL,700000,VERIFIED,19.0,tier2
ENT_10915,BUSINESS,1100000,VERIFIED,,metro
ENT_10916,INDIVIDUAL,2500000,VERIFIED,25.0,tier2
ENT_10917,BUSINESS,91900000,VERIFIED,,metro
ENT_10918,INDIVIDUAL,9300000,VERIFIED,20.0,tier2
ENT_10919,INDIVIDUAL,5800000,VERIFIED,42.0,rural
ENT_10920,TRUST,3700000,VERIFIED,,metro
ENT_10921,INDIVIDUAL,1400000,VERIFIED,18.0,metro
ENT_10922,INDIVIDUAL,9300000,VERIFIED,40.0,tier2
ENT_10923,BUSINESS,9100000,VERIFIED,,metro
ENT_10924,INDIVIDUAL,1000000,VERIFIED,60.0,tier2
ENT_10925,INDIVIDUAL,3000000,VERIFIED,37.0,metro
ENT_10926,INDIVIDUAL,300000,VERIFIED,25.0,metro
ENT_10927,INDIVIDUAL,1800000,VERIFIED,46.0,metro
ENT_10928,INDIVIDUAL,5600000,VERIFIED,53.0,metro
ENT_10929,INDIVIDUAL,1200000,VERIFIED,58.0,metro
ENT_10930,INDIVIDUAL,1200000,VERIFIED,37.0,metro
ENT_10931,INDIVIDUAL,7000000,VERIFIED,22.0,metro
ENT_10932,INDIVIDUAL,1300000,VERIFIED,56.0,metro
ENT_10933,BUSINESS,1700000,VERIFIED,,rural
ENT_10934,INDIVIDUAL,1500000,VERIFIED,29.0,metro
ENT_10935,INDIVIDUAL,31800000,VERIFIED,57.0,metro
ENT_10936,INDIVIDUAL,3500000,VERIFIED,25.0,metro
ENT_10937,INDIVIDUAL,0,VERIFIED,56.0,tier2
ENT_10938,BUSINESS,67100000,VERIFIED,,metro
ENT_10939,INDIVIDUAL,800000,VERIFIED,24.0,metro
ENT_10940,INDIVIDUAL,500000,VERIFIED,21.0,tier2
ENT_10941,INDIVIDUAL,46200000,VERIFIED,20.0,rural
ENT_10942,INDIVIDUAL,9700000,VERIFIED,59.0,metro
ENT_10943,INDIVIDUAL,1400000,VERIFIED,43.0,tier2
ENT_10944,INDIVIDUAL,400000,VERIFIED,44.0,metro
ENT_10945,INDIVIDUAL,1500000,VERIFIED,23.0,metro
ENT_10946,INDIVIDUAL,7900000,VERIFIED,38.0,metro
ENT_10947,INDIVIDUAL,500000,VERIFIED,24.0,tier2
ENT_10948,INDIVIDUAL,1100000,VERIFIED,63.0,metro
ENT_10949,TRUST,9700000,VERIFIED,,metro
ENT_10950,INDIVIDUAL,500000,VERIFIED,27.0,tier2
ENT_10951,INDIVIDUAL,6100000,VERIFIED,23.0,metro
ENT_10952,BUSINESS,8900000,VERIFIED,,tier2
ENT_10953,INDIVIDUAL,4700000,VERIFIED,50.0,metro
ENT_10954,INDIVIDUAL,600000,VERIFIED,19.0,metro
ENT_10955,INDIVIDUAL,9600000,VERIFIED,46.0,tier2
ENT_10956,INDIVIDUAL,1300000,VERIFIED,36.0,rural
ENT_10957,BUSINESS,98800000,VERIFIED,,metro
ENT_10958,INDIVIDUAL,600000,VERIFIED,29.0,rural
ENT_10959,INDIVIDUAL,4100000,VERIFIED,63.0,metro
ENT_10960,INDIVIDUAL,800000,VERIFIED,47.0,tier2
ENT_10961,BUSINESS,6800000,VERIFIED,,rural
ENT_10962,INDIVIDUAL,44400000,VERIFIED,19.0,metro
ENT_10963,TRUST,5900000,VERIFIED,,tier2
ENT_10964,INDIVIDUAL,0,VERIFIED,41.0,tier2
ENT_10965,INDIVIDUAL,53000000,VERIFIED,50.0,tier2
ENT_10966,INDIVIDUAL,3600000,VERIFIED,26.0,metro
ENT_10967,TRUST,9300000,VERIFIED,,tier2
ENT_10968,INDIVIDUAL,1100000,VERIFIED,61.0,tier2
ENT_10969,INDIVIDUAL,7600000,VERIFIED,36.0,tier2
ENT_10970,INDIVIDUAL,5900000,VERIFIED,21.0,metro
ENT_10971,BUSINESS,1000000,VERIFIED,,rural
ENT_10972,INDIVIDUAL,600000,VERIFIED,51.0,rural
ENT_10973,INDIVIDUAL,1300000,VERIFIED,55.0,tier2
ENT_10974,INDIVIDUAL,0,VERIFIED,24.0,tier2
ENT_10975,INDIVIDUAL,400000,VERIFIED,57.0,tier2
ENT_10976,BUSINESS,44000000,VERIFIED,,metro
ENT_10977,BUSINESS,85400000,VERIFIED,,metro
ENT_10978,INDIVIDUAL,0,VERIFIED,50.0,metro
ENT_10979,INDIVIDUAL,9700000,VERIFIED,38.0,tier2
ENT_10980,INDIVIDUAL,1200000,VERIFIED,23.0,metro
ENT_10981,INDIVIDUAL,3100000,VERIFIED,50.0,metro
ENT_10982,INDIVIDUAL,6500000,VERIFIED,39.0,tier2
ENT_10983,INDIVIDUAL,30500000,VERIFIED,22.0,metro
ENT_10984,BUSINESS,39600000,VERIFIED,,tier2
ENT_10985,INDIVIDUAL,1400000,VERIFIED,65.0,metro
ENT_10986,TRUST,45000000,VERIFIED,,tier2
ENT_10987,TRUST,16400000,VERIFIED,,metro
ENT_10988,INDIVIDUAL,900000,VERIFIED,45.0,tier2
ENT_10989,INDIVIDUAL,1200000,VERIFIED,25.0,metro
ENT_10990,INDIVIDUAL,4200000,VERIFIED,52.0,tier2
ENT_10991,INDIVIDUAL,3400000,VERIFIED,36.0,metro
ENT_10992,INDIVIDUAL,0,VERIFIED,30.0,metro
ENT_10993,INDIVIDUAL,1200000,VERIFIED,44.0,rural
ENT_10994,TRUST,40800000,VERIFIED,,tier2
ENT_10995,INDIVIDUAL,4800000,VERIFIED,63.0,metro
ENT_10996,INDIVIDUAL,7200000,VERIFIED,31.0,tier2
ENT_10997,INDIVIDUAL,1500000,VERIFIED,26.0,rural
ENT_10998,BUSINESS,58200000,VERIFIED,,metro
ENT_10999,INDIVIDUAL,1700000,VERIFIED,31.0,tier2
ENT_11000,INDIVIDUAL,1500000,VERIFIED,60.0,metro
ENT_11001,INDIVIDUAL,6300000,VERIFIED,38.0,tier2
ENT_11002,INDIVIDUAL,80600000,VERIFIED,65.0,metro
ENT_11003,INDIVIDUAL,1000000,VERIFIED,49.0,metro
ENT_11004,INDIVIDUAL,1400000,VERIFIED,33.0,tier2
ENT_11005,INDIVIDUAL,9100000,VERIFIED,33.0,metro
ENT_11006,BUSINESS,89500000,VERIFIED,,metro
ENT_11007,BUSINESS,53100000,VERIFIED,,rural
ENT_11008,INDIVIDUAL,1500000,VERIFIED,44.0,rural
ENT_11009,INDIVIDUAL,8700000,VERIFIED,32.0,metro
ENT_11010,INDIVIDUAL,7200000,VERIFIED,47.0,metro
ENT_11011,BUSINESS,30700000,VERIFIED,,tier2
ENT_11012,BUSINESS,7600000,VERIFIED,,metro
ENT_11013,INDIVIDUAL,32300000,VERIFIED,60.0,rural
ENT_11014,INDIVIDUAL,4100000,VERIFIED,39.0,tier2
ENT_11015,INDIVIDUAL,1300000,VERIFIED,25.0,rural
ENT_11016,INDIVIDUAL,2700000,VERIFIED,21.0,metro
ENT_11017,INDIVIDUAL,900000,VERIFIED,36.0,rural
ENT_11018,INDIVIDUAL,0,VERIFIED,50.0,rural
ENT_11019,INDIVIDUAL,7300000,VERIFIED,63.0,rural
ENT_11020,INDIVIDUAL,7500000,VERIFIED,37.0,metro
ENT_11021,INDIVIDUAL,7200000,VERIFIED,57.0,tier2
ENT_11022,INDIVIDUAL,7100000,VERIFIED,23.0,metro
ENT_11023,BUSINESS,52600000,VERIFIED,,metro
ENT_11024,BUSINESS,70300000,VERIFIED,,tier2
ENT_11025,BUSINESS,19800000,VERIFIED,,metro
ENT_11026,BUSINESS,2700000,VERIFIED,,tier2
ENT_11027,INDIVIDUAL,50100000,VERIFIED,51.0,rural
ENT_11028,INDIVIDUAL,8700000,VERIFIED,54.0,tier2
ENT_11029,INDIVIDUAL,0,VERIFIED,29.0,rural
ENT_11030,BUSINESS,1600000,VERIFIED,,rural
ENT_11031,BUSINESS,4400000,VERIFIED,,tier2
ENT_11032,INDIVIDUAL,900000,VERIFIED,41.0,rural
ENT_11033,TRUST,28200000,VERIFIED,,rural
ENT_11034,INDIVIDUAL,900000,VERIFIED,21.0,metro
ENT_11035,TRUST,98300000,VERIFIED,,tier2
ENT_11036,TRUST,8500000,VERIFIED,,metro
ENT_11037,INDIVIDUAL,1100000,VERIFIED,45.0,tier2
ENT_11038,INDIVIDUAL,1500000,VERIFIED,54.0,metro
ENT_11039,INDIVIDUAL,1300000,VERIFIED,30.0,metro
ENT_11040,INDIVIDUAL,400000,VERIFIED,35.0,tier2
ENT_11041,TRUST,9500000,VERIFIED,,rural
ENT_11042,INDIVIDUAL,4800000,VERIFIED,53.0,rural
ENT_11043,INDIVIDUAL,5600000,VERIFIED,33.0,rural
ENT_11044,INDIVIDUAL,1600000,VERIFIED,20.0,tier2
ENT_11045,INDIVIDUAL,41900000,VERIFIED,21.0,rural
ENT_11046,INDIVIDUAL,400000,VERIFIED,61.0,metro
ENT_11047,INDIVIDUAL,3300000,VERIFIED,33.0,tier2
ENT_11048,INDIVIDUAL,600000,VERIFIED,37.0,rural
ENT_11049,INDIVIDUAL,0,VERIFIED,58.0,metro
ENT_11050,BUSINESS,99200000,VERIFIED,,rural
ENT_11051,INDIVIDUAL,0,VERIFIED,48.0,tier2
ENT_11052,INDIVIDUAL,9400000,VERIFIED,64.0,tier2
ENT_11053,INDIVIDUAL,1300000,VERIFIED,57.0,metro
ENT_11054,INDIVIDUAL,500000,VERIFIED,49.0,rural
ENT_11055,INDIVIDUAL,1400000,VERIFIED,39.0,rural
ENT_11056,BUSINESS,7200000,VERIFIED,,tier2
ENT_11057,INDIVIDUAL,0,VERIFIED,27.0,metro
ENT_11058,INDIVIDUAL,4500000,VERIFIED,55.0,metro
ENT_11059,INDIVIDUAL,81500000,VERIFIED,59.0,rural
ENT_11060,INDIVIDUAL,6000000,VERIFIED,28.0,metro
ENT_11061,INDIVIDUAL,900000,VERIFIED,38.0,rural
ENT_11062,INDIVIDUAL,7400000,VERIFIED,45.0,metro
ENT_11063,INDIVIDUAL,6600000,VERIFIED,50.0,metro
ENT_11064,INDIVIDUAL,1300000,VERIFIED,47.0,metro
ENT_11065,INDIVIDUAL,3400000,VERIFIED,62.0,tier2
ENT_11066,INDIVIDUAL,0,VERIFIED,42.0,tier2
ENT_11067,INDIVIDUAL,7200000,VERIFIED,58.0,metro
ENT_11068,INDIVIDUAL,8300000,VERIFIED,45.0,tier2
ENT_11069,INDIVIDUAL,500000,VERIFIED,46.0,tier2
ENT_11070,BUSINESS,9900000,VERIFIED,,rural
ENT_11071,INDIVIDUAL,7400000,VERIFIED,58.0,tier2
ENT_11072,INDIVIDUAL,4600000,VERIFIED,45.0,rural
ENT_11073,INDIVIDUAL,8600000,VERIFIED,23.0,tier2
ENT_11074,BUSINESS,71500000,VERIFIED,,tier2
ENT_11075,INDIVIDUAL,1400000,VERIFIED,30.0,tier2
ENT_11076,INDIVIDUAL,2800000,VERIFIED,28.0,metro
ENT_11077,BUSINESS,12600000,VERIFIED,,tier2
ENT_11078,INDIVIDUAL,1400000,VERIFIED,49.0,tier2
ENT_11079,INDIVIDUAL,1000000,VERIFIED,63.0,tier2
ENT_11080,INDIVIDUAL,300000,VERIFIED,55.0,metro
ENT_11081,INDIVIDUAL,600000,VERIFIED,19.0,rural
ENT_11082,INDIVIDUAL,500000,VERIFIED,40.0,rural
ENT_11083,INDIVIDUAL,500000,VERIFIED,28.0,metro
ENT_11084,INDIVIDUAL,1500000,VERIFIED,41.0,tier2
ENT_11085,INDIVIDUAL,800000,VERIFIED,41.0,rural
ENT_11086,INDIVIDUAL,400000,VERIFIED,36.0,tier2
ENT_11087,INDIVIDUAL,53200000,VERIFIED,29.0,metro
ENT_11088,INDIVIDUAL,900000,VERIFIED,18.0,metro
ENT_11089,INDIVIDUAL,7400000,VERIFIED,21.0,metro
ENT_11090,INDIVIDUAL,0,VERIFIED,34.0,metro
ENT_11091,INDIVIDUAL,9600000,VERIFIED,45.0,metro
ENT_11092,INDIVIDUAL,4000000,VERIFIED,56.0,tier2
ENT_11093,INDIVIDUAL,600000,VERIFIED,60.0,rural
ENT_11094,INDIVIDUAL,8800000,VERIFIED,30.0,metro
ENT_11095,INDIVIDUAL,1000000,VERIFIED,45.0,tier2
ENT_11096,INDIVIDUAL,6100000,VERIFIED,51.0,tier2
ENT_11097,INDIVIDUAL,400000,VERIFIED,46.0,metro
ENT_11098,BUSINESS,5800000,VERIFIED,,metro
ENT_11099,INDIVIDUAL,300000,VERIFIED,49.0,rural
ENT_11100,INDIVIDUAL,9000000,VERIFIED,57.0,metro
ENT_11101,INDIVIDUAL,1400000,VERIFIED,58.0,metro
ENT_11102,INDIVIDUAL,1300000,VERIFIED,42.0,rural
ENT_11103,INDIVIDUAL,51300000,VERIFIED,19.0,tier2
ENT_11104,BUSINESS,8600000,VERIFIED,,rural
ENT_11105,INDIVIDUAL,1700000,VERIFIED,52.0,metro
ENT_11106,INDIVIDUAL,6200000,VERIFIED,60.0,tier2
ENT_11107,INDIVIDUAL,0,VERIFIED,21.0,metro
ENT_11108,INDIVIDUAL,6600000,VERIFIED,52.0,rural
ENT_11109,TRUST,9900000,VERIFIED,,tier2
ENT_11110,INDIVIDUAL,72300000,VERIFIED,20.0,metro
ENT_11111,INDIVIDUAL,900000,VERIFIED,50.0,rural
ENT_11112,INDIVIDUAL,3700000,VERIFIED,20.0,metro
ENT_11113,INDIVIDUAL,1300000,VERIFIED,45.0,metro
ENT_11114,INDIVIDUAL,300000,VERIFIED,63.0,metro
ENT_11115,INDIVIDUAL,80900000,VERIFIED,48.0,metro
ENT_11116,INDIVIDUAL,1100000,VERIFIED,35.0,tier2
ENT_11117,INDIVIDUAL,6200000,VERIFIED,43.0,metro
ENT_11118,INDIVIDUAL,900000,VERIFIED,33.0,rural
ENT_11119,TRUST,51200000,VERIFIED,,rural
ENT_11120,INDIVIDUAL,1500000,VERIFIED,27.0,rural
ENT_11121,INDIVIDUAL,1400000,VERIFIED,18.0,metro
ENT_11122,INDIVIDUAL,4800000,VERIFIED,32.0,tier2
ENT_11123,INDIVIDUAL,1500000,VERIFIED,18.0,metro
ENT_11124,INDIVIDUAL,7500000,VERIFIED,45.0,metro
ENT_11125,INDIVIDUAL,3000000,VERIFIED,62.0,rural
ENT_11126,INDIVIDUAL,5000000,VERIFIED,62.0,metro
ENT_11127,INDIVIDUAL,8800000,VERIFIED,19.0,metro
ENT_11128,INDIVIDUAL,5400000,VERIFIED,64.0,tier2
ENT_11129,INDIVIDUAL,700000,VERIFIED,38.0,metro
ENT_11130,INDIVIDUAL,1200000,VERIFIED,43.0,metro
ENT_11131,INDIVIDUAL,1200000,VERIFIED,56.0,tier2
ENT_11132,INDIVIDUAL,500000,VERIFIED,62.0,metro
ENT_11133,BUSINESS,5100000,VERIFIED,,rural
ENT_11134,INDIVIDUAL,0,VERIFIED,27.0,metro
ENT_11135,INDIVIDUAL,1700000,VERIFIED,48.0,rural
ENT_11136,BUSINESS,88200000,VERIFIED,,rural
ENT_11137,INDIVIDUAL,7800000,VERIFIED,62.0,metro
ENT_11138,INDIVIDUAL,600000,VERIFIED,53.0,metro
ENT_11139,INDIVIDUAL,0,VERIFIED,45.0,tier2
ENT_11140,BUSINESS,7300000,VERIFIED,,metro
ENT_11141,INDIVIDUAL,0,VERIFIED,57.0,rural
ENT_11142,BUSINESS,47400000,VERIFIED,,tier2
ENT_11143,BUSINESS,8400000,VERIFIED,,rural
ENT_11144,INDIVIDUAL,700000,VERIFIED,34.0,metro
ENT_11145,BUSINESS,3300000,VERIFIED,,metro
ENT_11146,INDIVIDUAL,72900000,VERIFIED,37.0,metro
ENT_11147,INDIVIDUAL,8300000,VERIFIED,54.0,metro
ENT_11148,INDIVIDUAL,1200000,VERIFIED,56.0,metro
ENT_11149,BUSINESS,5000000,VERIFIED,,metro
ENT_11150,INDIVIDUAL,59300000,VERIFIED,18.0,metro
ENT_11151,INDIVIDUAL,8600000,VERIFIED,41.0,tier2
ENT_11152,INDIVIDUAL,600000,VERIFIED,44.0,rural
ENT_11153,INDIVIDUAL,0,VERIFIED,26.0,tier2
ENT_11154,INDIVIDUAL,0,VERIFIED,50.0,tier2
ENT_11155,INDIVIDUAL,1300000,VERIFIED,61.0,metro
ENT_11156,INDIVIDUAL,1100000,VERIFIED,27.0,metro
ENT_11157,INDIVIDUAL,7600000,VERIFIED,55.0,tier2
ENT_11158,INDIVIDUAL,2700000,VERIFIED,50.0,tier2
ENT_11159,BUSINESS,8000000,VERIFIED,,metro
ENT_11160,INDIVIDUAL,0,VERIFIED,40.0,metro
ENT_11161,INDIVIDUAL,0,VERIFIED,30.0,tier2
ENT_11162,INDIVIDUAL,900000,VERIFIED,21.0,metro
ENT_11163,INDIVIDUAL,1100000,VERIFIED,54.0,metro
ENT_11164,INDIVIDUAL,16900000,VERIFIED,53.0,rural
ENT_11165,INDIVIDUAL,0,VERIFIED,33.0,tier2
ENT_11166,BUSINESS,57000000,VERIFIED,,metro
ENT_11167,INDIVIDUAL,75600000,VERIFIED,21.0,tier2
ENT_11168,INDIVIDUAL,4900000,VERIFIED,51.0,metro
ENT_11169,INDIVIDUAL,600000,VERIFIED,19.0,rural
ENT_11170,BUSINESS,50100000,VERIFIED,,rural
ENT_11171,INDIVIDUAL,37800000,VERIFIED,58.0,metro
ENT_11172,INDIVIDUAL,0,VERIFIED,24.0,metro
ENT_11173,BUSINESS,5200000,VERIFIED,,metro
ENT_11174,INDIVIDUAL,900000,VERIFIED,45.0,rural
ENT_11175,BUSINESS,5400000,VERIFIED,,tier2
ENT_11176,BUSINESS,81200000,VERIFIED,,metro
ENT_11177,INDIVIDUAL,8300000,VERIFIED,31.0,rural
ENT_11178,INDIVIDUAL,4100000,VERIFIED,55.0,metro
ENT_11179,INDIVIDUAL,600000,VERIFIED,47.0,metro
ENT_11180,INDIVIDUAL,10000000,VERIFIED,30.0,metro
ENT_11181,INDIVIDUAL,8200000,VERIFIED,64.0,rural
ENT_11182,INDIVIDUAL,8500000,VERIFIED,25.0,metro
ENT_11183,INDIVIDUAL,37800000,VERIFIED,49.0,metro
ENT_11184,INDIVIDUAL,3300000,VERIFIED,34.0,tier2
ENT_11185,INDIVIDUAL,0,VERIFIED,22.0,rural
ENT_11186,INDIVIDUAL,1300000,VERIFIED,44.0,tier2
ENT_11187,INDIVIDUAL,600000,VERIFIED,58.0,rural
ENT_11188,INDIVIDUAL,1500000,VERIFIED,33.0,metro
ENT_11189,BUSINESS,4300000,VERIFIED,,metro
ENT_11190,INDIVIDUAL,1500000,VERIFIED,18.0,metro
ENT_11191,INDIVIDUAL,3300000,VERIFIED,50.0,metro
ENT_11192,INDIVIDUAL,6300000,VERIFIED,38.0,metro
ENT_11193,BUSINESS,87800000,VERIFIED,,tier2
ENT_11194,INDIVIDUAL,66700000,VERIFIED,20.0,metro
ENT_11195,INDIVIDUAL,68900000,VERIFIED,60.0,metro
ENT_11196,BUSINESS,5100000,VERIFIED,,metro
ENT_11197,INDIVIDUAL,2100000,VERIFIED,38.0,metro
ENT_11198,INDIVIDUAL,86400000,VERIFIED,39.0,metro
ENT_11199,INDIVIDUAL,7100000,VERIFIED,47.0,tier2
ENT_11200,BUSINESS,4600000,VERIFIED,,rural
ENT_11201,TRUST,5400000,VERIFIED,,tier2
ENT_11202,BUSINESS,4700000,VERIFIED,,metro
ENT_11203,INDIVIDUAL,9400000,VERIFIED,56.0,metro
ENT_11204,INDIVIDUAL,0,VERIFIED,18.0,rural
ENT_11205,INDIVIDUAL,500000,VERIFIED,43.0,metro
ENT_11206,INDIVIDUAL,1500000,VERIFIED,38.0,tier2
ENT_11207,INDIVIDUAL,9700000,VERIFIED,43.0,metro
ENT_11208,BUSINESS,46900000,VERIFIED,,tier2
ENT_11209,BUSINESS,3100000,VERIFIED,,tier2
ENT_11210,INDIVIDUAL,91600000,VERIFIED,26.0,metro
ENT_11211,BUSINESS,28500000,VERIFIED,,metro
ENT_11212,INDIVIDUAL,700000,VERIFIED,57.0,tier2
ENT_11213,INDIVIDUAL,700000,VERIFIED,42.0,rural
ENT_11214,INDIVIDUAL,600000,VERIFIED,63.0,metro
ENT_11215,BUSINESS,3500000,VERIFIED,,metro
ENT_11216,INDIVIDUAL,1900000,VERIFIED,61.0,rural
ENT_11217,INDIVIDUAL,400000,VERIFIED,46.0,rural
ENT_11218,INDIVIDUAL,7000000,VERIFIED,30.0,metro
ENT_11219,INDIVIDUAL,3400000,VERIFIED,46.0,metro
ENT_11220,INDIVIDUAL,2400000,VERIFIED,48.0,tier2
ENT_11221,INDIVIDUAL,6200000,VERIFIED,53.0,metro
ENT_11222,INDIVIDUAL,5300000,VERIFIED,60.0,rural
ENT_11223,TRUST,77700000,VERIFIED,,metro
ENT_11224,INDIVIDUAL,5000000,VERIFIED,62.0,tier2
ENT_11225,INDIVIDUAL,0,VERIFIED,46.0,metro
ENT_11226,INDIVIDUAL,3400000,VERIFIED,57.0,metro
ENT_11227,INDIVIDUAL,1400000,VERIFIED,49.0,metro
ENT_11228,INDIVIDUAL,1200000,VERIFIED,21.0,metro
ENT_11229,INDIVIDUAL,700000,VERIFIED,34.0,metro
ENT_11230,INDIVIDUAL,8600000,VERIFIED,38.0,metro
ENT_11231,INDIVIDUAL,9400000,VERIFIED,26.0,metro
ENT_11232,INDIVIDUAL,900000,VERIFIED,33.0,metro
ENT_11233,INDIVIDUAL,0,VERIFIED,45.0,rural
ENT_11234,INDIVIDUAL,1300000,VERIFIED,60.0,metro
ENT_11235,INDIVIDUAL,700000,VERIFIED,38.0,metro
ENT_11236,INDIVIDUAL,5400000,VERIFIED,29.0,metro
ENT_11237,BUSINESS,4500000,VERIFIED,,metro
ENT_11238,INDIVIDUAL,700000,VERIFIED,22.0,metro
ENT_11239,INDIVIDUAL,900000,VERIFIED,51.0,metro
ENT_11240,INDIVIDUAL,0,VERIFIED,35.0,metro
ENT_11241,INDIVIDUAL,0,VERIFIED,57.0,metro
ENT_11242,INDIVIDUAL,1300000,VERIFIED,24.0,tier2
ENT_11243,INDIVIDUAL,700000,VERIFIED,55.0,metro
ENT_11244,INDIVIDUAL,9300000,VERIFIED,40.0,metro
ENT_11245,INDIVIDUAL,3700000,VERIFIED,42.0,tier2
ENT_11246,TRUST,53600000,VERIFIED,,tier2
ENT_11247,BUSINESS,34700000,VERIFIED,,rural
ENT_11248,INDIVIDUAL,0,VERIFIED,52.0,metro
ENT_11249,INDIVIDUAL,500000,VERIFIED,30.0,tier2
ENT_11250,INDIVIDUAL,1400000,VERIFIED,47.0,rural
ENT_11251,INDIVIDUAL,5900000,VERIFIED,35.0,metro
ENT_11252,INDIVIDUAL,0,VERIFIED,18.0,metro
ENT_11253,INDIVIDUAL,1400000,VERIFIED,25.0,tier2
ENT_11254,INDIVIDUAL,7500000,VERIFIED,48.0,metro
ENT_11255,INDIVIDUAL,1300000,VERIFIED,42.0,metro
ENT_11256,TRUST,28700000,VERIFIED,,metro
ENT_11257,INDIVIDUAL,900000,VERIFIED,57.0,rural
ENT_11258,INDIVIDUAL,2800000,VERIFIED,59.0,metro
ENT_11259,INDIVIDUAL,4300000,VERIFIED,47.0,metro
ENT_11260,INDIVIDUAL,3100000,VERIFIED,44.0,tier2
ENT_11261,INDIVIDUAL,1200000,VERIFIED,31.0,metro
ENT_11262,INDIVIDUAL,3600000,VERIFIED,54.0,metro
ENT_11263,INDIVIDUAL,800000,VERIFIED,24.0,metro
ENT_11264,INDIVIDUAL,8500000,VERIFIED,45.0,metro
ENT_11265,INDIVIDUAL,1700000,VERIFIED,63.0,metro
ENT_11266,INDIVIDUAL,3000000,VERIFIED,47.0,metro
ENT_11267,INDIVIDUAL,700000,VERIFIED,59.0,tier2
ENT_11268,INDIVIDUAL,4700000,VERIFIED,23.0,tier2
ENT_11269,INDIVIDUAL,9900000,VERIFIED,30.0,metro
ENT_11270,INDIVIDUAL,9200000,VERIFIED,28.0,tier2
ENT_11271,BUSINESS,6400000,VERIFIED,,metro
ENT_11272,INDIVIDUAL,9200000,VERIFIED,54.0,tier2
ENT_11273,INDIVIDUAL,3600000,VERIFIED,41.0,rural
ENT_11274,INDIVIDUAL,7800000,VERIFIED,59.0,tier2
ENT_11275,BUSINESS,2900000,VERIFIED,,metro
ENT_11276,INDIVIDUAL,1000000,VERIFIED,38.0,metro
ENT_11277,INDIVIDUAL,800000,VERIFIED,43.0,metro
ENT_11278,INDIVIDUAL,7500000,VERIFIED,61.0,rural
ENT_11279,INDIVIDUAL,30600000,VERIFIED,52.0,metro
ENT_11280,INDIVIDUAL,1500000,VERIFIED,47.0,metro
ENT_11281,INDIVIDUAL,0,VERIFIED,28.0,metro
ENT_11282,INDIVIDUAL,1500000,VERIFIED,62.0,rural
ENT_11283,INDIVIDUAL,9200000,VERIFIED,61.0,tier2
ENT_11284,INDIVIDUAL,1400000,VERIFIED,50.0,metro
ENT_11285,INDIVIDUAL,1500000,VERIFIED,39.0,tier2
ENT_11286,INDIVIDUAL,7700000,VERIFIED,63.0,tier2
ENT_11287,INDIVIDUAL,3500000,VERIFIED,53.0,tier2
ENT_11288,INDIVIDUAL,700000,VERIFIED,31.0,metro
ENT_11289,BUSINESS,5300000,VERIFIED,,metro
ENT_11290,INDIVIDUAL,0,VERIFIED,30.0,tier2
ENT_11291,INDIVIDUAL,300000,VERIFIED,45.0,rural
ENT_11292,INDIVIDUAL,2900000,VERIFIED,65.0,metro
ENT_11293,INDIVIDUAL,1500000,VERIFIED,38.0,metro
ENT_11294,INDIVIDUAL,9500000,VERIFIED,22.0,metro
ENT_11295,INDIVIDUAL,0,VERIFIED,29.0,rural
ENT_11296,INDIVIDUAL,800000,VERIFIED,41.0,metro
ENT_11297,INDIVIDUAL,8600000,VERIFIED,50.0,metro
ENT_11298,INDIVIDUAL,4300000,VERIFIED,24.0,metro
ENT_11299,INDIVIDUAL,600000,VERIFIED,58.0,metro
ENT_11300,INDIVIDUAL,2400000,VERIFIED,36.0,metro
ENT_11301,INDIVIDUAL,800000,VERIFIED,59.0,metro
ENT_11302,INDIVIDUAL,6000000,VERIFIED,49.0,tier2
ENT_11303,INDIVIDUAL,1400000,VERIFIED,23.0,tier2
ENT_11304,INDIVIDUAL,2200000,VERIFIED,31.0,metro
ENT_11305,INDIVIDUAL,500000,VERIFIED,63.0,tier2
ENT_11306,INDIVIDUAL,700000,VERIFIED,44.0,tier2
ENT_11307,INDIVIDUAL,900000,VERIFIED,65.0,tier2
ENT_11308,INDIVIDUAL,0,VERIFIED,39.0,metro
ENT_11309,INDIVIDUAL,600000,VERIFIED,63.0,tier2
ENT_11310,INDIVIDUAL,500000,VERIFIED,47.0,rural
ENT_11311,BUSINESS,75400000,VERIFIED,,tier2
ENT_11312,INDIVIDUAL,0,VERIFIED,29.0,rural
ENT_11313,INDIVIDUAL,1300000,VERIFIED,55.0,metro
ENT_11314,INDIVIDUAL,7800000,VERIFIED,45.0,tier2
ENT_11315,TRUST,11200000,VERIFIED,,metro
ENT_11316,INDIVIDUAL,1200000,VERIFIED,43.0,tier2
ENT_11317,INDIVIDUAL,1100000,VERIFIED,24.0,rural
ENT_11318,TRUST,67500000,VERIFIED,,rural
ENT_11319,BUSINESS,22000000,VERIFIED,,metro
ENT_11320,TRUST,1400000,VERIFIED,,metro
ENT_11321,INDIVIDUAL,1000000,VERIFIED,38.0,tier2
ENT_11322,INDIVIDUAL,1000000,VERIFIED,31.0,metro
ENT_11323,INDIVIDUAL,1400000,VERIFIED,26.0,tier2
ENT_11324,BUSINESS,54400000,VERIFIED,,tier2
ENT_11325,BUSINESS,93200000,VERIFIED,,tier2
ENT_11326,INDIVIDUAL,400000,VERIFIED,42.0,metro
ENT_11327,INDIVIDUAL,9800000,VERIFIED,43.0,metro
ENT_11328,BUSINESS,96200000,VERIFIED,,metro
ENT_11329,INDIVIDUAL,85100000,VERIFIED,41.0,tier2
ENT_11330,INDIVIDUAL,300000,VERIFIED,39.0,metro
ENT_11331,INDIVIDUAL,3600000,VERIFIED,61.0,metro
ENT_11332,INDIVIDUAL,800000,VERIFIED,54.0,metro
ENT_11333,INDIVIDUAL,8400000,VERIFIED,39.0,tier2
ENT_11334,INDIVIDUAL,5200000,VERIFIED,51.0,metro
ENT_11335,INDIVIDUAL,400000,VERIFIED,34.0,tier2
ENT_11336,INDIVIDUAL,400000,VERIFIED,28.0,metro
ENT_11337,BUSINESS,14600000,VERIFIED,,metro
ENT_11338,INDIVIDUAL,8900000,VERIFIED,50.0,metro
ENT_11339,INDIVIDUAL,1300000,VERIFIED,54.0,rural
ENT_11340,INDIVIDUAL,8900000,VERIFIED,55.0,metro
ENT_11341,INDIVIDUAL,86300000,VERIFIED,24.0,metro
ENT_11342,INDIVIDUAL,0,VERIFIED,40.0,metro
ENT_11343,INDIVIDUAL,700000,VERIFIED,48.0,tier2
ENT_11344,INDIVIDUAL,80400000,VERIFIED,43.0,rural
ENT_11345,INDIVIDUAL,500000,VERIFIED,28.0,rural
ENT_11346,INDIVIDUAL,1400000,VERIFIED,35.0,tier2
ENT_11347,INDIVIDUAL,3200000,VERIFIED,36.0,metro
ENT_11348,INDIVIDUAL,1100000,VERIFIED,36.0,metro
ENT_11349,INDIVIDUAL,56400000,VERIFIED,36.0,tier2
ENT_11350,INDIVIDUAL,600000,VERIFIED,54.0,tier2
ENT_11351,BUSINESS,64000000,VERIFIED,,tier2
ENT_11352,INDIVIDUAL,1500000,VERIFIED,45.0,tier2
ENT_11353,INDIVIDUAL,8000000,VERIFIED,59.0,tier2
ENT_11354,INDIVIDUAL,1500000,VERIFIED,42.0,metro
ENT_11355,BUSINESS,8700000,VERIFIED,,rural
ENT_11356,INDIVIDUAL,0,VERIFIED,47.0,tier2
ENT_11357,INDIVIDUAL,600000,VERIFIED,40.0,rural
ENT_11358,INDIVIDUAL,5000000,VERIFIED,57.0,metro
ENT_11359,INDIVIDUAL,4000000,VERIFIED,25.0,metro
ENT_11360,INDIVIDUAL,3600000,VERIFIED,33.0,metro
ENT_11361,INDIVIDUAL,1600000,VERIFIED,37.0,rural
ENT_11362,INDIVIDUAL,5400000,VERIFIED,53.0,metro
ENT_11363,INDIVIDUAL,400000,VERIFIED,49.0,metro
ENT_11364,INDIVIDUAL,600000,VERIFIED,32.0,metro
ENT_11365,INDIVIDUAL,5300000,VERIFIED,42.0,tier2
ENT_11366,BUSINESS,16800000,VERIFIED,,metro
ENT_11367,BUSINESS,5500000,VERIFIED,,metro
ENT_11368,INDIVIDUAL,700000,VERIFIED,52.0,tier2
ENT_11369,INDIVIDUAL,900000,VERIFIED,59.0,metro
ENT_11370,INDIVIDUAL,600000,VERIFIED,19.0,tier2
ENT_11371,BUSINESS,9200000,VERIFIED,,rural
ENT_11372,BUSINESS,4100000,VERIFIED,,metro
ENT_11373,BUSINESS,10000000,VERIFIED,,metro
ENT_11374,INDIVIDUAL,700000,VERIFIED,44.0,rural
ENT_11375,INDIVIDUAL,1400000,VERIFIED,37.0,metro
ENT_11376,INDIVIDUAL,2700000,VERIFIED,31.0,metro
ENT_11377,INDIVIDUAL,700000,VERIFIED,50.0,tier2
ENT_11378,INDIVIDUAL,8600000,VERIFIED,46.0,tier2
ENT_11379,INDIVIDUAL,8600000,VERIFIED,44.0,metro
ENT_11380,INDIVIDUAL,600000,VERIFIED,59.0,metro
ENT_11381,INDIVIDUAL,7300000,VERIFIED,18.0,rural
ENT_11382,INDIVIDUAL,0,VERIFIED,45.0,metro
ENT_11383,INDIVIDUAL,90500000,VERIFIED,65.0,tier2
ENT_11384,INDIVIDUAL,0,VERIFIED,37.0,metro
ENT_11385,INDIVIDUAL,1000000,VERIFIED,39.0,metro
ENT_11386,INDIVIDUAL,1300000,VERIFIED,19.0,rural
ENT_11387,INDIVIDUAL,4200000,VERIFIED,24.0,rural
ENT_11388,INDIVIDUAL,1200000,VERIFIED,58.0,metro
ENT_11389,BUSINESS,27100000,VERIFIED,,metro
ENT_11390,INDIVIDUAL,0,VERIFIED,43.0,rural
ENT_11391,INDIVIDUAL,700000,VERIFIED,30.0,metro
ENT_11392,INDIVIDUAL,7100000,VERIFIED,57.0,rural
ENT_11393,INDIVIDUAL,1000000,VERIFIED,58.0,rural
ENT_11394,INDIVIDUAL,6200000,VERIFIED,63.0,metro
ENT_11395,BUSINESS,3600000,VERIFIED,,metro
ENT_11396,INDIVIDUAL,8000000,VERIFIED,26.0,rural
ENT_11397,BUSINESS,78200000,VERIFIED,,rural
ENT_11398,INDIVIDUAL,1900000,VERIFIED,36.0,rural
ENT_11399,INDIVIDUAL,0,VERIFIED,52.0,metro
ENT_11400,INDIVIDUAL,900000,VERIFIED,25.0,rural
ENT_11401,INDIVIDUAL,7900000,VERIFIED,36.0,tier2
ENT_11402,INDIVIDUAL,6000000,VERIFIED,19.0,rural
ENT_11403,INDIVIDUAL,500000,VERIFIED,50.0,metro
ENT_11404,INDIVIDUAL,700000,VERIFIED,23.0,tier2
ENT_11405,INDIVIDUAL,400000,VERIFIED,61.0,rural
ENT_11406,INDIVIDUAL,3400000,VERIFIED,28.0,tier2
ENT_11407,TRUST,8000000,VERIFIED,,tier2
ENT_11408,INDIVIDUAL,0,VERIFIED,54.0,metro
ENT_11409,INDIVIDUAL,3800000,VERIFIED,36.0,tier2
ENT_11410,TRUST,2000000,VERIFIED,,metro
ENT_11411,INDIVIDUAL,1300000,VERIFIED,26.0,rural
ENT_11412,BUSINESS,75300000,VERIFIED,,tier2
ENT_11413,INDIVIDUAL,2200000,VERIFIED,62.0,tier2
ENT_11414,INDIVIDUAL,300000,VERIFIED,47.0,metro
ENT_11415,INDIVIDUAL,4100000,VERIFIED,41.0,tier2
ENT_11416,INDIVIDUAL,1100000,VERIFIED,57.0,tier2
ENT_11417,INDIVIDUAL,4000000,VERIFIED,58.0,tier2
ENT_11418,INDIVIDUAL,1400000,VERIFIED,48.0,rural
ENT_11419,INDIVIDUAL,6800000,VERIFIED,56.0,metro
ENT_11420,INDIVIDUAL,1000000,VERIFIED,52.0,rural
ENT_11421,INDIVIDUAL,0,VERIFIED,53.0,tier2
ENT_11422,INDIVIDUAL,5900000,VERIFIED,44.0,metro
ENT_11423,INDIVIDUAL,7500000,VERIFIED,42.0,metro
ENT_11424,INDIVIDUAL,0,VERIFIED,43.0,metro
ENT_11425,INDIVIDUAL,4900000,VERIFIED,61.0,tier2
ENT_11426,BUSINESS,8500000,VERIFIED,,tier2
ENT_11427,INDIVIDUAL,0,VERIFIED,55.0,tier2
ENT_11428,INDIVIDUAL,0,VERIFIED,18.0,tier2
ENT_11429,INDIVIDUAL,8400000,VERIFIED,25.0,rural
ENT_11430,BUSINESS,1900000,VERIFIED,,tier2
ENT_11431,INDIVIDUAL,4100000,VERIFIED,30.0,metro
ENT_11432,INDIVIDUAL,0,VERIFIED,47.0,tier2
ENT_11433,INDIVIDUAL,15400000,VERIFIED,36.0,metro
ENT_11434,BUSINESS,8500000,VERIFIED,,metro
ENT_11435,INDIVIDUAL,1000000,VERIFIED,27.0,tier2
ENT_11436,INDIVIDUAL,37000000,VERIFIED,25.0,tier2
ENT_11437,INDIVIDUAL,8500000,VERIFIED,31.0,rural
ENT_11438,TRUST,95000000,VERIFIED,,metro
ENT_11439,INDIVIDUAL,2400000,VERIFIED,59.0,tier2
ENT_11440,INDIVIDUAL,400000,VERIFIED,30.0,metro
ENT_11441,TRUST,82900000,VERIFIED,,tier2
ENT_11442,INDIVIDUAL,900000,VERIFIED,28.0,metro
ENT_11443,BUSINESS,22500000,VERIFIED,,tier2
ENT_11444,INDIVIDUAL,91500000,VERIFIED,52.0,metro
ENT_11445,INDIVIDUAL,3900000,VERIFIED,38.0,metro
ENT_11446,INDIVIDUAL,6200000,VERIFIED,36.0,tier2
ENT_11447,INDIVIDUAL,1100000,VERIFIED,35.0,rural
ENT_11448,INDIVIDUAL,1300000,VERIFIED,57.0,metro
ENT_11449,BUSINESS,8700000,VERIFIED,,tier2
ENT_11450,BUSINESS,80100000,VERIFIED,,metro
ENT_11451,INDIVIDUAL,400000,VERIFIED,25.0,rural
ENT_11452,INDIVIDUAL,300000,VERIFIED,26.0,metro
ENT_11453,INDIVIDUAL,800000,VERIFIED,58.0,tier2
ENT_11454,TRUST,2200000,VERIFIED,,tier2
ENT_11455,TRUST,9800000,VERIFIED,,metro
ENT_11456,INDIVIDUAL,6100000,VERIFIED,49.0,rural
ENT_11457,INDIVIDUAL,400000,VERIFIED,43.0,tier2
ENT_11458,INDIVIDUAL,9100000,VERIFIED,53.0,tier2
ENT_11459,BUSINESS,19100000,VERIFIED,,tier2
ENT_11460,BUSINESS,4900000,VERIFIED,,metro
ENT_11461,BUSINESS,19000000,VERIFIED,,metro
ENT_11462,BUSINESS,58500000,VERIFIED,,metro
ENT_11463,INDIVIDUAL,1300000,VERIFIED,29.0,rural
ENT_11464,INDIVIDUAL,0,VERIFIED,25.0,tier2
ENT_11465,INDIVIDUAL,3200000,VERIFIED,37.0,tier2
ENT_11466,BUSINESS,85500000,VERIFIED,,metro
ENT_11467,INDIVIDUAL,900000,VERIFIED,54.0,metro
ENT_11468,INDIVIDUAL,1500000,VERIFIED,38.0,tier2
ENT_11469,INDIVIDUAL,1200000,VERIFIED,19.0,rural
ENT_11470,INDIVIDUAL,1400000,VERIFIED,64.0,tier2
ENT_11471,INDIVIDUAL,300000,VERIFIED,34.0,metro
ENT_11472,INDIVIDUAL,3500000,VERIFIED,58.0,metro
ENT_11473,INDIVIDUAL,5900000,VERIFIED,22.0,metro
ENT_11474,INDIVIDUAL,49700000,VERIFIED,61.0,tier2
ENT_11475,INDIVIDUAL,900000,VERIFIED,37.0,tier2
ENT_11476,INDIVIDUAL,91500000,VERIFIED,59.0,rural
ENT_11477,BUSINESS,7700000,VERIFIED,,metro
ENT_11478,INDIVIDUAL,1900000,VERIFIED,50.0,metro
ENT_11479,INDIVIDUAL,500000,VERIFIED,32.0,tier2
ENT_11480,INDIVIDUAL,800000,VERIFIED,41.0,metro
ENT_11481,BUSINESS,27500000,VERIFIED,,metro
ENT_11482,INDIVIDUAL,3500000,VERIFIED,59.0,rural
ENT_11483,INDIVIDUAL,8400000,VERIFIED,22.0,metro
ENT_11484,TRUST,21200000,VERIFIED,,metro
ENT_11485,INDIVIDUAL,1800000,VERIFIED,57.0,metro
ENT_11486,INDIVIDUAL,5900000,VERIFIED,45.0,rural
ENT_11487,INDIVIDUAL,1000000,VERIFIED,26.0,metro
ENT_11488,INDIVIDUAL,1100000,VERIFIED,54.0,metro
ENT_11489,INDIVIDUAL,84400000,VERIFIED,64.0,rural
ENT_11490,INDIVIDUAL,4900000,VERIFIED,48.0,metro
ENT_11491,BUSINESS,19000000,VERIFIED,,rural
ENT_11492,BUSINESS,49700000,VERIFIED,,rural
ENT_11493,INDIVIDUAL,38400000,VERIFIED,24.0,tier2
ENT_11494,INDIVIDUAL,1000000,VERIFIED,24.0,metro
ENT_11495,INDIVIDUAL,18500000,VERIFIED,25.0,metro
ENT_11496,BUSINESS,9800000,VERIFIED,,metro
ENT_11497,INDIVIDUAL,5700000,VERIFIED,54.0,metro
ENT_11498,INDIVIDUAL,6200000,VERIFIED,29.0,metro
ENT_11499,BUSINESS,53100000,VERIFIED,,metro
ENT_11500,INDIVIDUAL,4000000,VERIFIED,30.0,metro
ENT_11501,BUSINESS,64800000,VERIFIED,,metro
ENT_11502,INDIVIDUAL,0,VERIFIED,45.0,tier2
ENT_11503,INDIVIDUAL,3400000,VERIFIED,18.0,rural
ENT_11504,INDIVIDUAL,26400000,VERIFIED,55.0,tier2
ENT_11505,INDIVIDUAL,800000,VERIFIED,31.0,metro
ENT_11506,BUSINESS,1800000,VERIFIED,,tier2
ENT_11507,INDIVIDUAL,8200000,VERIFIED,31.0,metro
ENT_11508,INDIVIDUAL,0,VERIFIED,33.0,metro
ENT_11509,BUSINESS,95300000,VERIFIED,,tier2
ENT_11510,BUSINESS,2300000,VERIFIED,,rural
ENT_11511,INDIVIDUAL,800000,VERIFIED,65.0,metro
ENT_11512,BUSINESS,13800000,VERIFIED,,tier2
ENT_11513,BUSINESS,72500000,VERIFIED,,metro
ENT_11514,INDIVIDUAL,1200000,VERIFIED,54.0,metro
ENT_11515,INDIVIDUAL,400000,VERIFIED,56.0,tier2
ENT_11516,BUSINESS,7600000,VERIFIED,,metro
ENT_11517,INDIVIDUAL,3400000,VERIFIED,42.0,metro
ENT_11518,INDIVIDUAL,18100000,VERIFIED,44.0,tier2
ENT_11519,INDIVIDUAL,1000000,VERIFIED,22.0,metro
ENT_11520,INDIVIDUAL,1200000,VERIFIED,44.0,tier2
ENT_11521,INDIVIDUAL,9600000,VERIFIED,29.0,tier2
ENT_11522,INDIVIDUAL,700000,VERIFIED,63.0,tier2
ENT_11523,INDIVIDUAL,65700000,VERIFIED,64.0,metro
ENT_11524,INDIVIDUAL,0,VERIFIED,26.0,metro
ENT_11525,BUSINESS,13600000,VERIFIED,,metro
ENT_11526,INDIVIDUAL,7000000,VERIFIED,39.0,rural
ENT_11527,INDIVIDUAL,700000,VERIFIED,36.0,rural
ENT_11528,INDIVIDUAL,7800000,VERIFIED,52.0,tier2
ENT_11529,BUSINESS,98400000,VERIFIED,,metro
ENT_11530,INDIVIDUAL,8300000,VERIFIED,30.0,tier2
ENT_11531,INDIVIDUAL,95800000,VERIFIED,63.0,metro
ENT_11532,BUSINESS,4500000,VERIFIED,,rural
ENT_11533,BUSINESS,31600000,VERIFIED,,tier2
ENT_11534,BUSINESS,4900000,VERIFIED,,metro
ENT_11535,INDIVIDUAL,1100000,VERIFIED,45.0,tier2
ENT_11536,INDIVIDUAL,1000000,VERIFIED,29.0,metro
ENT_11537,INDIVIDUAL,600000,VERIFIED,32.0,metro
ENT_11538,INDIVIDUAL,0,VERIFIED,37.0,metro
ENT_11539,INDIVIDUAL,1100000,VERIFIED,36.0,rural
ENT_11540,INDIVIDUAL,1800000,VERIFIED,65.0,rural
ENT_11541,INDIVIDUAL,42900000,VERIFIED,36.0,rural
ENT_11542,INDIVIDUAL,1000000,VERIFIED,47.0,rural
ENT_11543,INDIVIDUAL,0,VERIFIED,48.0,tier2
ENT_11544,INDIVIDUAL,9800000,VERIFIED,64.0,tier2
ENT_11545,INDIVIDUAL,76700000,VERIFIED,50.0,rural
ENT_11546,BUSINESS,55600000,VERIFIED,,metro
ENT_11547,INDIVIDUAL,5700000,VERIFIED,25.0,metro
ENT_11548,INDIVIDUAL,5400000,VERIFIED,43.0,tier2
ENT_11549,INDIVIDUAL,900000,VERIFIED,26.0,metro
ENT_11550,TRUST,2800000,VERIFIED,,tier2
ENT_11551,INDIVIDUAL,8500000,VERIFIED,62.0,metro
ENT_11552,INDIVIDUAL,4200000,VERIFIED,37.0,metro
ENT_11553,INDIVIDUAL,5800000,VERIFIED,61.0,metro
ENT_11554,BUSINESS,26000000,VERIFIED,,metro
ENT_11555,INDIVIDUAL,3300000,VERIFIED,19.0,metro
ENT_11556,INDIVIDUAL,3200000,VERIFIED,53.0,metro
ENT_11557,INDIVIDUAL,1000000,VERIFIED,19.0,metro
ENT_11558,INDIVIDUAL,900000,VERIFIED,62.0,tier2
ENT_11559,TRUST,1000000,VERIFIED,,tier2
ENT_11560,INDIVIDUAL,4500000,VERIFIED,51.0,rural
ENT_11561,INDIVIDUAL,3900000,VERIFIED,59.0,metro
ENT_11562,BUSINESS,60300000,VERIFIED,,metro
ENT_11563,BUSINESS,98600000,VERIFIED,,tier2
ENT_11564,INDIVIDUAL,400000,VERIFIED,36.0,tier2
ENT_11565,INDIVIDUAL,8100000,VERIFIED,56.0,tier2
ENT_11566,INDIVIDUAL,0,VERIFIED,49.0,metro
ENT_11567,INDIVIDUAL,4600000,VERIFIED,45.0,tier2
ENT_11568,INDIVIDUAL,6600000,VERIFIED,53.0,metro
ENT_11569,BUSINESS,4500000,VERIFIED,,metro
ENT_11570,INDIVIDUAL,1100000,VERIFIED,61.0,metro
ENT_11571,INDIVIDUAL,5600000,VERIFIED,23.0,metro
ENT_11572,INDIVIDUAL,7200000,VERIFIED,31.0,metro
ENT_11573,INDIVIDUAL,1100000,VERIFIED,43.0,metro
ENT_11574,TRUST,67300000,VERIFIED,,rural
ENT_11575,INDIVIDUAL,1000000,VERIFIED,44.0,tier2
ENT_11576,INDIVIDUAL,1900000,VERIFIED,19.0,metro
ENT_11577,INDIVIDUAL,1500000,VERIFIED,29.0,metro
ENT_11578,BUSINESS,6200000,VERIFIED,,tier2
ENT_11579,INDIVIDUAL,5800000,VERIFIED,46.0,tier2
ENT_11580,INDIVIDUAL,3200000,VERIFIED,18.0,metro
ENT_11581,INDIVIDUAL,5100000,VERIFIED,48.0,tier2
ENT_11582,INDIVIDUAL,400000,VERIFIED,43.0,metro
ENT_11583,INDIVIDUAL,1100000,VERIFIED,64.0,metro
ENT_11584,INDIVIDUAL,600000,VERIFIED,23.0,metro
ENT_11585,INDIVIDUAL,0,VERIFIED,32.0,tier2
ENT_11586,INDIVIDUAL,9200000,VERIFIED,48.0,tier2
ENT_11587,INDIVIDUAL,6500000,VERIFIED,60.0,tier2
ENT_11588,INDIVIDUAL,1300000,VERIFIED,34.0,metro
ENT_11589,INDIVIDUAL,0,VERIFIED,24.0,metro
ENT_11590,INDIVIDUAL,8200000,VERIFIED,33.0,tier2
ENT_11591,INDIVIDUAL,1400000,VERIFIED,39.0,metro
ENT_11592,BUSINESS,17900000,VERIFIED,,tier2
ENT_11593,INDIVIDUAL,800000,VERIFIED,39.0,metro
ENT_11594,INDIVIDUAL,5600000,VERIFIED,63.0,metro
ENT_11595,INDIVIDUAL,3500000,VERIFIED,38.0,metro
ENT_11596,INDIVIDUAL,500000,VERIFIED,28.0,tier2
ENT_11597,INDIVIDUAL,600000,VERIFIED,59.0,metro
ENT_11598,INDIVIDUAL,1400000,VERIFIED,35.0,tier2
ENT_11599,INDIVIDUAL,7800000,VERIFIED,34.0,metro
ENT_11600,INDIVIDUAL,5200000,VERIFIED,41.0,metro
ENT_11601,INDIVIDUAL,1300000,VERIFIED,31.0,metro
ENT_11602,INDIVIDUAL,1800000,VERIFIED,30.0,metro
ENT_11603,INDIVIDUAL,66200000,VERIFIED,58.0,metro
ENT_11604,INDIVIDUAL,4300000,VERIFIED,57.0,tier2
ENT_11605,INDIVIDUAL,1100000,VERIFIED,51.0,metro
ENT_11606,INDIVIDUAL,7300000,VERIFIED,31.0,metro
ENT_11607,TRUST,62200000,VERIFIED,,metro
ENT_11608,INDIVIDUAL,400000,VERIFIED,59.0,metro
ENT_11609,INDIVIDUAL,700000,VERIFIED,43.0,rural
ENT_11610,INDIVIDUAL,1100000,VERIFIED,57.0,tier2
ENT_11611,INDIVIDUAL,300000,VERIFIED,54.0,metro
ENT_11612,INDIVIDUAL,93500000,VERIFIED,44.0,metro
ENT_11613,BUSINESS,61400000,VERIFIED,,rural
ENT_11614,BUSINESS,28100000,VERIFIED,,rural
ENT_11615,INDIVIDUAL,600000,VERIFIED,23.0,metro
ENT_11616,INDIVIDUAL,500000,VERIFIED,61.0,rural
ENT_11617,INDIVIDUAL,700000,VERIFIED,55.0,metro
ENT_11618,INDIVIDUAL,0,VERIFIED,51.0,metro
ENT_11619,INDIVIDUAL,500000,VERIFIED,22.0,metro
ENT_11620,INDIVIDUAL,1300000,VERIFIED,50.0,metro
ENT_11621,INDIVIDUAL,1400000,VERIFIED,38.0,metro
ENT_11622,INDIVIDUAL,800000,VERIFIED,28.0,rural
ENT_11623,INDIVIDUAL,0,VERIFIED,52.0,rural
ENT_11624,INDIVIDUAL,400000,VERIFIED,57.0,metro
ENT_11625,INDIVIDUAL,1400000,VERIFIED,45.0,metro
ENT_11626,INDIVIDUAL,6900000,VERIFIED,50.0,tier2
ENT_11627,INDIVIDUAL,700000,VERIFIED,52.0,metro
ENT_11628,INDIVIDUAL,1900000,VERIFIED,21.0,rural
ENT_11629,TRUST,7900000,VERIFIED,,rural
ENT_11630,BUSINESS,6700000,VERIFIED,,tier2
ENT_11631,TRUST,5500000,VERIFIED,,tier2
ENT_11632,INDIVIDUAL,0,VERIFIED,45.0,rural
ENT_11633,INDIVIDUAL,1200000,VERIFIED,44.0,tier2
ENT_11634,INDIVIDUAL,500000,VERIFIED,61.0,tier2
ENT_11635,INDIVIDUAL,800000,VERIFIED,50.0,tier2
ENT_11636,INDIVIDUAL,3100000,VERIFIED,62.0,metro
ENT_11637,INDIVIDUAL,400000,VERIFIED,26.0,rural
ENT_11638,INDIVIDUAL,1300000,VERIFIED,44.0,metro
ENT_11639,INDIVIDUAL,1200000,VERIFIED,63.0,tier2
ENT_11640,TRUST,4800000,VERIFIED,,metro
ENT_11641,INDIVIDUAL,1400000,VERIFIED,48.0,metro
ENT_11642,INDIVIDUAL,400000,VERIFIED,32.0,rural
ENT_11643,INDIVIDUAL,6300000,VERIFIED,51.0,rural
ENT_11644,INDIVIDUAL,2600000,VERIFIED,37.0,metro
ENT_11645,BUSINESS,33600000,VERIFIED,,tier2
ENT_11646,INDIVIDUAL,700000,VERIFIED,41.0,tier2
ENT_11647,INDIVIDUAL,8300000,VERIFIED,18.0,metro
ENT_11648,INDIVIDUAL,7400000,VERIFIED,63.0,metro
ENT_11649,INDIVIDUAL,9800000,VERIFIED,48.0,metro
ENT_11650,BUSINESS,8700000,VERIFIED,,metro
ENT_11651,INDIVIDUAL,300000,VERIFIED,29.0,metro
ENT_11652,INDIVIDUAL,7600000,VERIFIED,53.0,metro
ENT_11653,INDIVIDUAL,85500000,VERIFIED,63.0,tier2
ENT_11654,INDIVIDUAL,900000,VERIFIED,59.0,tier2
ENT_11655,INDIVIDUAL,1000000,VERIFIED,64.0,tier2
ENT_11656,INDIVIDUAL,6100000,VERIFIED,60.0,tier2
ENT_11657,INDIVIDUAL,4000000,VERIFIED,40.0,metro
ENT_11658,INDIVIDUAL,300000,VERIFIED,29.0,metro
ENT_11659,INDIVIDUAL,1100000,VERIFIED,48.0,metro
ENT_11660,INDIVIDUAL,0,VERIFIED,52.0,rural
ENT_11661,INDIVIDUAL,46700000,VERIFIED,33.0,metro
ENT_11662,INDIVIDUAL,4000000,VERIFIED,54.0,tier2
ENT_11663,INDIVIDUAL,7700000,VERIFIED,54.0,tier2
ENT_11664,INDIVIDUAL,1000000,VERIFIED,25.0,rural
ENT_11665,INDIVIDUAL,0,VERIFIED,48.0,rural
ENT_11666,INDIVIDUAL,5500000,VERIFIED,54.0,tier2
ENT_11667,INDIVIDUAL,1000000,VERIFIED,30.0,tier2
ENT_11668,INDIVIDUAL,300000,VERIFIED,65.0,metro
ENT_11669,INDIVIDUAL,5600000,VERIFIED,47.0,tier2
ENT_11670,INDIVIDUAL,600000,VERIFIED,25.0,metro
ENT_11671,INDIVIDUAL,15400000,VERIFIED,27.0,tier2
ENT_11672,BUSINESS,94200000,VERIFIED,,rural
ENT_11673,INDIVIDUAL,1700000,VERIFIED,62.0,tier2
ENT_11674,INDIVIDUAL,4500000,VERIFIED,23.0,tier2
ENT_11675,BUSINESS,89600000,VERIFIED,,tier2
ENT_11676,INDIVIDUAL,700000,VERIFIED,42.0,tier2
ENT_11677,INDIVIDUAL,1300000,VERIFIED,60.0,tier2
ENT_11678,INDIVIDUAL,2500000,VERIFIED,35.0,metro
ENT_11679,INDIVIDUAL,0,VERIFIED,18.0,rural
ENT_11680,BUSINESS,3700000,VERIFIED,,tier2
ENT_11681,TRUST,62200000,VERIFIED,,metro
ENT_11682,INDIVIDUAL,0,VERIFIED,48.0,metro
ENT_11683,BUSINESS,2800000,VERIFIED,,metro
ENT_11684,INDIVIDUAL,7900000,VERIFIED,62.0,metro
ENT_11685,INDIVIDUAL,3100000,VERIFIED,59.0,tier2
ENT_11686,BUSINESS,4400000,VERIFIED,,metro
ENT_11687,INDIVIDUAL,1000000,VERIFIED,49.0,metro
ENT_11688,INDIVIDUAL,93400000,VERIFIED,45.0,metro
ENT_11689,INDIVIDUAL,0,VERIFIED,19.0,rural
ENT_11690,INDIVIDUAL,2500000,VERIFIED,51.0,rural
ENT_11691,INDIVIDUAL,7300000,VERIFIED,56.0,tier2
ENT_11692,INDIVIDUAL,3600000,VERIFIED,37.0,tier2
ENT_11693,INDIVIDUAL,500000,VERIFIED,43.0,rural
ENT_11694,INDIVIDUAL,600000,VERIFIED,23.0,rural
ENT_11695,TRUST,79200000,VERIFIED,,tier2
ENT_11696,INDIVIDUAL,5700000,VERIFIED,49.0,tier2
ENT_11697,INDIVIDUAL,0,VERIFIED,62.0,metro
ENT_11698,INDIVIDUAL,8000000,VERIFIED,26.0,rural
ENT_11699,INDIVIDUAL,7800000,VERIFIED,35.0,metro
ENT_11700,INDIVIDUAL,42700000,VERIFIED,19.0,metro
ENT_11701,INDIVIDUAL,4100000,VERIFIED,50.0,metro
ENT_11702,TRUST,8000000,VERIFIED,,rural
ENT_11703,INDIVIDUAL,900000,VERIFIED,65.0,metro
ENT_11704,INDIVIDUAL,0,VERIFIED,48.0,rural
ENT_11705,TRUST,3900000,VERIFIED,,rural
ENT_11706,INDIVIDUAL,0,VERIFIED,21.0,metro
ENT_11707,INDIVIDUAL,0,VERIFIED,36.0,tier2
ENT_11708,BUSINESS,7000000,VERIFIED,,tier2
ENT_11709,INDIVIDUAL,0,VERIFIED,27.0,rural
ENT_11710,INDIVIDUAL,6900000,VERIFIED,38.0,metro
ENT_11711,INDIVIDUAL,8700000,VERIFIED,63.0,tier2
ENT_11712,INDIVIDUAL,4800000,VERIFIED,25.0,tier2
ENT_11713,INDIVIDUAL,1200000,VERIFIED,41.0,metro
ENT_11714,BUSINESS,8000000,VERIFIED,,tier2
ENT_11715,BUSINESS,42000000,VERIFIED,,tier2
ENT_11716,INDIVIDUAL,1500000,VERIFIED,33.0,metro
ENT_11717,INDIVIDUAL,600000,VERIFIED,62.0,metro
ENT_11718,INDIVIDUAL,500000,VERIFIED,50.0,tier2
ENT_11719,INDIVIDUAL,7600000,VERIFIED,61.0,metro
ENT_11720,INDIVIDUAL,900000,VERIFIED,52.0,metro
ENT_11721,INDIVIDUAL,700000,VERIFIED,55.0,rural
ENT_11722,BUSINESS,3200000,VERIFIED,,metro
ENT_11723,BUSINESS,5300000,VERIFIED,,tier2
ENT_11724,INDIVIDUAL,300000,VERIFIED,30.0,tier2
ENT_11725,INDIVIDUAL,0,VERIFIED,62.0,tier2
ENT_11726,INDIVIDUAL,1300000,VERIFIED,33.0,metro
ENT_11727,INDIVIDUAL,0,VERIFIED,20.0,tier2
ENT_11728,INDIVIDUAL,1100000,VERIFIED,52.0,metro
ENT_11729,INDIVIDUAL,3300000,VERIFIED,46.0,tier2
ENT_11730,INDIVIDUAL,1500000,VERIFIED,46.0,tier2
ENT_11731,INDIVIDUAL,0,VERIFIED,55.0,rural
ENT_11732,INDIVIDUAL,1100000,VERIFIED,23.0,rural
ENT_11733,INDIVIDUAL,2100000,VERIFIED,49.0,metro
ENT_11734,INDIVIDUAL,0,VERIFIED,36.0,metro
ENT_11735,INDIVIDUAL,99200000,VERIFIED,32.0,metro
ENT_11736,INDIVIDUAL,1500000,VERIFIED,34.0,metro
ENT_11737,INDIVIDUAL,0,VERIFIED,35.0,tier2
ENT_11738,INDIVIDUAL,1300000,VERIFIED,18.0,rural
ENT_11739,INDIVIDUAL,1300000,VERIFIED,58.0,metro
ENT_11740,INDIVIDUAL,8500000,VERIFIED,19.0,metro
ENT_11741,INDIVIDUAL,0,VERIFIED,33.0,rural
ENT_11742,INDIVIDUAL,2300000,VERIFIED,40.0,tier2
ENT_11743,INDIVIDUAL,1900000,VERIFIED,55.0,metro
ENT_11744,INDIVIDUAL,37200000,VERIFIED,36.0,metro
ENT_11745,INDIVIDUAL,700000,VERIFIED,38.0,metro
ENT_11746,INDIVIDUAL,41700000,VERIFIED,45.0,tier2
ENT_11747,BUSINESS,3600000,VERIFIED,,rural
ENT_11748,BUSINESS,41600000,VERIFIED,,metro
ENT_11749,INDIVIDUAL,70400000,VERIFIED,24.0,metro
ENT_11750,INDIVIDUAL,22100000,VERIFIED,56.0,metro
ENT_11751,INDIVIDUAL,7500000,VERIFIED,32.0,metro
ENT_11752,INDIVIDUAL,1400000,VERIFIED,42.0,metro
ENT_11753,INDIVIDUAL,1300000,VERIFIED,55.0,metro
ENT_11754,BUSINESS,52100000,VERIFIED,,tier2
ENT_11755,INDIVIDUAL,1200000,VERIFIED,54.0,rural
ENT_11756,INDIVIDUAL,99000000,VERIFIED,46.0,tier2
ENT_11757,INDIVIDUAL,9100000,VERIFIED,45.0,tier2
ENT_11758,INDIVIDUAL,1500000,VERIFIED,36.0,rural
ENT_11759,INDIVIDUAL,1200000,VERIFIED,46.0,metro
ENT_11760,TRUST,60200000,VERIFIED,,metro
ENT_11761,INDIVIDUAL,9000000,VERIFIED,50.0,metro
ENT_11762,BUSINESS,63700000,VERIFIED,,metro
ENT_11763,INDIVIDUAL,1000000,VERIFIED,33.0,rural
ENT_11764,INDIVIDUAL,1000000,VERIFIED,36.0,tier2
ENT_11765,BUSINESS,61000000,VERIFIED,,tier2
ENT_11766,INDIVIDUAL,300000,VERIFIED,46.0,metro
ENT_11767,BUSINESS,36700000,VERIFIED,,rural
ENT_11768,INDIVIDUAL,5600000,VERIFIED,27.0,metro
ENT_11769,INDIVIDUAL,3600000,VERIFIED,26.0,metro
ENT_11770,INDIVIDUAL,7500000,VERIFIED,46.0,tier2
ENT_11771,INDIVIDUAL,7500000,VERIFIED,51.0,rural
ENT_11772,TRUST,8500000,VERIFIED,,tier2
ENT_11773,INDIVIDUAL,7300000,VERIFIED,43.0,tier2
ENT_11774,INDIVIDUAL,7800000,VERIFIED,31.0,metro
ENT_11775,INDIVIDUAL,1400000,VERIFIED,55.0,tier2
ENT_11776,BUSINESS,6300000,VERIFIED,,metro
ENT_11777,INDIVIDUAL,5400000,VERIFIED,65.0,metro
ENT_11778,INDIVIDUAL,400000,VERIFIED,54.0,rural
ENT_11779,INDIVIDUAL,1000000,VERIFIED,58.0,tier2
ENT_11780,BUSINESS,59900000,VERIFIED,,metro
ENT_11781,INDIVIDUAL,3000000,VERIFIED,36.0,tier2
ENT_11782,INDIVIDUAL,5800000,VERIFIED,33.0,metro
ENT_11783,INDIVIDUAL,1600000,VERIFIED,57.0,metro
ENT_11784,INDIVIDUAL,1400000,VERIFIED,62.0,tier2
ENT_11785,TRUST,7400000,VERIFIED,,tier2
ENT_11786,INDIVIDUAL,1700000,VERIFIED,23.0,rural
ENT_11787,INDIVIDUAL,5700000,VERIFIED,43.0,metro
ENT_11788,INDIVIDUAL,8900000,VERIFIED,22.0,tier2
ENT_11789,INDIVIDUAL,700000,VERIFIED,39.0,tier2
ENT_11790,INDIVIDUAL,1500000,VERIFIED,48.0,rural
ENT_11791,BUSINESS,2900000,VERIFIED,,metro
ENT_11792,INDIVIDUAL,69600000,VERIFIED,59.0,metro
ENT_11793,INDIVIDUAL,700000,VERIFIED,42.0,metro
ENT_11794,BUSINESS,4700000,VERIFIED,,metro
ENT_11795,TRUST,19000000,VERIFIED,,metro
ENT_11796,BUSINESS,43500000,VERIFIED,,metro
ENT_11797,TRUST,5300000,VERIFIED,,metro
ENT_11798,INDIVIDUAL,4800000,VERIFIED,65.0,tier2
ENT_11799,INDIVIDUAL,600000,VERIFIED,19.0,tier2
ENT_11800,INDIVIDUAL,900000,VERIFIED,63.0,metro
ENT_11801,INDIVIDUAL,0,VERIFIED,46.0,rural
ENT_11802,INDIVIDUAL,1500000,VERIFIED,38.0,rural
ENT_11803,INDIVIDUAL,18900000,VERIFIED,44.0,metro
ENT_11804,INDIVIDUAL,1500000,VERIFIED,43.0,tier2
ENT_11805,INDIVIDUAL,9000000,VERIFIED,61.0,metro
ENT_11806,INDIVIDUAL,0,VERIFIED,31.0,metro
ENT_11807,INDIVIDUAL,700000,VERIFIED,35.0,tier2
ENT_11808,INDIVIDUAL,1800000,VERIFIED,61.0,rural
ENT_11809,INDIVIDUAL,68400000,VERIFIED,19.0,tier2
ENT_11810,INDIVIDUAL,1500000,VERIFIED,22.0,rural
ENT_11811,INDIVIDUAL,48700000,VERIFIED,31.0,tier2
ENT_11812,INDIVIDUAL,1400000,VERIFIED,43.0,metro
ENT_11813,INDIVIDUAL,1000000,VERIFIED,23.0,metro
ENT_11814,INDIVIDUAL,2300000,VERIFIED,29.0,metro
ENT_11815,TRUST,87000000,VERIFIED,,metro
ENT_11816,INDIVIDUAL,1300000,VERIFIED,64.0,tier2
ENT_11817,INDIVIDUAL,9200000,VERIFIED,19.0,metro
ENT_11818,BUSINESS,97900000,VERIFIED,,metro
ENT_11819,INDIVIDUAL,2900000,VERIFIED,60.0,metro
ENT_11820,TRUST,69600000,VERIFIED,,rural
ENT_11821,INDIVIDUAL,5600000,VERIFIED,49.0,tier2
ENT_11822,INDIVIDUAL,98300000,VERIFIED,56.0,metro
ENT_11823,INDIVIDUAL,2300000,VERIFIED,26.0,tier2
ENT_11824,INDIVIDUAL,1000000,VERIFIED,19.0,metro
ENT_11825,BUSINESS,7500000,VERIFIED,,metro
ENT_11826,BUSINESS,4400000,VERIFIED,,metro
ENT_11827,INDIVIDUAL,7300000,VERIFIED,46.0,metro
ENT_11828,INDIVIDUAL,1100000,VERIFIED,49.0,tier2
ENT_11829,INDIVIDUAL,1200000,VERIFIED,27.0,metro
ENT_11830,BUSINESS,4100000,VERIFIED,,tier2
ENT_11831,INDIVIDUAL,0,VERIFIED,41.0,metro
ENT_11832,INDIVIDUAL,7900000,VERIFIED,47.0,tier2
ENT_11833,INDIVIDUAL,81400000,VERIFIED,58.0,metro
ENT_11834,INDIVIDUAL,80800000,VERIFIED,19.0,tier2
ENT_11835,INDIVIDUAL,9500000,VERIFIED,49.0,metro
ENT_11836,BUSINESS,1900000,VERIFIED,,tier2
ENT_11837,INDIVIDUAL,1100000,VERIFIED,28.0,rural
ENT_11838,INDIVIDUAL,500000,VERIFIED,56.0,metro
ENT_11839,INDIVIDUAL,1300000,VERIFIED,36.0,tier2
ENT_11840,INDIVIDUAL,77500000,VERIFIED,58.0,tier2
ENT_11841,BUSINESS,3700000,VERIFIED,,rural
ENT_11842,TRUST,30400000,VERIFIED,,metro
ENT_11843,BUSINESS,62400000,VERIFIED,,tier2
ENT_11844,INDIVIDUAL,700000,VERIFIED,39.0,rural
ENT_11845,BUSINESS,58800000,VERIFIED,,metro
ENT_11846,INDIVIDUAL,700000,VERIFIED,62.0,metro
ENT_11847,INDIVIDUAL,700000,VERIFIED,22.0,metro
ENT_11848,INDIVIDUAL,1400000,VERIFIED,20.0,metro
ENT_11849,INDIVIDUAL,3700000,VERIFIED,29.0,tier2
ENT_11850,INDIVIDUAL,700000,VERIFIED,60.0,tier2
ENT_11851,INDIVIDUAL,2500000,VERIFIED,54.0,rural
ENT_11852,INDIVIDUAL,87100000,VERIFIED,53.0,tier2
ENT_11853,INDIVIDUAL,1500000,VERIFIED,34.0,metro
ENT_11854,INDIVIDUAL,5100000,VERIFIED,60.0,metro
ENT_11855,BUSINESS,91000000,VERIFIED,,tier2
ENT_11856,INDIVIDUAL,500000,VERIFIED,29.0,metro
ENT_11857,INDIVIDUAL,6600000,VERIFIED,25.0,metro
ENT_11858,BUSINESS,26800000,VERIFIED,,metro
ENT_11859,INDIVIDUAL,53900000,VERIFIED,25.0,metro
ENT_11860,BUSINESS,1000000,VERIFIED,,metro
ENT_11861,INDIVIDUAL,300000,VERIFIED,53.0,rural
ENT_11862,INDIVIDUAL,0,VERIFIED,48.0,tier2
ENT_11863,BUSINESS,3100000,VERIFIED,,rural
ENT_11864,INDIVIDUAL,500000,VERIFIED,58.0,metro
ENT_11865,INDIVIDUAL,4500000,VERIFIED,27.0,metro
ENT_11866,INDIVIDUAL,1200000,VERIFIED,23.0,metro
ENT_11867,INDIVIDUAL,1500000,VERIFIED,55.0,metro
ENT_11868,BUSINESS,5000000,VERIFIED,,metro
ENT_11869,INDIVIDUAL,3100000,VERIFIED,28.0,metro
ENT_11870,INDIVIDUAL,5600000,VERIFIED,47.0,tier2
ENT_11871,INDIVIDUAL,7700000,VERIFIED,33.0,metro
ENT_11872,INDIVIDUAL,9500000,VERIFIED,34.0,rural
ENT_11873,INDIVIDUAL,3900000,VERIFIED,29.0,rural
ENT_11874,INDIVIDUAL,9300000,VERIFIED,47.0,metro
ENT_11875,INDIVIDUAL,1500000,VERIFIED,52.0,metro
ENT_11876,INDIVIDUAL,900000,VERIFIED,52.0,metro
ENT_11877,INDIVIDUAL,0,VERIFIED,50.0,rural
ENT_11878,INDIVIDUAL,8300000,VERIFIED,28.0,rural
ENT_11879,INDIVIDUAL,800000,VERIFIED,23.0,tier2
ENT_11880,INDIVIDUAL,6300000,VERIFIED,42.0,rural
ENT_11881,INDIVIDUAL,8900000,VERIFIED,63.0,metro
ENT_11882,INDIVIDUAL,2400000,VERIFIED,24.0,tier2
ENT_11883,INDIVIDUAL,16300000,VERIFIED,33.0,metro
ENT_11884,BUSINESS,35400000,VERIFIED,,metro
ENT_11885,INDIVIDUAL,9400000,VERIFIED,19.0,tier2
ENT_11886,INDIVIDUAL,6400000,VERIFIED,50.0,metro
ENT_11887,INDIVIDUAL,600000,VERIFIED,62.0,metro
ENT_11888,INDIVIDUAL,6600000,VERIFIED,52.0,rural
ENT_11889,INDIVIDUAL,800000,VERIFIED,37.0,rural
ENT_11890,TRUST,78900000,VERIFIED,,tier2
ENT_11891,BUSINESS,92200000,VERIFIED,,metro
ENT_11892,INDIVIDUAL,1300000,VERIFIED,59.0,metro
ENT_11893,INDIVIDUAL,71400000,VERIFIED,23.0,tier2
ENT_11894,INDIVIDUAL,33700000,VERIFIED,41.0,metro
ENT_11895,INDIVIDUAL,800000,VERIFIED,57.0,metro
ENT_11896,INDIVIDUAL,600000,VERIFIED,35.0,metro
ENT_11897,INDIVIDUAL,5700000,VERIFIED,38.0,tier2
ENT_11898,INDIVIDUAL,6500000,VERIFIED,44.0,metro
ENT_11899,BUSINESS,78200000,VERIFIED,,metro
ENT_11900,INDIVIDUAL,400000,VERIFIED,39.0,metro
ENT_11901,BUSINESS,9900000,VERIFIED,,tier2
ENT_11902,INDIVIDUAL,8800000,VERIFIED,34.0,tier2
ENT_11903,BUSINESS,43300000,VERIFIED,,tier2
ENT_11904,INDIVIDUAL,600000,VERIFIED,43.0,tier2
ENT_11905,INDIVIDUAL,4500000,VERIFIED,32.0,metro
ENT_11906,INDIVIDUAL,12300000,VERIFIED,65.0,metro
ENT_11907,INDIVIDUAL,2400000,VERIFIED,24.0,metro
ENT_11908,INDIVIDUAL,3300000,VERIFIED,35.0,rural
ENT_11909,INDIVIDUAL,1500000,VERIFIED,34.0,rural
ENT_11910,INDIVIDUAL,2000000,VERIFIED,60.0,tier2
ENT_11911,INDIVIDUAL,9200000,VERIFIED,55.0,metro
ENT_11912,INDIVIDUAL,800000,VERIFIED,22.0,rural
ENT_11913,INDIVIDUAL,600000,VERIFIED,43.0,tier2
ENT_11914,BUSINESS,4400000,VERIFIED,,metro
ENT_11915,INDIVIDUAL,8600000,VERIFIED,31.0,metro
ENT_11916,TRUST,7700000,VERIFIED,,metro
ENT_11917,BUSINESS,6300000,VERIFIED,,tier2
ENT_11918,INDIVIDUAL,8700000,VERIFIED,52.0,tier2
ENT_11919,INDIVIDUAL,29500000,VERIFIED,23.0,metro
ENT_11920,INDIVIDUAL,5900000,VERIFIED,42.0,metro
ENT_11921,INDIVIDUAL,4000000,VERIFIED,63.0,metro
ENT_11922,INDIVIDUAL,1200000,VERIFIED,54.0,metro
ENT_11923,BUSINESS,1700000,VERIFIED,,metro
ENT_11924,INDIVIDUAL,6600000,VERIFIED,57.0,metro
ENT_11925,INDIVIDUAL,5100000,VERIFIED,56.0,metro
ENT_11926,BUSINESS,32000000,VERIFIED,,tier2
ENT_11927,INDIVIDUAL,1400000,VERIFIED,40.0,tier2
ENT_11928,INDIVIDUAL,1100000,VERIFIED,41.0,rural
ENT_11929,INDIVIDUAL,1400000,VERIFIED,39.0,metro
ENT_11930,INDIVIDUAL,1000000,VERIFIED,50.0,metro
ENT_11931,INDIVIDUAL,62900000,VERIFIED,53.0,tier2
ENT_11932,INDIVIDUAL,1500000,VERIFIED,58.0,tier2
ENT_11933,BUSINESS,3200000,VERIFIED,,metro
ENT_11934,INDIVIDUAL,0,VERIFIED,31.0,metro
ENT_11935,INDIVIDUAL,6900000,VERIFIED,65.0,metro
ENT_11936,INDIVIDUAL,5100000,VERIFIED,39.0,rural
ENT_11937,INDIVIDUAL,0,VERIFIED,65.0,tier2
ENT_11938,INDIVIDUAL,1400000,VERIFIED,46.0,metro
ENT_11939,INDIVIDUAL,400000,VERIFIED,52.0,metro
ENT_11940,TRUST,22900000,VERIFIED,,metro
ENT_11941,INDIVIDUAL,1200000,VERIFIED,21.0,metro
ENT_11942,INDIVIDUAL,800000,VERIFIED,56.0,metro
ENT_11943,INDIVIDUAL,500000,VERIFIED,39.0,metro
ENT_11944,BUSINESS,68100000,VERIFIED,,tier2
ENT_11945,INDIVIDUAL,0,VERIFIED,43.0,metro
ENT_11946,INDIVIDUAL,11800000,VERIFIED,22.0,rural
ENT_11947,INDIVIDUAL,1400000,VERIFIED,55.0,rural
ENT_11948,INDIVIDUAL,40700000,VERIFIED,37.0,rural
ENT_11949,INDIVIDUAL,5700000,VERIFIED,27.0,rural
ENT_11950,INDIVIDUAL,1200000,VERIFIED,47.0,rural
ENT_11951,TRUST,6800000,VERIFIED,,rural
ENT_11952,INDIVIDUAL,800000,VERIFIED,62.0,metro
ENT_11953,INDIVIDUAL,300000,VERIFIED,33.0,metro
ENT_11954,TRUST,10900000,VERIFIED,,metro
ENT_11955,BUSINESS,2300000,VERIFIED,,rural
ENT_11956,INDIVIDUAL,7000000,VERIFIED,46.0,tier2
ENT_11957,INDIVIDUAL,1300000,VERIFIED,57.0,metro
ENT_11958,INDIVIDUAL,8200000,VERIFIED,26.0,rural
ENT_11959,INDIVIDUAL,6300000,VERIFIED,44.0,metro
ENT_11960,BUSINESS,5500000,VERIFIED,,metro
ENT_11961,INDIVIDUAL,0,VERIFIED,58.0,rural
ENT_11962,INDIVIDUAL,800000,VERIFIED,50.0,metro
ENT_11963,BUSINESS,20000000,VERIFIED,,metro
ENT_11964,INDIVIDUAL,500000,VERIFIED,46.0,rural
ENT_11965,BUSINESS,3700000,VERIFIED,,metro
ENT_11966,INDIVIDUAL,1300000,VERIFIED,21.0,metro
ENT_11967,INDIVIDUAL,32800000,VERIFIED,20.0,metro
ENT_11968,TRUST,85100000,VERIFIED,,metro
ENT_11969,INDIVIDUAL,0,VERIFIED,63.0,tier2
ENT_11970,INDIVIDUAL,400000,VERIFIED,39.0,metro
ENT_11971,INDIVIDUAL,900000,VERIFIED,29.0,rural
ENT_11972,BUSINESS,44700000,VERIFIED,,metro
ENT_11973,INDIVIDUAL,7900000,VERIFIED,33.0,metro
ENT_11974,INDIVIDUAL,800000,VERIFIED,27.0,rural
ENT_11975,BUSINESS,47200000,VERIFIED,,rural
ENT_11976,INDIVIDUAL,0,VERIFIED,42.0,metro
ENT_11977,INDIVIDUAL,3600000,VERIFIED,26.0,metro
ENT_11978,INDIVIDUAL,83000000,VERIFIED,50.0,metro
ENT_11979,INDIVIDUAL,2000000,VERIFIED,62.0,rural
ENT_11980,BUSINESS,36900000,VERIFIED,,rural
ENT_11981,BUSINESS,5700000,VERIFIED,,metro
ENT_11982,INDIVIDUAL,9800000,VERIFIED,30.0,metro
ENT_11983,BUSINESS,8500000,VERIFIED,,rural
ENT_11984,INDIVIDUAL,5300000,VERIFIED,58.0,metro
ENT_11985,INDIVIDUAL,900000,VERIFIED,55.0,tier2
ENT_11986,INDIVIDUAL,900000,VERIFIED,46.0,rural
ENT_11987,INDIVIDUAL,500000,VERIFIED,20.0,metro
ENT_11988,TRUST,80800000,VERIFIED,,metro
ENT_11989,INDIVIDUAL,44800000,VERIFIED,42.0,metro
ENT_11990,BUSINESS,3600000,VERIFIED,,rural
ENT_11991,INDIVIDUAL,700000,VERIFIED,29.0,metro
ENT_11992,TRUST,49400000,VERIFIED,,metro
ENT_11993,TRUST,9800000,VERIFIED,,metro
ENT_11994,INDIVIDUAL,8900000,VERIFIED,46.0,tier2
ENT_11995,INDIVIDUAL,0,VERIFIED,22.0,metro
ENT_11996,TRUST,87000000,VERIFIED,,rural
ENT_11997,BUSINESS,1700000,VERIFIED,,metro
ENT_11998,INDIVIDUAL,2600000,VERIFIED,21.0,tier2
ENT_11999,INDIVIDUAL,2100000,VERIFIED,49.0,rural
ENT_12000,BUSINESS,1900000,VERIFIED,,metro
ENT_12001,INDIVIDUAL,1300000,VERIFIED,61.0,tier2
ENT_12002,INDIVIDUAL,0,VERIFIED,39.0,metro
ENT_12003,BUSINESS,94700000,VERIFIED,,metro
ENT_12004,INDIVIDUAL,10000000,VERIFIED,40.0,metro
ENT_12005,INDIVIDUAL,5500000,VERIFIED,31.0,metro
ENT_12006,INDIVIDUAL,1500000,VERIFIED,63.0,tier2
ENT_12007,INDIVIDUAL,3300000,VERIFIED,65.0,tier2
ENT_12008,INDIVIDUAL,3300000,VERIFIED,37.0,metro
ENT_12009,INDIVIDUAL,1200000,VERIFIED,49.0,tier2
ENT_12010,INDIVIDUAL,10000000,VERIFIED,45.0,metro
ENT_12011,INDIVIDUAL,700000,VERIFIED,31.0,tier2
ENT_12012,TRUST,4200000,VERIFIED,,metro
ENT_12013,INDIVIDUAL,1300000,VERIFIED,36.0,metro
ENT_12014,INDIVIDUAL,1200000,VERIFIED,63.0,tier2
ENT_12015,BUSINESS,6100000,VERIFIED,,metro
ENT_12016,INDIVIDUAL,6900000,VERIFIED,52.0,tier2
ENT_12017,INDIVIDUAL,500000,VERIFIED,31.0,tier2
ENT_12018,INDIVIDUAL,1200000,VERIFIED,36.0,metro
ENT_12019,INDIVIDUAL,4800000,VERIFIED,52.0,metro
ENT_12020,INDIVIDUAL,8900000,VERIFIED,65.0,metro
ENT_12021,TRUST,28100000,VERIFIED,,metro
ENT_12022,INDIVIDUAL,1400000,VERIFIED,55.0,metro
ENT_12023,INDIVIDUAL,7100000,VERIFIED,22.0,metro
ENT_12024,INDIVIDUAL,0,VERIFIED,32.0,rural
ENT_12025,INDIVIDUAL,700000,VERIFIED,60.0,metro
ENT_12026,BUSINESS,43000000,VERIFIED,,metro
ENT_12027,INDIVIDUAL,25000000,VERIFIED,39.0,tier2
ENT_12028,INDIVIDUAL,6600000,VERIFIED,29.0,rural
ENT_12029,INDIVIDUAL,1000000,VERIFIED,46.0,tier2
ENT_12030,INDIVIDUAL,0,VERIFIED,57.0,rural
ENT_12031,INDIVIDUAL,0,VERIFIED,57.0,tier2
ENT_12032,INDIVIDUAL,900000,VERIFIED,28.0,metro
ENT_12033,INDIVIDUAL,31700000,VERIFIED,54.0,metro
ENT_12034,INDIVIDUAL,9100000,VERIFIED,55.0,rural
ENT_12035,INDIVIDUAL,1300000,VERIFIED,54.0,rural
ENT_12036,INDIVIDUAL,5100000,VERIFIED,18.0,metro
ENT_12037,INDIVIDUAL,1300000,VERIFIED,38.0,metro
ENT_12038,INDIVIDUAL,400000,VERIFIED,40.0,metro
ENT_12039,INDIVIDUAL,1000000,VERIFIED,50.0,metro
ENT_12040,INDIVIDUAL,3000000,VERIFIED,22.0,metro
ENT_12041,BUSINESS,9600000,VERIFIED,,metro
ENT_12042,INDIVIDUAL,1100000,VERIFIED,25.0,rural
ENT_12043,INDIVIDUAL,6200000,VERIFIED,40.0,metro
ENT_12044,BUSINESS,45100000,VERIFIED,,metro
ENT_12045,INDIVIDUAL,900000,VERIFIED,65.0,metro
ENT_12046,INDIVIDUAL,700000,VERIFIED,39.0,tier2
ENT_12047,INDIVIDUAL,2700000,VERIFIED,22.0,rural
ENT_12048,TRUST,67300000,VERIFIED,,metro
ENT_12049,INDIVIDUAL,46600000,VERIFIED,56.0,metro
ENT_12050,INDIVIDUAL,3900000,VERIFIED,19.0,rural
ENT_12051,INDIVIDUAL,3300000,VERIFIED,27.0,tier2
ENT_12052,INDIVIDUAL,41600000,VERIFIED,22.0,rural
ENT_12053,INDIVIDUAL,70600000,VERIFIED,46.0,metro
ENT_12054,INDIVIDUAL,6100000,VERIFIED,51.0,metro
ENT_12055,INDIVIDUAL,5800000,VERIFIED,63.0,metro
ENT_12056,INDIVIDUAL,1200000,VERIFIED,60.0,metro
ENT_12057,BUSINESS,32600000,VERIFIED,,metro
ENT_12058,BUSINESS,28900000,VERIFIED,,metro
ENT_12059,BUSINESS,2400000,VERIFIED,,metro
ENT_12060,INDIVIDUAL,600000,VERIFIED,21.0,metro
ENT_12061,INDIVIDUAL,600000,VERIFIED,45.0,tier2
ENT_12062,INDIVIDUAL,6900000,VERIFIED,21.0,metro
ENT_12063,INDIVIDUAL,40500000,VERIFIED,36.0,metro
ENT_12064,INDIVIDUAL,500000,VERIFIED,29.0,metro
ENT_12065,INDIVIDUAL,1500000,VERIFIED,39.0,rural
ENT_12066,INDIVIDUAL,300000,VERIFIED,40.0,metro
ENT_12067,TRUST,92900000,VERIFIED,,rural
ENT_12068,INDIVIDUAL,8000000,VERIFIED,38.0,rural
ENT_12069,INDIVIDUAL,0,VERIFIED,42.0,rural
ENT_12070,INDIVIDUAL,1100000,VERIFIED,40.0,rural
ENT_12071,BUSINESS,6900000,VERIFIED,,metro
ENT_12072,TRUST,8400000,VERIFIED,,metro
ENT_12073,INDIVIDUAL,8100000,VERIFIED,64.0,tier2
ENT_12074,INDIVIDUAL,1200000,VERIFIED,51.0,metro
ENT_12075,INDIVIDUAL,5300000,VERIFIED,64.0,metro
ENT_12076,INDIVIDUAL,85100000,VERIFIED,30.0,metro
ENT_12077,INDIVIDUAL,900000,VERIFIED,24.0,rural
ENT_12078,BUSINESS,94800000,VERIFIED,,tier2
ENT_12079,TRUST,6800000,VERIFIED,,tier2
ENT_12080,INDIVIDUAL,500000,VERIFIED,19.0,metro
ENT_12081,TRUST,15400000,VERIFIED,,metro
ENT_12082,INDIVIDUAL,1000000,VERIFIED,46.0,tier2
ENT_12083,TRUST,58500000,VERIFIED,,tier2
ENT_12084,INDIVIDUAL,0,VERIFIED,34.0,tier2
ENT_12085,INDIVIDUAL,89000000,VERIFIED,56.0,metro
ENT_12086,INDIVIDUAL,700000,VERIFIED,53.0,tier2
ENT_12087,INDIVIDUAL,4900000,VERIFIED,24.0,tier2
ENT_12088,INDIVIDUAL,300000,VERIFIED,61.0,tier2
ENT_12089,INDIVIDUAL,6900000,VERIFIED,49.0,rural
ENT_12090,INDIVIDUAL,1900000,VERIFIED,38.0,tier2
ENT_12091,INDIVIDUAL,3000000,VERIFIED,26.0,tier2
ENT_12092,BUSINESS,9000000,VERIFIED,,metro
ENT_12093,INDIVIDUAL,300000,VERIFIED,37.0,tier2
ENT_12094,BUSINESS,1100000,VERIFIED,,tier2
ENT_12095,INDIVIDUAL,41700000,VERIFIED,48.0,tier2
ENT_12096,INDIVIDUAL,800000,VERIFIED,59.0,rural
ENT_12097,INDIVIDUAL,7400000,VERIFIED,37.0,metro
ENT_12098,BUSINESS,94100000,VERIFIED,,rural
ENT_12099,INDIVIDUAL,600000,VERIFIED,46.0,metro
ENT_12100,INDIVIDUAL,1000000,VERIFIED,53.0,metro
ENT_12101,INDIVIDUAL,2200000,VERIFIED,42.0,metro
ENT_12102,INDIVIDUAL,10000000,VERIFIED,25.0,metro
ENT_12103,INDIVIDUAL,8500000,VERIFIED,41.0,rural
ENT_12104,INDIVIDUAL,0,VERIFIED,49.0,metro
ENT_12105,INDIVIDUAL,1100000,VERIFIED,28.0,metro
ENT_12106,INDIVIDUAL,1400000,VERIFIED,31.0,metro
ENT_12107,INDIVIDUAL,400000,VERIFIED,19.0,metro
ENT_12108,BUSINESS,9800000,VERIFIED,,metro
ENT_12109,INDIVIDUAL,1800000,VERIFIED,35.0,metro
ENT_12110,INDIVIDUAL,1500000,VERIFIED,23.0,tier2
ENT_12111,BUSINESS,5000000,VERIFIED,,tier2
ENT_12112,INDIVIDUAL,0,VERIFIED,55.0,rural
ENT_12113,INDIVIDUAL,1500000,VERIFIED,50.0,metro
ENT_12114,INDIVIDUAL,800000,VERIFIED,62.0,tier2
ENT_12115,INDIVIDUAL,1100000,VERIFIED,50.0,rural
ENT_12116,INDIVIDUAL,0,VERIFIED,29.0,metro
ENT_12117,INDIVIDUAL,700000,VERIFIED,64.0,metro
ENT_12118,INDIVIDUAL,700000,VERIFIED,29.0,tier2
ENT_12119,INDIVIDUAL,0,VERIFIED,29.0,metro
ENT_12120,BUSINESS,50800000,VERIFIED,,metro
ENT_12121,INDIVIDUAL,300000,VERIFIED,48.0,tier2
ENT_12122,INDIVIDUAL,500000,VERIFIED,33.0,tier2
ENT_12123,INDIVIDUAL,6600000,VERIFIED,19.0,tier2
ENT_12124,INDIVIDUAL,3600000,VERIFIED,37.0,tier2
ENT_12125,INDIVIDUAL,1000000,VERIFIED,41.0,rural
ENT_12126,INDIVIDUAL,1300000,VERIFIED,19.0,tier2
ENT_12127,TRUST,49800000,VERIFIED,,tier2
ENT_12128,INDIVIDUAL,0,VERIFIED,26.0,tier2
ENT_12129,INDIVIDUAL,25700000,VERIFIED,46.0,tier2
ENT_12130,INDIVIDUAL,900000,VERIFIED,53.0,rural
ENT_12131,INDIVIDUAL,700000,VERIFIED,24.0,tier2
ENT_12132,INDIVIDUAL,1000000,VERIFIED,56.0,metro
ENT_12133,INDIVIDUAL,800000,VERIFIED,33.0,rural
ENT_12134,INDIVIDUAL,1300000,VERIFIED,19.0,rural
ENT_12135,INDIVIDUAL,2600000,VERIFIED,33.0,tier2
ENT_12136,INDIVIDUAL,11600000,VERIFIED,18.0,tier2
ENT_12137,INDIVIDUAL,300000,VERIFIED,44.0,tier2
ENT_12138,INDIVIDUAL,9000000,VERIFIED,35.0,metro
ENT_12139,INDIVIDUAL,1200000,VERIFIED,27.0,metro
ENT_12140,TRUST,6100000,VERIFIED,,tier2
ENT_12141,INDIVIDUAL,93900000,VERIFIED,52.0,rural
ENT_12142,INDIVIDUAL,83400000,VERIFIED,27.0,metro
ENT_12143,INDIVIDUAL,700000,VERIFIED,26.0,metro
ENT_12144,BUSINESS,7600000,VERIFIED,,metro
ENT_12145,INDIVIDUAL,2000000,VERIFIED,34.0,tier2
ENT_12146,INDIVIDUAL,7900000,VERIFIED,60.0,metro
ENT_12147,INDIVIDUAL,600000,VERIFIED,26.0,metro
ENT_12148,BUSINESS,22200000,VERIFIED,,tier2
ENT_12149,INDIVIDUAL,0,VERIFIED,50.0,tier2
ENT_12150,INDIVIDUAL,500000,VERIFIED,25.0,metro
ENT_12151,INDIVIDUAL,80900000,VERIFIED,38.0,tier2
ENT_12152,INDIVIDUAL,1500000,VERIFIED,34.0,metro
ENT_12153,INDIVIDUAL,1000000,VERIFIED,26.0,metro
ENT_12154,INDIVIDUAL,0,VERIFIED,34.0,rural
ENT_12155,BUSINESS,92100000,VERIFIED,,metro
ENT_12156,INDIVIDUAL,77300000,VERIFIED,39.0,tier2
ENT_12157,BUSINESS,7200000,VERIFIED,,metro
ENT_12158,BUSINESS,7700000,VERIFIED,,metro
ENT_12159,TRUST,2800000,VERIFIED,,tier2
ENT_12160,INDIVIDUAL,1600000,VERIFIED,43.0,tier2
ENT_12161,BUSINESS,1000000,VERIFIED,,tier2
ENT_12162,INDIVIDUAL,900000,VERIFIED,65.0,tier2
ENT_12163,INDIVIDUAL,1100000,VERIFIED,40.0,tier2
ENT_12164,INDIVIDUAL,400000,VERIFIED,64.0,tier2
ENT_12165,INDIVIDUAL,600000,VERIFIED,32.0,metro
ENT_12166,TRUST,88400000,VERIFIED,,rural
ENT_12167,TRUST,90000000,VERIFIED,,tier2
ENT_12168,INDIVIDUAL,4700000,VERIFIED,61.0,rural
ENT_12169,INDIVIDUAL,1200000,VERIFIED,28.0,metro
ENT_12170,INDIVIDUAL,2900000,VERIFIED,65.0,tier2
ENT_12171,INDIVIDUAL,6100000,VERIFIED,27.0,metro
ENT_12172,INDIVIDUAL,8800000,VERIFIED,40.0,metro
ENT_12173,INDIVIDUAL,1000000,VERIFIED,38.0,metro
ENT_12174,BUSINESS,25400000,VERIFIED,,metro
ENT_12175,INDIVIDUAL,1200000,VERIFIED,22.0,metro
ENT_12176,INDIVIDUAL,1400000,VERIFIED,43.0,metro
ENT_12177,BUSINESS,21400000,VERIFIED,,metro
ENT_12178,INDIVIDUAL,4800000,VERIFIED,34.0,tier2
ENT_12179,INDIVIDUAL,8200000,VERIFIED,20.0,tier2
ENT_12180,INDIVIDUAL,900000,VERIFIED,49.0,tier2
ENT_12181,INDIVIDUAL,7500000,VERIFIED,21.0,metro
ENT_12182,BUSINESS,3800000,VERIFIED,,tier2
ENT_12183,INDIVIDUAL,10900000,VERIFIED,53.0,metro
ENT_12184,INDIVIDUAL,7100000,VERIFIED,25.0,tier2
ENT_12185,INDIVIDUAL,1200000,VERIFIED,30.0,tier2
ENT_12186,INDIVIDUAL,3900000,VERIFIED,50.0,rural
ENT_12187,BUSINESS,37500000,VERIFIED,,metro
ENT_12188,BUSINESS,2300000,VERIFIED,,metro
ENT_12189,INDIVIDUAL,1400000,VERIFIED,19.0,tier2
ENT_12190,INDIVIDUAL,9000000,VERIFIED,64.0,tier2
ENT_12191,INDIVIDUAL,9900000,VERIFIED,41.0,tier2
ENT_12192,TRUST,9800000,VERIFIED,,metro
ENT_12193,INDIVIDUAL,7100000,VERIFIED,51.0,metro
ENT_12194,INDIVIDUAL,34000000,VERIFIED,62.0,tier2
ENT_12195,BUSINESS,9000000,VERIFIED,,metro
ENT_12196,INDIVIDUAL,900000,VERIFIED,47.0,tier2
ENT_12197,BUSINESS,7900000,VERIFIED,,metro
ENT_12198,INDIVIDUAL,0,VERIFIED,54.0,tier2
ENT_12199,INDIVIDUAL,1000000,VERIFIED,59.0,metro
ENT_12200,INDIVIDUAL,6200000,VERIFIED,34.0,metro
ENT_12201,INDIVIDUAL,0,VERIFIED,52.0,metro
ENT_12202,INDIVIDUAL,1300000,VERIFIED,28.0,metro
ENT_12203,TRUST,33400000,VERIFIED,,metro
ENT_12204,INDIVIDUAL,1500000,VERIFIED,51.0,metro
ENT_12205,INDIVIDUAL,600000,VERIFIED,19.0,metro
ENT_12206,INDIVIDUAL,1500000,VERIFIED,29.0,metro
ENT_12207,BUSINESS,9700000,VERIFIED,,metro
ENT_12208,TRUST,4000000,VERIFIED,,metro
ENT_12209,INDIVIDUAL,700000,VERIFIED,22.0,tier2
ENT_12210,INDIVIDUAL,7900000,VERIFIED,28.0,metro
ENT_12211,INDIVIDUAL,1200000,VERIFIED,46.0,metro
ENT_12212,INDIVIDUAL,1200000,VERIFIED,50.0,tier2
ENT_12213,INDIVIDUAL,1400000,VERIFIED,37.0,rural
ENT_12214,BUSINESS,39300000,VERIFIED,,rural
ENT_12215,INDIVIDUAL,7800000,VERIFIED,32.0,metro
ENT_12216,INDIVIDUAL,90000000,VERIFIED,58.0,tier2
ENT_12217,INDIVIDUAL,700000,VERIFIED,43.0,tier2
ENT_12218,INDIVIDUAL,7300000,VERIFIED,48.0,tier2
ENT_12219,INDIVIDUAL,0,VERIFIED,33.0,tier2
ENT_12220,INDIVIDUAL,65600000,VERIFIED,22.0,metro
ENT_12221,INDIVIDUAL,0,VERIFIED,62.0,metro
ENT_12222,INDIVIDUAL,7600000,VERIFIED,28.0,tier2
ENT_12223,INDIVIDUAL,1900000,VERIFIED,55.0,tier2
ENT_12224,INDIVIDUAL,0,VERIFIED,29.0,metro
ENT_12225,INDIVIDUAL,8900000,VERIFIED,30.0,metro
ENT_12226,INDIVIDUAL,700000,VERIFIED,59.0,metro
ENT_12227,INDIVIDUAL,5400000,VERIFIED,64.0,rural
ENT_12228,INDIVIDUAL,26400000,VERIFIED,46.0,tier2
ENT_12229,INDIVIDUAL,3200000,VERIFIED,36.0,metro
ENT_12230,INDIVIDUAL,9700000,VERIFIED,47.0,rural
ENT_12231,INDIVIDUAL,900000,VERIFIED,43.0,tier2
ENT_12232,INDIVIDUAL,4300000,VERIFIED,26.0,rural
ENT_12233,INDIVIDUAL,600000,VERIFIED,48.0,metro
ENT_12234,TRUST,6700000,VERIFIED,,metro
ENT_12235,BUSINESS,1300000,VERIFIED,,tier2
ENT_12236,INDIVIDUAL,8200000,VERIFIED,19.0,tier2
ENT_12237,INDIVIDUAL,28000000,VERIFIED,23.0,rural
ENT_12238,BUSINESS,5600000,VERIFIED,,metro
ENT_12239,INDIVIDUAL,900000,VERIFIED,28.0,metro
ENT_12240,INDIVIDUAL,2300000,VERIFIED,56.0,metro
ENT_12241,INDIVIDUAL,1500000,VERIFIED,50.0,rural
ENT_12242,INDIVIDUAL,500000,VERIFIED,52.0,metro
ENT_12243,BUSINESS,3100000,VERIFIED,,metro
ENT_12244,INDIVIDUAL,0,VERIFIED,34.0,metro
ENT_12245,INDIVIDUAL,65300000,VERIFIED,28.0,tier2
ENT_12246,INDIVIDUAL,1000000,VERIFIED,57.0,metro
ENT_12247,INDIVIDUAL,77600000,VERIFIED,47.0,tier2
ENT_12248,INDIVIDUAL,60100000,VERIFIED,28.0,tier2
ENT_12249,INDIVIDUAL,3700000,VERIFIED,48.0,metro
ENT_12250,INDIVIDUAL,1300000,VERIFIED,52.0,rural
ENT_12251,INDIVIDUAL,1400000,VERIFIED,59.0,metro
ENT_12252,INDIVIDUAL,1200000,VERIFIED,57.0,rural
ENT_12253,TRUST,16900000,VERIFIED,,tier2
ENT_12254,INDIVIDUAL,4400000,VERIFIED,57.0,tier2
ENT_12255,INDIVIDUAL,5300000,VERIFIED,23.0,rural
ENT_12256,INDIVIDUAL,900000,VERIFIED,52.0,metro
ENT_12257,INDIVIDUAL,8400000,VERIFIED,31.0,tier2
ENT_12258,INDIVIDUAL,1600000,VERIFIED,47.0,metro
ENT_12259,INDIVIDUAL,1200000,VERIFIED,57.0,metro
ENT_12260,INDIVIDUAL,44700000,VERIFIED,48.0,tier2
ENT_12261,INDIVIDUAL,500000,VERIFIED,29.0,metro
ENT_12262,INDIVIDUAL,2500000,VERIFIED,60.0,metro
ENT_12263,INDIVIDUAL,27200000,VERIFIED,41.0,metro
ENT_12264,INDIVIDUAL,5600000,VERIFIED,38.0,tier2
ENT_12265,INDIVIDUAL,0,VERIFIED,54.0,metro
ENT_12266,INDIVIDUAL,900000,VERIFIED,48.0,rural
ENT_12267,INDIVIDUAL,6600000,VERIFIED,60.0,metro
ENT_12268,INDIVIDUAL,0,VERIFIED,46.0,metro
ENT_12269,INDIVIDUAL,300000,VERIFIED,43.0,metro
ENT_12270,INDIVIDUAL,700000,VERIFIED,18.0,tier2
ENT_12271,INDIVIDUAL,1400000,VERIFIED,47.0,metro
ENT_12272,INDIVIDUAL,1400000,VERIFIED,25.0,metro
ENT_12273,INDIVIDUAL,0,VERIFIED,43.0,metro
ENT_12274,INDIVIDUAL,4800000,VERIFIED,34.0,metro
ENT_12275,INDIVIDUAL,8800000,VERIFIED,41.0,metro
ENT_12276,INDIVIDUAL,7600000,VERIFIED,35.0,tier2
ENT_12277,INDIVIDUAL,8300000,VERIFIED,29.0,rural
ENT_12278,INDIVIDUAL,6100000,VERIFIED,20.0,tier2
ENT_12279,INDIVIDUAL,5500000,VERIFIED,22.0,metro
ENT_12280,INDIVIDUAL,1100000,VERIFIED,58.0,metro
ENT_12281,INDIVIDUAL,1100000,VERIFIED,65.0,metro
ENT_12282,INDIVIDUAL,300000,VERIFIED,48.0,metro
ENT_12283,BUSINESS,5300000,VERIFIED,,tier2
ENT_12284,INDIVIDUAL,600000,VERIFIED,23.0,metro
ENT_12285,INDIVIDUAL,1400000,VERIFIED,52.0,tier2
ENT_12286,INDIVIDUAL,1300000,VERIFIED,22.0,tier2
ENT_12287,INDIVIDUAL,6000000,VERIFIED,24.0,tier2
ENT_12288,INDIVIDUAL,0,VERIFIED,52.0,tier2
ENT_12289,INDIVIDUAL,800000,VERIFIED,50.0,rural
ENT_12290,INDIVIDUAL,1200000,VERIFIED,60.0,metro
ENT_12291,INDIVIDUAL,2000000,VERIFIED,45.0,tier2
ENT_12292,INDIVIDUAL,0,VERIFIED,43.0,metro
ENT_12293,INDIVIDUAL,7400000,VERIFIED,53.0,metro
ENT_12294,INDIVIDUAL,3400000,VERIFIED,29.0,metro
ENT_12295,INDIVIDUAL,88300000,VERIFIED,38.0,metro
ENT_12296,INDIVIDUAL,9700000,VERIFIED,47.0,metro
ENT_12297,INDIVIDUAL,5300000,VERIFIED,65.0,metro
ENT_12298,INDIVIDUAL,4900000,VERIFIED,52.0,tier2
ENT_12299,BUSINESS,3100000,VERIFIED,,rural
ENT_12300,INDIVIDUAL,400000,VERIFIED,64.0,rural
ENT_12301,INDIVIDUAL,1000000,VERIFIED,21.0,rural
ENT_12302,BUSINESS,26500000,VERIFIED,,metro
ENT_12303,BUSINESS,7900000,VERIFIED,,metro
ENT_12304,INDIVIDUAL,1500000,VERIFIED,55.0,metro
ENT_12305,INDIVIDUAL,900000,VERIFIED,33.0,rural
ENT_12306,INDIVIDUAL,4500000,VERIFIED,63.0,rural
ENT_12307,INDIVIDUAL,51100000,VERIFIED,58.0,metro
ENT_12308,INDIVIDUAL,4000000,VERIFIED,49.0,metro
ENT_12309,INDIVIDUAL,7500000,VERIFIED,51.0,metro
ENT_12310,BUSINESS,4300000,VERIFIED,,tier2
ENT_12311,INDIVIDUAL,700000,VERIFIED,50.0,metro
ENT_12312,INDIVIDUAL,1500000,VERIFIED,58.0,metro
ENT_12313,INDIVIDUAL,50300000,VERIFIED,45.0,metro
ENT_12314,INDIVIDUAL,1000000,VERIFIED,62.0,tier2
ENT_12315,INDIVIDUAL,0,VERIFIED,27.0,rural
ENT_12316,BUSINESS,3600000,VERIFIED,,rural
ENT_12317,INDIVIDUAL,400000,VERIFIED,47.0,tier2
ENT_12318,INDIVIDUAL,6100000,VERIFIED,34.0,metro
ENT_12319,INDIVIDUAL,1800000,VERIFIED,43.0,rural
ENT_12320,INDIVIDUAL,1000000,VERIFIED,44.0,metro
ENT_12321,INDIVIDUAL,4700000,VERIFIED,28.0,metro
ENT_12322,INDIVIDUAL,1200000,VERIFIED,25.0,metro
ENT_12323,INDIVIDUAL,800000,VERIFIED,55.0,rural
ENT_12324,INDIVIDUAL,1200000,VERIFIED,47.0,rural
ENT_12325,INDIVIDUAL,48400000,VERIFIED,28.0,metro
ENT_12326,INDIVIDUAL,3700000,VERIFIED,51.0,metro
ENT_12327,BUSINESS,79800000,VERIFIED,,metro
ENT_12328,INDIVIDUAL,4700000,VERIFIED,37.0,metro
ENT_12329,INDIVIDUAL,1100000,VERIFIED,42.0,metro
ENT_12330,INDIVIDUAL,1100000,VERIFIED,47.0,tier2
ENT_12331,BUSINESS,3600000,VERIFIED,,metro
ENT_12332,BUSINESS,4400000,VERIFIED,,tier2
ENT_12333,INDIVIDUAL,1000000,VERIFIED,36.0,metro
ENT_12334,INDIVIDUAL,9100000,VERIFIED,32.0,metro
ENT_12335,INDIVIDUAL,700000,VERIFIED,53.0,tier2
ENT_12336,INDIVIDUAL,1300000,VERIFIED,54.0,tier2
ENT_12337,BUSINESS,79000000,VERIFIED,,rural
ENT_12338,INDIVIDUAL,6600000,VERIFIED,51.0,metro
ENT_12339,INDIVIDUAL,9900000,VERIFIED,57.0,rural
ENT_12340,INDIVIDUAL,800000,VERIFIED,41.0,rural
ENT_12341,INDIVIDUAL,16900000,VERIFIED,27.0,metro
ENT_12342,INDIVIDUAL,2000000,VERIFIED,34.0,rural
ENT_12343,INDIVIDUAL,2600000,VERIFIED,38.0,metro
ENT_12344,BUSINESS,1000000,VERIFIED,,metro
ENT_12345,INDIVIDUAL,1200000,VERIFIED,64.0,metro
ENT_12346,INDIVIDUAL,98000000,VERIFIED,36.0,rural
ENT_12347,INDIVIDUAL,8200000,VERIFIED,24.0,metro
ENT_12348,INDIVIDUAL,10400000,VERIFIED,26.0,metro
ENT_12349,INDIVIDUAL,9500000,VERIFIED,48.0,metro
ENT_12350,INDIVIDUAL,1400000,VERIFIED,58.0,metro
ENT_12351,BUSINESS,2800000,VERIFIED,,rural
ENT_12352,INDIVIDUAL,1400000,VERIFIED,36.0,metro
ENT_12353,INDIVIDUAL,500000,VERIFIED,23.0,metro
ENT_12354,INDIVIDUAL,900000,VERIFIED,38.0,metro
ENT_12355,INDIVIDUAL,82400000,VERIFIED,45.0,rural
ENT_12356,INDIVIDUAL,3300000,VERIFIED,28.0,tier2
ENT_12357,TRUST,39000000,VERIFIED,,rural
ENT_12358,INDIVIDUAL,0,VERIFIED,42.0,metro
ENT_12359,INDIVIDUAL,600000,VERIFIED,62.0,rural
ENT_12360,INDIVIDUAL,1400000,VERIFIED,47.0,rural
ENT_12361,BUSINESS,24500000,VERIFIED,,tier2
ENT_12362,INDIVIDUAL,3400000,VERIFIED,53.0,tier2
ENT_12363,INDIVIDUAL,5200000,VERIFIED,23.0,metro
ENT_12364,INDIVIDUAL,700000,VERIFIED,47.0,metro
ENT_12365,INDIVIDUAL,9900000,VERIFIED,18.0,tier2
ENT_12366,INDIVIDUAL,600000,VERIFIED,28.0,metro
ENT_12367,INDIVIDUAL,1400000,VERIFIED,37.0,metro
ENT_12368,INDIVIDUAL,6000000,VERIFIED,28.0,rural
ENT_12369,INDIVIDUAL,1500000,VERIFIED,31.0,metro
ENT_12370,INDIVIDUAL,1400000,VERIFIED,61.0,tier2
ENT_12371,BUSINESS,1900000,VERIFIED,,metro
ENT_12372,BUSINESS,47200000,VERIFIED,,rural
ENT_12373,BUSINESS,8700000,VERIFIED,,rural
ENT_12374,INDIVIDUAL,2000000,VERIFIED,52.0,metro
ENT_12375,INDIVIDUAL,1000000,VERIFIED,24.0,rural
ENT_12376,BUSINESS,4500000,VERIFIED,,tier2
ENT_12377,INDIVIDUAL,0,VERIFIED,20.0,tier2
ENT_12378,INDIVIDUAL,4000000,VERIFIED,34.0,metro
ENT_12379,INDIVIDUAL,300000,VERIFIED,21.0,tier2
ENT_12380,BUSINESS,61500000,VERIFIED,,metro
ENT_12381,INDIVIDUAL,1100000,VERIFIED,60.0,metro
ENT_12382,INDIVIDUAL,1000000,VERIFIED,46.0,metro
ENT_12383,INDIVIDUAL,1400000,VERIFIED,45.0,rural
ENT_12384,BUSINESS,8400000,VERIFIED,,metro
ENT_12385,INDIVIDUAL,0,VERIFIED,56.0,metro
ENT_12386,BUSINESS,94400000,VERIFIED,,metro
ENT_12387,INDIVIDUAL,500000,VERIFIED,29.0,metro
ENT_12388,INDIVIDUAL,5500000,VERIFIED,29.0,metro
ENT_12389,INDIVIDUAL,72300000,VERIFIED,53.0,metro
ENT_12390,INDIVIDUAL,300000,VERIFIED,64.0,rural
ENT_12391,INDIVIDUAL,1000000,VERIFIED,46.0,tier2
ENT_12392,INDIVIDUAL,700000,VERIFIED,55.0,metro
ENT_12393,INDIVIDUAL,48400000,VERIFIED,27.0,tier2
ENT_12394,TRUST,75400000,VERIFIED,,metro
ENT_12395,INDIVIDUAL,1300000,VERIFIED,37.0,rural
ENT_12396,TRUST,1700000,VERIFIED,,rural
ENT_12397,INDIVIDUAL,1100000,VERIFIED,40.0,tier2
ENT_12398,INDIVIDUAL,5500000,VERIFIED,37.0,rural
ENT_12399,INDIVIDUAL,1200000,VERIFIED,55.0,rural
ENT_12400,INDIVIDUAL,8000000,VERIFIED,54.0,metro
ENT_12401,INDIVIDUAL,7200000,VERIFIED,50.0,rural
ENT_12402,TRUST,78500000,VERIFIED,,tier2
ENT_12403,INDIVIDUAL,9100000,VERIFIED,26.0,rural
ENT_12404,INDIVIDUAL,6200000,VERIFIED,52.0,metro
ENT_12405,INDIVIDUAL,0,VERIFIED,38.0,metro
ENT_12406,INDIVIDUAL,0,VERIFIED,63.0,metro
ENT_12407,INDIVIDUAL,400000,VERIFIED,20.0,metro
ENT_12408,INDIVIDUAL,7900000,VERIFIED,25.0,tier2
ENT_12409,INDIVIDUAL,5800000,VERIFIED,24.0,metro
ENT_12410,INDIVIDUAL,1800000,VERIFIED,49.0,metro
ENT_12411,INDIVIDUAL,8500000,VERIFIED,47.0,rural
ENT_12412,BUSINESS,61900000,VERIFIED,,metro
ENT_12413,INDIVIDUAL,3100000,VERIFIED,59.0,rural
ENT_12414,INDIVIDUAL,800000,VERIFIED,58.0,rural
ENT_12415,INDIVIDUAL,0,VERIFIED,57.0,tier2
ENT_12416,INDIVIDUAL,5300000,VERIFIED,35.0,metro
ENT_12417,INDIVIDUAL,8000000,VERIFIED,26.0,tier2
ENT_12418,INDIVIDUAL,4800000,VERIFIED,63.0,metro
ENT_12419,INDIVIDUAL,0,VERIFIED,26.0,tier2
ENT_12420,INDIVIDUAL,1400000,VERIFIED,62.0,metro
ENT_12421,INDIVIDUAL,1000000,VERIFIED,41.0,tier2
ENT_12422,INDIVIDUAL,34500000,VERIFIED,20.0,rural
ENT_12423,INDIVIDUAL,1200000,VERIFIED,54.0,tier2
ENT_12424,INDIVIDUAL,1400000,VERIFIED,34.0,rural
ENT_12425,INDIVIDUAL,18300000,VERIFIED,46.0,metro
ENT_12426,BUSINESS,96000000,VERIFIED,,rural
ENT_12427,INDIVIDUAL,1900000,VERIFIED,51.0,tier2
ENT_12428,INDIVIDUAL,1200000,VERIFIED,59.0,metro
ENT_12429,INDIVIDUAL,3600000,VERIFIED,40.0,metro
ENT_12430,INDIVIDUAL,47000000,VERIFIED,57.0,metro
ENT_12431,INDIVIDUAL,400000,VERIFIED,27.0,metro
ENT_12432,BUSINESS,29700000,VERIFIED,,metro
ENT_12433,INDIVIDUAL,1500000,VERIFIED,19.0,rural
ENT_12434,INDIVIDUAL,0,VERIFIED,44.0,metro
ENT_12435,BUSINESS,80800000,VERIFIED,,metro
ENT_12436,INDIVIDUAL,1100000,VERIFIED,62.0,metro
ENT_12437,INDIVIDUAL,3900000,VERIFIED,57.0,metro
ENT_12438,INDIVIDUAL,2700000,VERIFIED,19.0,rural
ENT_12439,INDIVIDUAL,4200000,VERIFIED,64.0,rural
ENT_12440,INDIVIDUAL,5200000,VERIFIED,52.0,metro
ENT_12441,INDIVIDUAL,1400000,VERIFIED,48.0,rural
ENT_12442,INDIVIDUAL,1100000,VERIFIED,21.0,metro
ENT_12443,INDIVIDUAL,800000,VERIFIED,29.0,metro
ENT_12444,INDIVIDUAL,4600000,VERIFIED,34.0,rural
ENT_12445,INDIVIDUAL,82900000,VERIFIED,55.0,metro
ENT_12446,INDIVIDUAL,500000,VERIFIED,22.0,tier2
ENT_12447,INDIVIDUAL,8100000,VERIFIED,30.0,metro
ENT_12448,INDIVIDUAL,600000,VERIFIED,64.0,metro
ENT_12449,INDIVIDUAL,4200000,VERIFIED,28.0,metro
ENT_12450,BUSINESS,28900000,VERIFIED,,rural
ENT_12451,INDIVIDUAL,600000,VERIFIED,62.0,metro
ENT_12452,BUSINESS,63400000,VERIFIED,,metro
ENT_12453,INDIVIDUAL,9300000,VERIFIED,59.0,tier2
ENT_12454,BUSINESS,96900000,VERIFIED,,rural
ENT_12455,INDIVIDUAL,500000,VERIFIED,29.0,metro
ENT_12456,INDIVIDUAL,9100000,VERIFIED,55.0,metro
ENT_12457,INDIVIDUAL,400000,VERIFIED,32.0,rural
ENT_12458,BUSINESS,100000000,VERIFIED,,tier2
ENT_12459,INDIVIDUAL,500000,VERIFIED,29.0,tier2
ENT_12460,BUSINESS,1500000,VERIFIED,,metro
ENT_12461,INDIVIDUAL,3700000,VERIFIED,60.0,rural
ENT_12462,INDIVIDUAL,14800000,VERIFIED,30.0,metro
ENT_12463,BUSINESS,8000000,VERIFIED,,metro
ENT_12464,BUSINESS,95500000,VERIFIED,,metro
ENT_12465,INDIVIDUAL,0,VERIFIED,60.0,tier2
ENT_12466,INDIVIDUAL,900000,VERIFIED,44.0,tier2
ENT_12467,INDIVIDUAL,800000,VERIFIED,50.0,metro
ENT_12468,INDIVIDUAL,400000,VERIFIED,56.0,tier2
ENT_12469,INDIVIDUAL,9800000,VERIFIED,25.0,rural
ENT_12470,INDIVIDUAL,4700000,VERIFIED,38.0,tier2
ENT_12471,INDIVIDUAL,900000,VERIFIED,49.0,metro
ENT_12472,INDIVIDUAL,700000,VERIFIED,27.0,tier2
ENT_12473,INDIVIDUAL,7700000,VERIFIED,60.0,metro
ENT_12474,INDIVIDUAL,600000,VERIFIED,33.0,rural
ENT_12475,INDIVIDUAL,1400000,VERIFIED,56.0,metro
ENT_12476,INDIVIDUAL,5800000,VERIFIED,50.0,metro
ENT_12477,INDIVIDUAL,300000,VERIFIED,40.0,tier2
ENT_12478,INDIVIDUAL,1900000,VERIFIED,61.0,rural
ENT_12479,INDIVIDUAL,0,VERIFIED,45.0,metro
ENT_12480,INDIVIDUAL,800000,VERIFIED,24.0,rural
ENT_12481,BUSINESS,71100000,VERIFIED,,rural
ENT_12482,INDIVIDUAL,5400000,VERIFIED,24.0,metro
ENT_12483,INDIVIDUAL,52300000,VERIFIED,28.0,rural
ENT_12484,INDIVIDUAL,1200000,VERIFIED,38.0,metro
ENT_12485,INDIVIDUAL,1100000,VERIFIED,27.0,metro
ENT_12486,TRUST,8600000,VERIFIED,,rural
ENT_12487,INDIVIDUAL,800000,VERIFIED,54.0,metro
ENT_12488,INDIVIDUAL,5600000,VERIFIED,60.0,tier2
ENT_12489,INDIVIDUAL,1100000,VERIFIED,61.0,metro
ENT_12490,INDIVIDUAL,400000,VERIFIED,37.0,metro
ENT_12491,INDIVIDUAL,8400000,VERIFIED,64.0,tier2
ENT_12492,INDIVIDUAL,5700000,VERIFIED,61.0,metro
ENT_12493,INDIVIDUAL,9200000,VERIFIED,56.0,metro
ENT_12494,INDIVIDUAL,800000,VERIFIED,58.0,tier2
ENT_12495,INDIVIDUAL,0,VERIFIED,32.0,metro
ENT_12496,INDIVIDUAL,9800000,VERIFIED,60.0,tier2
ENT_12497,INDIVIDUAL,700000,VERIFIED,46.0,tier2
ENT_12498,INDIVIDUAL,6700000,VERIFIED,30.0,metro
ENT_12499,INDIVIDUAL,2200000,VERIFIED,43.0,tier2
ENT_12500,INDIVIDUAL,1100000,VERIFIED,27.0,metro
ENT_12501,INDIVIDUAL,78500000,VERIFIED,23.0,tier2
ENT_12502,INDIVIDUAL,2400000,VERIFIED,39.0,metro
ENT_12503,INDIVIDUAL,4400000,VERIFIED,19.0,metro
ENT_12504,INDIVIDUAL,8400000,VERIFIED,55.0,tier2
ENT_12505,INDIVIDUAL,7800000,VERIFIED,58.0,metro
ENT_12506,INDIVIDUAL,7100000,VERIFIED,36.0,metro
ENT_12507,INDIVIDUAL,1000000,VERIFIED,37.0,metro
ENT_12508,INDIVIDUAL,95400000,VERIFIED,28.0,tier2
ENT_12509,INDIVIDUAL,7400000,VERIFIED,54.0,tier2
ENT_12510,BUSINESS,8100000,VERIFIED,,metro
ENT_12511,INDIVIDUAL,1300000,VERIFIED,35.0,metro
ENT_12512,INDIVIDUAL,2400000,VERIFIED,20.0,metro
ENT_12513,INDIVIDUAL,3200000,VERIFIED,34.0,metro
ENT_12514,BUSINESS,7900000,VERIFIED,,tier2
ENT_12515,INDIVIDUAL,8300000,VERIFIED,64.0,tier2
ENT_12516,INDIVIDUAL,50900000,VERIFIED,32.0,metro
ENT_12517,INDIVIDUAL,1100000,VERIFIED,53.0,metro
ENT_12518,INDIVIDUAL,0,VERIFIED,61.0,tier2
ENT_12519,INDIVIDUAL,1300000,VERIFIED,46.0,tier2
ENT_12520,TRUST,5900000,VERIFIED,,metro
ENT_12521,INDIVIDUAL,3800000,VERIFIED,41.0,tier2
ENT_12522,INDIVIDUAL,7400000,VERIFIED,49.0,metro
ENT_12523,INDIVIDUAL,0,VERIFIED,63.0,rural
ENT_12524,INDIVIDUAL,7600000,VERIFIED,62.0,rural
ENT_12525,INDIVIDUAL,500000,VERIFIED,33.0,metro
ENT_12526,INDIVIDUAL,1300000,VERIFIED,31.0,tier2
ENT_12527,INDIVIDUAL,1000000,VERIFIED,27.0,metro
ENT_12528,INDIVIDUAL,1500000,VERIFIED,31.0,metro
ENT_12529,INDIVIDUAL,7600000,VERIFIED,52.0,metro
ENT_12530,INDIVIDUAL,900000,VERIFIED,28.0,rural
ENT_12531,INDIVIDUAL,800000,VERIFIED,37.0,tier2
ENT_12532,TRUST,8200000,VERIFIED,,metro
ENT_12533,INDIVIDUAL,1200000,VERIFIED,57.0,metro
ENT_12534,INDIVIDUAL,7500000,VERIFIED,58.0,metro
ENT_12535,INDIVIDUAL,1500000,VERIFIED,45.0,tier2
ENT_12536,INDIVIDUAL,6800000,VERIFIED,46.0,tier2
ENT_12537,INDIVIDUAL,4900000,VERIFIED,57.0,metro
ENT_12538,INDIVIDUAL,600000,VERIFIED,20.0,metro
ENT_12539,INDIVIDUAL,0,VERIFIED,57.0,tier2
ENT_12540,INDIVIDUAL,300000,VERIFIED,33.0,tier2
ENT_12541,BUSINESS,21400000,VERIFIED,,tier2
ENT_12542,INDIVIDUAL,4600000,VERIFIED,26.0,rural
ENT_12543,BUSINESS,64700000,VERIFIED,,metro
ENT_12544,INDIVIDUAL,0,VERIFIED,31.0,metro
ENT_12545,INDIVIDUAL,5100000,VERIFIED,52.0,rural
ENT_12546,INDIVIDUAL,900000,VERIFIED,25.0,tier2
ENT_12547,INDIVIDUAL,5300000,VERIFIED,37.0,metro
ENT_12548,INDIVIDUAL,1400000,VERIFIED,42.0,tier2
ENT_12549,INDIVIDUAL,1400000,VERIFIED,53.0,tier2
ENT_12550,INDIVIDUAL,24600000,VERIFIED,60.0,rural
ENT_12551,BUSINESS,4600000,VERIFIED,,rural
ENT_12552,INDIVIDUAL,0,VERIFIED,49.0,tier2
ENT_12553,TRUST,1300000,VERIFIED,,metro
ENT_12554,INDIVIDUAL,3700000,VERIFIED,49.0,tier2
ENT_12555,BUSINESS,3500000,VERIFIED,,metro
ENT_12556,INDIVIDUAL,3700000,VERIFIED,65.0,metro
ENT_12557,INDIVIDUAL,8600000,VERIFIED,18.0,metro
ENT_12558,INDIVIDUAL,9700000,VERIFIED,57.0,metro
ENT_12559,INDIVIDUAL,0,VERIFIED,32.0,metro
ENT_12560,INDIVIDUAL,1000000,VERIFIED,35.0,tier2
ENT_12561,INDIVIDUAL,1600000,VERIFIED,64.0,rural
ENT_12562,INDIVIDUAL,2000000,VERIFIED,23.0,rural
ENT_12563,INDIVIDUAL,3500000,VERIFIED,44.0,tier2
ENT_12564,INDIVIDUAL,7900000,VERIFIED,27.0,tier2
ENT_12565,INDIVIDUAL,0,VERIFIED,53.0,metro
ENT_12566,INDIVIDUAL,4100000,VERIFIED,53.0,metro
ENT_12567,INDIVIDUAL,1000000,VERIFIED,65.0,tier2
ENT_12568,TRUST,17100000,VERIFIED,,metro
ENT_12569,BUSINESS,17800000,VERIFIED,,tier2
ENT_12570,BUSINESS,18900000,VERIFIED,,rural
ENT_12571,INDIVIDUAL,7400000,VERIFIED,25.0,tier2
ENT_12572,INDIVIDUAL,8800000,VERIFIED,56.0,metro
ENT_12573,BUSINESS,3100000,VERIFIED,,rural
ENT_12574,INDIVIDUAL,7400000,VERIFIED,55.0,tier2
ENT_12575,BUSINESS,9200000,VERIFIED,,tier2
ENT_12576,INDIVIDUAL,13900000,VERIFIED,61.0,tier2
ENT_12577,INDIVIDUAL,1000000,VERIFIED,48.0,metro
ENT_12578,INDIVIDUAL,9300000,VERIFIED,61.0,rural
ENT_12579,INDIVIDUAL,55000000,VERIFIED,51.0,metro
ENT_12580,INDIVIDUAL,4900000,VERIFIED,35.0,metro
ENT_12581,INDIVIDUAL,4900000,VERIFIED,35.0,metro
ENT_12582,INDIVIDUAL,500000,VERIFIED,35.0,tier2
ENT_12583,INDIVIDUAL,7400000,VERIFIED,39.0,tier2
ENT_12584,INDIVIDUAL,500000,VERIFIED,31.0,tier2
ENT_12585,INDIVIDUAL,2000000,VERIFIED,21.0,tier2
ENT_12586,INDIVIDUAL,71100000,VERIFIED,23.0,metro
ENT_12587,INDIVIDUAL,6600000,VERIFIED,54.0,tier2
ENT_12588,INDIVIDUAL,41700000,VERIFIED,23.0,metro
ENT_12589,INDIVIDUAL,700000,VERIFIED,27.0,metro
ENT_12590,INDIVIDUAL,3600000,VERIFIED,24.0,metro
ENT_12591,INDIVIDUAL,1100000,VERIFIED,36.0,metro
ENT_12592,INDIVIDUAL,6900000,VERIFIED,45.0,rural
ENT_12593,BUSINESS,9800000,VERIFIED,,metro
ENT_12594,INDIVIDUAL,9900000,VERIFIED,29.0,tier2
ENT_12595,INDIVIDUAL,1200000,VERIFIED,37.0,metro
ENT_12596,INDIVIDUAL,1400000,VERIFIED,52.0,tier2
ENT_12597,INDIVIDUAL,0,VERIFIED,37.0,metro
ENT_12598,INDIVIDUAL,2900000,VERIFIED,40.0,rural
ENT_12599,INDIVIDUAL,900000,VERIFIED,40.0,metro
ENT_12600,INDIVIDUAL,5100000,VERIFIED,25.0,metro
ENT_12601,INDIVIDUAL,7400000,VERIFIED,50.0,metro
ENT_12602,INDIVIDUAL,6300000,VERIFIED,19.0,rural
ENT_12603,INDIVIDUAL,5700000,VERIFIED,20.0,tier2
ENT_12604,INDIVIDUAL,5200000,VERIFIED,60.0,rural
ENT_12605,INDIVIDUAL,36500000,VERIFIED,26.0,rural
ENT_12606,INDIVIDUAL,300000,VERIFIED,51.0,rural
ENT_12607,INDIVIDUAL,5200000,VERIFIED,26.0,metro
ENT_12608,INDIVIDUAL,7600000,VERIFIED,34.0,metro
ENT_12609,INDIVIDUAL,5100000,VERIFIED,53.0,tier2
ENT_12610,BUSINESS,1700000,VERIFIED,,metro
ENT_12611,INDIVIDUAL,0,VERIFIED,27.0,metro
ENT_12612,INDIVIDUAL,3500000,VERIFIED,39.0,rural
ENT_12613,BUSINESS,41700000,VERIFIED,,tier2
ENT_12614,INDIVIDUAL,5700000,VERIFIED,48.0,rural
ENT_12615,BUSINESS,3100000,VERIFIED,,tier2
ENT_12616,INDIVIDUAL,0,VERIFIED,24.0,metro
ENT_12617,INDIVIDUAL,700000,VERIFIED,32.0,rural
ENT_12618,INDIVIDUAL,83200000,VERIFIED,59.0,tier2
ENT_12619,INDIVIDUAL,5400000,VERIFIED,60.0,metro
ENT_12620,INDIVIDUAL,9000000,VERIFIED,36.0,tier2
ENT_12621,INDIVIDUAL,700000,VERIFIED,19.0,metro
ENT_12622,BUSINESS,66000000,VERIFIED,,tier2
ENT_12623,INDIVIDUAL,1100000,VERIFIED,40.0,metro
ENT_12624,INDIVIDUAL,2600000,VERIFIED,56.0,metro
ENT_12625,TRUST,8600000,VERIFIED,,rural
ENT_12626,INDIVIDUAL,0,VERIFIED,54.0,tier2
ENT_12627,INDIVIDUAL,6600000,VERIFIED,30.0,metro
ENT_12628,INDIVIDUAL,8800000,VERIFIED,31.0,tier2
ENT_12629,INDIVIDUAL,5500000,VERIFIED,39.0,metro
ENT_12630,INDIVIDUAL,1700000,VERIFIED,28.0,rural
ENT_12631,INDIVIDUAL,5700000,VERIFIED,30.0,tier2
ENT_12632,INDIVIDUAL,1300000,VERIFIED,61.0,tier2
ENT_12633,INDIVIDUAL,800000,VERIFIED,22.0,metro
ENT_12634,INDIVIDUAL,4500000,VERIFIED,43.0,metro
ENT_12635,INDIVIDUAL,8600000,VERIFIED,24.0,metro
ENT_12636,INDIVIDUAL,400000,VERIFIED,64.0,metro
ENT_12637,INDIVIDUAL,7400000,VERIFIED,32.0,metro
ENT_12638,INDIVIDUAL,1900000,VERIFIED,61.0,tier2
ENT_12639,INDIVIDUAL,0,VERIFIED,19.0,tier2
ENT_12640,BUSINESS,6600000,VERIFIED,,rural
ENT_12641,INDIVIDUAL,8200000,VERIFIED,45.0,metro
ENT_12642,INDIVIDUAL,1300000,VERIFIED,33.0,rural
ENT_12643,INDIVIDUAL,5100000,VERIFIED,30.0,metro
ENT_12644,TRUST,20200000,VERIFIED,,tier2
ENT_12645,BUSINESS,9200000,VERIFIED,,tier2
ENT_12646,INDIVIDUAL,600000,VERIFIED,49.0,rural
ENT_12647,INDIVIDUAL,7800000,VERIFIED,32.0,metro
ENT_12648,INDIVIDUAL,1100000,VERIFIED,48.0,rural
ENT_12649,INDIVIDUAL,64300000,VERIFIED,55.0,metro
ENT_12650,TRUST,99000000,VERIFIED,,metro
ENT_12651,INDIVIDUAL,0,VERIFIED,53.0,rural
ENT_12652,INDIVIDUAL,6500000,VERIFIED,37.0,metro
ENT_12653,INDIVIDUAL,7800000,VERIFIED,63.0,tier2
ENT_12654,INDIVIDUAL,10000000,VERIFIED,35.0,rural
ENT_12655,INDIVIDUAL,3300000,VERIFIED,49.0,tier2
ENT_12656,INDIVIDUAL,3500000,VERIFIED,57.0,tier2
ENT_12657,BUSINESS,94800000,VERIFIED,,metro
ENT_12658,TRUST,10500000,VERIFIED,,tier2
ENT_12659,BUSINESS,3900000,VERIFIED,,metro
ENT_12660,INDIVIDUAL,8100000,VERIFIED,25.0,metro
ENT_12661,INDIVIDUAL,94900000,VERIFIED,27.0,tier2
ENT_12662,INDIVIDUAL,600000,VERIFIED,33.0,tier2
ENT_12663,BUSINESS,74500000,VERIFIED,,rural
ENT_12664,INDIVIDUAL,0,VERIFIED,19.0,metro
ENT_12665,INDIVIDUAL,1000000,VERIFIED,32.0,tier2
ENT_12666,INDIVIDUAL,1100000,VERIFIED,49.0,metro
ENT_12667,TRUST,27200000,VERIFIED,,metro
ENT_12668,INDIVIDUAL,1100000,VERIFIED,37.0,tier2
ENT_12669,BUSINESS,5200000,VERIFIED,,metro
ENT_12670,BUSINESS,44400000,VERIFIED,,rural
ENT_12671,INDIVIDUAL,3900000,VERIFIED,53.0,metro
ENT_12672,INDIVIDUAL,6000000,VERIFIED,23.0,metro
ENT_12673,INDIVIDUAL,0,VERIFIED,38.0,tier2
ENT_12674,INDIVIDUAL,7200000,VERIFIED,32.0,tier2
ENT_12675,BUSINESS,4900000,VERIFIED,,metro
ENT_12676,INDIVIDUAL,1100000,VERIFIED,37.0,metro
ENT_12677,INDIVIDUAL,1500000,VERIFIED,58.0,tier2
ENT_12678,INDIVIDUAL,3200000,VERIFIED,21.0,metro
ENT_12679,BUSINESS,2900000,VERIFIED,,tier2
ENT_12680,INDIVIDUAL,700000,VERIFIED,33.0,rural
ENT_12681,INDIVIDUAL,39900000,VERIFIED,19.0,metro
ENT_12682,INDIVIDUAL,8800000,VERIFIED,29.0,metro
ENT_12683,INDIVIDUAL,0,VERIFIED,33.0,tier2
ENT_12684,INDIVIDUAL,0,VERIFIED,24.0,tier2
ENT_12685,INDIVIDUAL,1300000,VERIFIED,38.0,tier2
ENT_12686,INDIVIDUAL,1300000,VERIFIED,51.0,tier2
ENT_12687,INDIVIDUAL,1300000,VERIFIED,35.0,rural
ENT_12688,INDIVIDUAL,9400000,VERIFIED,35.0,metro
ENT_12689,INDIVIDUAL,9200000,VERIFIED,22.0,tier2
ENT_12690,BUSINESS,6200000,VERIFIED,,metro
ENT_12691,INDIVIDUAL,900000,VERIFIED,24.0,metro
ENT_12692,INDIVIDUAL,1500000,VERIFIED,64.0,metro
ENT_12693,INDIVIDUAL,5100000,VERIFIED,38.0,metro
ENT_12694,BUSINESS,4700000,VERIFIED,,tier2
ENT_12695,INDIVIDUAL,1300000,VERIFIED,40.0,metro
ENT_12696,INDIVIDUAL,1100000,VERIFIED,21.0,tier2
ENT_12697,BUSINESS,9400000,VERIFIED,,tier2
ENT_12698,TRUST,52400000,VERIFIED,,metro
ENT_12699,INDIVIDUAL,400000,VERIFIED,58.0,metro
ENT_12700,INDIVIDUAL,3300000,VERIFIED,46.0,metro
ENT_12701,INDIVIDUAL,900000,VERIFIED,40.0,rural
ENT_12702,INDIVIDUAL,2900000,VERIFIED,41.0,metro
ENT_12703,INDIVIDUAL,600000,VERIFIED,48.0,rural
ENT_12704,INDIVIDUAL,1500000,VERIFIED,30.0,metro
ENT_12705,BUSINESS,2200000,VERIFIED,,metro
ENT_12706,INDIVIDUAL,1300000,VERIFIED,21.0,tier2
ENT_12707,INDIVIDUAL,300000,VERIFIED,34.0,metro
ENT_12708,INDIVIDUAL,6000000,VERIFIED,31.0,metro
ENT_12709,INDIVIDUAL,800000,VERIFIED,62.0,metro
ENT_12710,TRUST,79900000,VERIFIED,,metro
ENT_12711,INDIVIDUAL,600000,VERIFIED,38.0,rural
ENT_12712,INDIVIDUAL,0,VERIFIED,33.0,metro
ENT_12713,INDIVIDUAL,8500000,VERIFIED,47.0,rural
ENT_12714,INDIVIDUAL,9700000,VERIFIED,55.0,metro
ENT_12715,BUSINESS,38600000,VERIFIED,,metro
ENT_12716,INDIVIDUAL,47200000,VERIFIED,32.0,tier2
ENT_12717,BUSINESS,26700000,VERIFIED,,rural
ENT_12718,INDIVIDUAL,1400000,VERIFIED,44.0,metro
ENT_12719,INDIVIDUAL,7700000,VERIFIED,52.0,tier2
ENT_12720,INDIVIDUAL,900000,VERIFIED,65.0,metro
ENT_12721,INDIVIDUAL,1200000,VERIFIED,23.0,metro
ENT_12722,INDIVIDUAL,500000,VERIFIED,25.0,tier2
ENT_12723,INDIVIDUAL,6700000,VERIFIED,40.0,tier2
ENT_12724,BUSINESS,59000000,VERIFIED,,tier2
ENT_12725,INDIVIDUAL,600000,VERIFIED,32.0,rural
ENT_12726,INDIVIDUAL,8500000,VERIFIED,47.0,tier2
ENT_12727,INDIVIDUAL,900000,VERIFIED,27.0,tier2
ENT_12728,INDIVIDUAL,9400000,VERIFIED,21.0,tier2
ENT_12729,INDIVIDUAL,0,VERIFIED,47.0,tier2
ENT_12730,BUSINESS,9100000,VERIFIED,,tier2
ENT_12731,INDIVIDUAL,1900000,VERIFIED,48.0,tier2
ENT_12732,INDIVIDUAL,5600000,VERIFIED,44.0,metro
ENT_12733,INDIVIDUAL,1000000,VERIFIED,53.0,rural
ENT_12734,INDIVIDUAL,900000,VERIFIED,59.0,rural
ENT_12735,INDIVIDUAL,600000,VERIFIED,39.0,tier2
ENT_12736,INDIVIDUAL,0,VERIFIED,61.0,tier2
ENT_12737,INDIVIDUAL,700000,VERIFIED,37.0,tier2
ENT_12738,INDIVIDUAL,300000,VERIFIED,20.0,tier2
ENT_12739,INDIVIDUAL,6800000,VERIFIED,60.0,tier2
ENT_12740,INDIVIDUAL,9200000,VERIFIED,43.0,tier2
ENT_12741,BUSINESS,97500000,VERIFIED,,metro
ENT_12742,INDIVIDUAL,8800000,VERIFIED,20.0,tier2
ENT_12743,INDIVIDUAL,8200000,VERIFIED,43.0,tier2
ENT_12744,BUSINESS,84900000,VERIFIED,,tier2
ENT_12745,INDIVIDUAL,1200000,VERIFIED,42.0,metro
ENT_12746,BUSINESS,6100000,VERIFIED,,metro
ENT_12747,INDIVIDUAL,800000,VERIFIED,18.0,metro
ENT_12748,INDIVIDUAL,1400000,VERIFIED,30.0,rural
ENT_12749,INDIVIDUAL,1600000,VERIFIED,24.0,metro
ENT_12750,INDIVIDUAL,1100000,VERIFIED,59.0,metro
ENT_12751,BUSINESS,71100000,VERIFIED,,metro
ENT_12752,INDIVIDUAL,8400000,VERIFIED,60.0,tier2
ENT_12753,INDIVIDUAL,2500000,VERIFIED,51.0,metro
ENT_12754,INDIVIDUAL,0,VERIFIED,45.0,metro
ENT_12755,BUSINESS,2600000,VERIFIED,,rural
ENT_12756,INDIVIDUAL,500000,VERIFIED,61.0,metro
ENT_12757,BUSINESS,43300000,VERIFIED,,metro
ENT_12758,INDIVIDUAL,900000,VERIFIED,43.0,metro
ENT_12759,INDIVIDUAL,1000000,VERIFIED,21.0,metro
ENT_12760,INDIVIDUAL,3500000,VERIFIED,30.0,tier2
ENT_12761,INDIVIDUAL,78900000,VERIFIED,64.0,tier2
ENT_12762,INDIVIDUAL,2500000,VERIFIED,29.0,tier2
ENT_12763,BUSINESS,88400000,VERIFIED,,metro
ENT_12764,INDIVIDUAL,700000,VERIFIED,28.0,metro
ENT_12765,BUSINESS,15600000,VERIFIED,,tier2
ENT_12766,INDIVIDUAL,1300000,VERIFIED,64.0,rural
ENT_12767,INDIVIDUAL,300000,VERIFIED,57.0,metro
ENT_12768,INDIVIDUAL,9800000,VERIFIED,38.0,rural
ENT_12769,INDIVIDUAL,1400000,VERIFIED,56.0,rural
ENT_12770,BUSINESS,9900000,VERIFIED,,metro
ENT_12771,INDIVIDUAL,1400000,VERIFIED,25.0,tier2
ENT_12772,INDIVIDUAL,55800000,VERIFIED,54.0,metro
ENT_12773,INDIVIDUAL,14700000,VERIFIED,21.0,metro
ENT_12774,INDIVIDUAL,4100000,VERIFIED,62.0,tier2
ENT_12775,INDIVIDUAL,1100000,VERIFIED,28.0,metro
ENT_12776,INDIVIDUAL,300000,VERIFIED,56.0,metro
ENT_12777,INDIVIDUAL,800000,VERIFIED,59.0,tier2
ENT_12778,INDIVIDUAL,2800000,VERIFIED,65.0,rural
ENT_12779,INDIVIDUAL,1300000,VERIFIED,19.0,tier2
ENT_12780,INDIVIDUAL,8200000,VERIFIED,43.0,metro
ENT_12781,INDIVIDUAL,800000,VERIFIED,24.0,metro
ENT_12782,INDIVIDUAL,1200000,VERIFIED,53.0,metro
ENT_12783,INDIVIDUAL,5100000,VERIFIED,19.0,rural
ENT_12784,INDIVIDUAL,500000,VERIFIED,50.0,rural
ENT_12785,BUSINESS,25600000,VERIFIED,,metro
ENT_12786,INDIVIDUAL,2200000,VERIFIED,36.0,tier2
ENT_12787,BUSINESS,34200000,VERIFIED,,rural
ENT_12788,INDIVIDUAL,64100000,VERIFIED,54.0,tier2
ENT_12789,INDIVIDUAL,8400000,VERIFIED,19.0,metro
ENT_12790,INDIVIDUAL,2400000,VERIFIED,53.0,tier2
ENT_12791,INDIVIDUAL,1900000,VERIFIED,21.0,metro
ENT_12792,INDIVIDUAL,1300000,VERIFIED,24.0,metro
ENT_12793,INDIVIDUAL,1200000,VERIFIED,21.0,rural
ENT_12794,INDIVIDUAL,7700000,VERIFIED,47.0,tier2
ENT_12795,INDIVIDUAL,0,VERIFIED,56.0,metro
ENT_12796,INDIVIDUAL,1000000,VERIFIED,57.0,tier2
ENT_12797,INDIVIDUAL,65400000,VERIFIED,65.0,metro
ENT_12798,INDIVIDUAL,9800000,VERIFIED,57.0,metro
ENT_12799,INDIVIDUAL,500000,VERIFIED,54.0,metro
ENT_12800,TRUST,84900000,VERIFIED,,tier2
ENT_12801,INDIVIDUAL,1100000,VERIFIED,18.0,rural
ENT_12802,INDIVIDUAL,0,VERIFIED,60.0,rural
ENT_12803,INDIVIDUAL,9800000,VERIFIED,44.0,tier2
ENT_12804,INDIVIDUAL,4900000,VERIFIED,58.0,metro
ENT_12805,INDIVIDUAL,2700000,VERIFIED,31.0,rural
ENT_12806,BUSINESS,47300000,VERIFIED,,tier2
ENT_12807,INDIVIDUAL,29400000,VERIFIED,32.0,metro
ENT_12808,INDIVIDUAL,0,VERIFIED,32.0,metro
ENT_12809,INDIVIDUAL,0,VERIFIED,36.0,metro
ENT_12810,INDIVIDUAL,1000000,VERIFIED,32.0,metro
ENT_12811,INDIVIDUAL,4200000,VERIFIED,24.0,metro
ENT_12812,INDIVIDUAL,600000,VERIFIED,23.0,metro
ENT_12813,INDIVIDUAL,1200000,VERIFIED,47.0,tier2
ENT_12814,INDIVIDUAL,92900000,VERIFIED,62.0,tier2
ENT_12815,TRUST,3900000,VERIFIED,,metro
ENT_12816,INDIVIDUAL,1500000,VERIFIED,39.0,rural
ENT_12817,INDIVIDUAL,1000000,VERIFIED,27.0,metro
ENT_12818,INDIVIDUAL,1000000,VERIFIED,39.0,metro
ENT_12819,INDIVIDUAL,5900000,VERIFIED,30.0,tier2
ENT_12820,INDIVIDUAL,9500000,VERIFIED,24.0,rural
ENT_12821,BUSINESS,2600000,VERIFIED,,tier2
ENT_12822,INDIVIDUAL,2800000,VERIFIED,22.0,tier2
ENT_12823,INDIVIDUAL,700000,VERIFIED,60.0,metro
ENT_12824,INDIVIDUAL,1100000,VERIFIED,44.0,rural
ENT_12825,INDIVIDUAL,3400000,VERIFIED,20.0,metro
ENT_12826,INDIVIDUAL,700000,VERIFIED,39.0,metro
ENT_12827,INDIVIDUAL,8800000,VERIFIED,46.0,tier2
ENT_12828,TRUST,44100000,VERIFIED,,tier2
ENT_12829,INDIVIDUAL,2500000,VERIFIED,42.0,rural
ENT_12830,INDIVIDUAL,58400000,VERIFIED,50.0,metro
ENT_12831,TRUST,93400000,VERIFIED,,metro
ENT_12832,BUSINESS,2700000,VERIFIED,,tier2
ENT_12833,INDIVIDUAL,51800000,VERIFIED,56.0,rural
ENT_12834,INDIVIDUAL,1500000,VERIFIED,28.0,rural
ENT_12835,INDIVIDUAL,8600000,VERIFIED,39.0,metro
ENT_12836,INDIVIDUAL,900000,VERIFIED,43.0,metro
ENT_12837,INDIVIDUAL,1000000,VERIFIED,24.0,metro
ENT_12838,INDIVIDUAL,94900000,VERIFIED,26.0,tier2
ENT_12839,INDIVIDUAL,7600000,VERIFIED,22.0,metro
ENT_12840,INDIVIDUAL,1300000,VERIFIED,60.0,metro
ENT_12841,INDIVIDUAL,900000,VERIFIED,38.0,tier2
ENT_12842,INDIVIDUAL,14400000,VERIFIED,50.0,metro
ENT_12843,INDIVIDUAL,5200000,VERIFIED,56.0,tier2
ENT_12844,BUSINESS,5900000,VERIFIED,,tier2
ENT_12845,INDIVIDUAL,8000000,VERIFIED,48.0,tier2
ENT_12846,INDIVIDUAL,8300000,VERIFIED,36.0,tier2
ENT_12847,BUSINESS,88500000,VERIFIED,,metro
ENT_12848,INDIVIDUAL,0,VERIFIED,42.0,tier2
ENT_12849,BUSINESS,71000000,VERIFIED,,metro
ENT_12850,INDIVIDUAL,2300000,VERIFIED,54.0,tier2
ENT_12851,INDIVIDUAL,300000,VERIFIED,49.0,metro
ENT_12852,INDIVIDUAL,7400000,VERIFIED,23.0,metro
ENT_12853,INDIVIDUAL,32500000,VERIFIED,31.0,metro
ENT_12854,INDIVIDUAL,55900000,VERIFIED,21.0,metro
ENT_12855,INDIVIDUAL,5500000,VERIFIED,32.0,tier2
ENT_12856,INDIVIDUAL,9900000,VERIFIED,46.0,tier2
ENT_12857,INDIVIDUAL,800000,VERIFIED,32.0,rural
ENT_12858,INDIVIDUAL,1500000,VERIFIED,53.0,tier2
ENT_12859,INDIVIDUAL,9800000,VERIFIED,19.0,metro
ENT_12860,INDIVIDUAL,700000,VERIFIED,29.0,metro
ENT_12861,INDIVIDUAL,2100000,VERIFIED,65.0,rural
ENT_12862,BUSINESS,41700000,VERIFIED,,tier2
ENT_12863,INDIVIDUAL,500000,VERIFIED,61.0,metro
ENT_12864,INDIVIDUAL,0,VERIFIED,61.0,tier2
ENT_12865,INDIVIDUAL,1000000,VERIFIED,49.0,metro
ENT_12866,BUSINESS,33700000,VERIFIED,,metro
ENT_12867,INDIVIDUAL,2200000,VERIFIED,63.0,metro
ENT_12868,BUSINESS,29400000,VERIFIED,,rural
ENT_12869,INDIVIDUAL,600000,VERIFIED,58.0,metro
ENT_12870,INDIVIDUAL,700000,VERIFIED,37.0,rural
ENT_12871,INDIVIDUAL,0,VERIFIED,53.0,metro
ENT_12872,INDIVIDUAL,9100000,VERIFIED,31.0,rural
ENT_12873,INDIVIDUAL,400000,VERIFIED,35.0,metro
ENT_12874,BUSINESS,4200000,VERIFIED,,metro
ENT_12875,BUSINESS,64900000,VERIFIED,,rural
ENT_12876,INDIVIDUAL,900000,VERIFIED,36.0,metro
ENT_12877,INDIVIDUAL,7400000,VERIFIED,60.0,metro
ENT_12878,INDIVIDUAL,2900000,VERIFIED,20.0,tier2
ENT_12879,INDIVIDUAL,0,VERIFIED,50.0,rural
ENT_12880,INDIVIDUAL,8400000,VERIFIED,60.0,tier2
ENT_12881,INDIVIDUAL,300000,VERIFIED,22.0,tier2
ENT_12882,INDIVIDUAL,58000000,VERIFIED,21.0,tier2
ENT_12883,INDIVIDUAL,600000,VERIFIED,57.0,metro
ENT_12884,INDIVIDUAL,1500000,VERIFIED,32.0,metro
ENT_12885,TRUST,26100000,VERIFIED,,metro
ENT_12886,INDIVIDUAL,3200000,VERIFIED,33.0,metro
ENT_12887,INDIVIDUAL,900000,VERIFIED,54.0,metro
ENT_12888,INDIVIDUAL,1400000,VERIFIED,60.0,metro
ENT_12889,BUSINESS,4100000,VERIFIED,,metro
ENT_12890,INDIVIDUAL,3100000,VERIFIED,56.0,metro
ENT_12891,INDIVIDUAL,700000,VERIFIED,18.0,rural
ENT_12892,INDIVIDUAL,1200000,VERIFIED,59.0,metro
ENT_12893,INDIVIDUAL,500000,VERIFIED,46.0,metro
ENT_12894,INDIVIDUAL,83800000,VERIFIED,62.0,metro
ENT_12895,INDIVIDUAL,5800000,VERIFIED,23.0,rural
ENT_12896,BUSINESS,3500000,VERIFIED,,metro
ENT_12897,INDIVIDUAL,9600000,VERIFIED,22.0,metro
ENT_12898,INDIVIDUAL,28900000,VERIFIED,38.0,rural
ENT_12899,INDIVIDUAL,4400000,VERIFIED,48.0,metro
ENT_12900,INDIVIDUAL,700000,VERIFIED,27.0,metro
ENT_12901,INDIVIDUAL,6300000,VERIFIED,38.0,metro
ENT_12902,INDIVIDUAL,1700000,VERIFIED,34.0,metro
ENT_12903,INDIVIDUAL,1300000,VERIFIED,46.0,metro
ENT_12904,INDIVIDUAL,900000,VERIFIED,62.0,metro
ENT_12905,BUSINESS,1900000,VERIFIED,,rural
ENT_12906,INDIVIDUAL,1100000,VERIFIED,31.0,metro
ENT_12907,INDIVIDUAL,1400000,VERIFIED,56.0,tier2
ENT_12908,INDIVIDUAL,3300000,VERIFIED,37.0,tier2
ENT_12909,INDIVIDUAL,1000000,VERIFIED,50.0,metro
ENT_12910,INDIVIDUAL,1100000,VERIFIED,60.0,metro
ENT_12911,INDIVIDUAL,90300000,VERIFIED,24.0,metro
ENT_12912,INDIVIDUAL,400000,VERIFIED,28.0,metro
ENT_12913,INDIVIDUAL,8000000,VERIFIED,47.0,metro
ENT_12914,INDIVIDUAL,9400000,VERIFIED,50.0,metro
ENT_12915,INDIVIDUAL,6200000,VERIFIED,63.0,tier2
ENT_12916,INDIVIDUAL,900000,VERIFIED,23.0,tier2
ENT_12917,INDIVIDUAL,0,VERIFIED,45.0,metro
ENT_12918,TRUST,61500000,VERIFIED,,rural
ENT_12919,INDIVIDUAL,0,VERIFIED,28.0,metro
ENT_12920,INDIVIDUAL,45500000,VERIFIED,43.0,tier2
ENT_12921,INDIVIDUAL,7800000,VERIFIED,65.0,metro
ENT_12922,INDIVIDUAL,12600000,VERIFIED,39.0,metro
ENT_12923,INDIVIDUAL,300000,VERIFIED,64.0,metro
ENT_12924,INDIVIDUAL,6900000,VERIFIED,48.0,metro
ENT_12925,INDIVIDUAL,2700000,VERIFIED,19.0,rural
ENT_12926,INDIVIDUAL,900000,VERIFIED,26.0,metro
ENT_12927,INDIVIDUAL,600000,VERIFIED,61.0,tier2
ENT_12928,INDIVIDUAL,1200000,VERIFIED,39.0,rural
ENT_12929,INDIVIDUAL,43500000,VERIFIED,36.0,rural
ENT_12930,INDIVIDUAL,26600000,VERIFIED,55.0,rural
ENT_12931,INDIVIDUAL,8200000,VERIFIED,44.0,metro
ENT_12932,INDIVIDUAL,5600000,VERIFIED,26.0,metro
ENT_12933,BUSINESS,1700000,VERIFIED,,metro
ENT_12934,INDIVIDUAL,0,VERIFIED,19.0,tier2
ENT_12935,INDIVIDUAL,1100000,VERIFIED,41.0,tier2
ENT_12936,INDIVIDUAL,500000,VERIFIED,59.0,metro
ENT_12937,INDIVIDUAL,61500000,VERIFIED,23.0,metro
ENT_12938,INDIVIDUAL,3000000,VERIFIED,27.0,rural
ENT_12939,BUSINESS,2300000,VERIFIED,,metro
ENT_12940,INDIVIDUAL,1300000,VERIFIED,20.0,metro
ENT_12941,INDIVIDUAL,9900000,VERIFIED,29.0,tier2
ENT_12942,BUSINESS,45800000,VERIFIED,,rural
ENT_12943,BUSINESS,7100000,VERIFIED,,tier2
ENT_12944,TRUST,36400000,VERIFIED,,tier2
ENT_12945,INDIVIDUAL,900000,VERIFIED,23.0,tier2
ENT_12946,INDIVIDUAL,600000,VERIFIED,32.0,rural
ENT_12947,INDIVIDUAL,4900000,VERIFIED,36.0,tier2
ENT_12948,INDIVIDUAL,3900000,VERIFIED,21.0,metro
ENT_12949,INDIVIDUAL,1000000,VERIFIED,53.0,tier2
ENT_12950,INDIVIDUAL,900000,VERIFIED,45.0,tier2
ENT_12951,BUSINESS,45800000,VERIFIED,,metro
ENT_12952,INDIVIDUAL,1000000,VERIFIED,56.0,rural
ENT_12953,INDIVIDUAL,0,VERIFIED,46.0,tier2
ENT_12954,BUSINESS,7000000,VERIFIED,,rural
ENT_12955,INDIVIDUAL,49000000,VERIFIED,24.0,rural
ENT_12956,INDIVIDUAL,3900000,VERIFIED,19.0,metro
ENT_12957,BUSINESS,6800000,VERIFIED,,tier2
ENT_12958,INDIVIDUAL,7300000,VERIFIED,30.0,metro
ENT_12959,BUSINESS,73900000,VERIFIED,,tier2
ENT_12960,INDIVIDUAL,800000,VERIFIED,27.0,metro
ENT_12961,INDIVIDUAL,900000,VERIFIED,38.0,tier2
ENT_12962,BUSINESS,30000000,VERIFIED,,rural
ENT_12963,INDIVIDUAL,700000,VERIFIED,32.0,tier2
ENT_12964,INDIVIDUAL,1100000,VERIFIED,35.0,metro
ENT_12965,INDIVIDUAL,1200000,VERIFIED,40.0,rural
ENT_12966,BUSINESS,30100000,VERIFIED,,tier2
ENT_12967,INDIVIDUAL,6700000,VERIFIED,54.0,rural
ENT_12968,TRUST,5400000,VERIFIED,,rural
ENT_12969,INDIVIDUAL,2600000,VERIFIED,58.0,metro
ENT_12970,INDIVIDUAL,900000,VERIFIED,31.0,tier2
ENT_12971,INDIVIDUAL,8900000,VERIFIED,36.0,tier2
ENT_12972,INDIVIDUAL,94100000,VERIFIED,54.0,metro
ENT_12973,INDIVIDUAL,5900000,VERIFIED,41.0,tier2
ENT_12974,INDIVIDUAL,61100000,VERIFIED,24.0,tier2
ENT_12975,BUSINESS,46400000,VERIFIED,,rural
ENT_12976,INDIVIDUAL,2300000,VERIFIED,58.0,tier2
ENT_12977,INDIVIDUAL,1300000,VERIFIED,40.0,metro
ENT_12978,BUSINESS,4600000,VERIFIED,,rural
ENT_12979,INDIVIDUAL,0,VERIFIED,25.0,metro
ENT_12980,INDIVIDUAL,1500000,VERIFIED,29.0,metro
ENT_12981,INDIVIDUAL,59100000,VERIFIED,28.0,tier2
ENT_12982,INDIVIDUAL,81300000,VERIFIED,33.0,metro
ENT_12983,BUSINESS,7200000,VERIFIED,,metro
ENT_12984,INDIVIDUAL,3200000,VERIFIED,37.0,metro
ENT_12985,INDIVIDUAL,87200000,VERIFIED,26.0,rural
ENT_12986,INDIVIDUAL,1400000,VERIFIED,57.0,metro
ENT_12987,INDIVIDUAL,800000,VERIFIED,45.0,tier2
ENT_12988,INDIVIDUAL,6900000,VERIFIED,18.0,metro
ENT_12989,INDIVIDUAL,31600000,VERIFIED,61.0,tier2
ENT_12990,INDIVIDUAL,800000,VERIFIED,36.0,metro
ENT_12991,INDIVIDUAL,300000,VERIFIED,49.0,tier2
ENT_12992,INDIVIDUAL,0,VERIFIED,58.0,tier2
ENT_12993,INDIVIDUAL,66100000,VERIFIED,39.0,rural
ENT_12994,INDIVIDUAL,800000,VERIFIED,48.0,tier2
ENT_12995,INDIVIDUAL,1500000,VERIFIED,39.0,tier2
ENT_12996,INDIVIDUAL,1600000,VERIFIED,19.0,tier2
ENT_12997,BUSINESS,76200000,VERIFIED,,metro
ENT_12998,INDIVIDUAL,500000,VERIFIED,58.0,metro
ENT_12999,INDIVIDUAL,31500000,VERIFIED,36.0,rural
ENT_13000,INDIVIDUAL,1400000,VERIFIED,53.0,metro
ENT_13001,BUSINESS,12800000,VERIFIED,,metro
ENT_13002,INDIVIDUAL,1000000,VERIFIED,59.0,tier2
ENT_13003,TRUST,7200000,VERIFIED,,tier2
ENT_13004,INDIVIDUAL,0,VERIFIED,45.0,metro
ENT_13005,INDIVIDUAL,0,VERIFIED,42.0,tier2
ENT_13006,INDIVIDUAL,50600000,VERIFIED,41.0,tier2
ENT_13007,INDIVIDUAL,9600000,VERIFIED,58.0,tier2
ENT_13008,INDIVIDUAL,1100000,VERIFIED,61.0,metro
ENT_13009,INDIVIDUAL,9900000,VERIFIED,28.0,metro
ENT_13010,TRUST,7900000,VERIFIED,,metro
ENT_13011,INDIVIDUAL,0,VERIFIED,24.0,metro
ENT_13012,INDIVIDUAL,1300000,VERIFIED,54.0,rural
ENT_13013,BUSINESS,59600000,VERIFIED,,tier2
ENT_13014,BUSINESS,9800000,VERIFIED,,metro
ENT_13015,INDIVIDUAL,8100000,VERIFIED,27.0,metro
ENT_13016,INDIVIDUAL,0,VERIFIED,65.0,metro
ENT_13017,INDIVIDUAL,600000,VERIFIED,37.0,metro
ENT_13018,INDIVIDUAL,6900000,VERIFIED,41.0,metro
ENT_13019,BUSINESS,29000000,VERIFIED,,metro
ENT_13020,INDIVIDUAL,69700000,VERIFIED,29.0,tier2
ENT_13021,INDIVIDUAL,97000000,VERIFIED,55.0,metro
ENT_13022,INDIVIDUAL,0,VERIFIED,30.0,metro
ENT_13023,INDIVIDUAL,1500000,VERIFIED,50.0,tier2
ENT_13024,TRUST,78400000,VERIFIED,,metro
ENT_13025,INDIVIDUAL,9400000,VERIFIED,22.0,tier2
ENT_13026,INDIVIDUAL,7800000,VERIFIED,31.0,rural
ENT_13027,INDIVIDUAL,0,VERIFIED,39.0,tier2
ENT_13028,INDIVIDUAL,7000000,VERIFIED,29.0,tier2
ENT_13029,INDIVIDUAL,11000000,VERIFIED,35.0,metro
ENT_13030,TRUST,69900000,VERIFIED,,metro
ENT_13031,INDIVIDUAL,400000,VERIFIED,23.0,tier2
ENT_13032,INDIVIDUAL,900000,VERIFIED,49.0,rural
ENT_13033,INDIVIDUAL,1100000,VERIFIED,42.0,rural
ENT_13034,INDIVIDUAL,7600000,VERIFIED,37.0,metro
ENT_13035,INDIVIDUAL,5500000,VERIFIED,55.0,rural
ENT_13036,INDIVIDUAL,500000,VERIFIED,34.0,tier2
ENT_13037,INDIVIDUAL,1500000,VERIFIED,34.0,metro
ENT_13038,INDIVIDUAL,400000,VERIFIED,40.0,tier2
ENT_13039,INDIVIDUAL,300000,VERIFIED,55.0,metro
ENT_13040,INDIVIDUAL,7900000,VERIFIED,42.0,metro
ENT_13041,INDIVIDUAL,27200000,VERIFIED,40.0,rural
ENT_13042,INDIVIDUAL,4700000,VERIFIED,32.0,metro
ENT_13043,INDIVIDUAL,1000000,VERIFIED,28.0,metro
ENT_13044,INDIVIDUAL,0,VERIFIED,40.0,metro
ENT_13045,INDIVIDUAL,1400000,VERIFIED,53.0,metro
ENT_13046,BUSINESS,7700000,VERIFIED,,metro
ENT_13047,INDIVIDUAL,1100000,VERIFIED,63.0,metro
ENT_13048,BUSINESS,25800000,VERIFIED,,rural
ENT_13049,BUSINESS,57500000,VERIFIED,,metro
ENT_13050,INDIVIDUAL,1500000,VERIFIED,41.0,tier2
ENT_13051,INDIVIDUAL,0,VERIFIED,64.0,metro
ENT_13052,BUSINESS,8600000,VERIFIED,,metro
ENT_13053,INDIVIDUAL,1200000,VERIFIED,65.0,tier2
ENT_13054,INDIVIDUAL,1900000,VERIFIED,22.0,tier2
ENT_13055,INDIVIDUAL,0,VERIFIED,32.0,metro
ENT_13056,INDIVIDUAL,400000,VERIFIED,42.0,metro
ENT_13057,INDIVIDUAL,3300000,VERIFIED,49.0,metro
ENT_13058,INDIVIDUAL,300000,VERIFIED,28.0,metro
ENT_13059,INDIVIDUAL,1100000,VERIFIED,53.0,metro
ENT_13060,INDIVIDUAL,8400000,VERIFIED,23.0,metro
ENT_13061,INDIVIDUAL,1200000,VERIFIED,33.0,tier2
ENT_13062,BUSINESS,5200000,VERIFIED,,rural
ENT_13063,INDIVIDUAL,0,VERIFIED,22.0,tier2
ENT_13064,INDIVIDUAL,300000,VERIFIED,48.0,rural
ENT_13065,INDIVIDUAL,2800000,VERIFIED,54.0,tier2
ENT_13066,INDIVIDUAL,1000000,VERIFIED,47.0,metro
ENT_13067,BUSINESS,4800000,VERIFIED,,metro
ENT_13068,INDIVIDUAL,900000,VERIFIED,50.0,rural
ENT_13069,INDIVIDUAL,0,VERIFIED,65.0,rural
ENT_13070,BUSINESS,38800000,VERIFIED,,metro
ENT_13071,INDIVIDUAL,300000,VERIFIED,56.0,rural
ENT_13072,INDIVIDUAL,800000,VERIFIED,33.0,rural
ENT_13073,INDIVIDUAL,1800000,VERIFIED,30.0,rural
ENT_13074,INDIVIDUAL,400000,VERIFIED,32.0,metro
ENT_13075,INDIVIDUAL,4300000,VERIFIED,34.0,tier2
ENT_13076,INDIVIDUAL,2500000,VERIFIED,55.0,metro
ENT_13077,INDIVIDUAL,600000,VERIFIED,31.0,metro
ENT_13078,INDIVIDUAL,1100000,VERIFIED,59.0,tier2
ENT_13079,INDIVIDUAL,400000,VERIFIED,18.0,tier2
ENT_13080,INDIVIDUAL,2300000,VERIFIED,46.0,metro
ENT_13081,INDIVIDUAL,6700000,VERIFIED,35.0,tier2
ENT_13082,INDIVIDUAL,1300000,VERIFIED,65.0,tier2
ENT_13083,INDIVIDUAL,9900000,VERIFIED,18.0,tier2
ENT_13084,INDIVIDUAL,800000,VERIFIED,34.0,metro
ENT_13085,INDIVIDUAL,600000,VERIFIED,50.0,tier2
ENT_13086,INDIVIDUAL,6500000,VERIFIED,52.0,metro
ENT_13087,INDIVIDUAL,1100000,VERIFIED,23.0,rural
ENT_13088,INDIVIDUAL,0,VERIFIED,60.0,rural
ENT_13089,INDIVIDUAL,1200000,VERIFIED,51.0,tier2
ENT_13090,INDIVIDUAL,700000,VERIFIED,44.0,tier2
ENT_13091,TRUST,9900000,VERIFIED,,metro
ENT_13092,INDIVIDUAL,1200000,VERIFIED,25.0,tier2
ENT_13093,INDIVIDUAL,0,VERIFIED,35.0,rural
ENT_13094,INDIVIDUAL,5800000,VERIFIED,36.0,rural
ENT_13095,BUSINESS,5800000,VERIFIED,,tier2
ENT_13096,INDIVIDUAL,8800000,VERIFIED,18.0,metro
ENT_13097,INDIVIDUAL,4700000,VERIFIED,28.0,rural
ENT_13098,INDIVIDUAL,6900000,VERIFIED,25.0,tier2
ENT_13099,INDIVIDUAL,9300000,VERIFIED,36.0,rural
ENT_13100,INDIVIDUAL,1200000,VERIFIED,19.0,tier2
ENT_13101,INDIVIDUAL,1100000,VERIFIED,59.0,tier2
ENT_13102,INDIVIDUAL,3600000,VERIFIED,39.0,tier2
ENT_13103,BUSINESS,21600000,VERIFIED,,metro
ENT_13104,INDIVIDUAL,51800000,VERIFIED,65.0,tier2
ENT_13105,BUSINESS,3300000,VERIFIED,,metro
ENT_13106,INDIVIDUAL,400000,VERIFIED,44.0,tier2
ENT_13107,INDIVIDUAL,9400000,VERIFIED,49.0,rural
ENT_13108,INDIVIDUAL,1600000,VERIFIED,37.0,metro
ENT_13109,INDIVIDUAL,400000,VERIFIED,50.0,tier2
ENT_13110,INDIVIDUAL,400000,VERIFIED,65.0,metro
ENT_13111,INDIVIDUAL,700000,VERIFIED,40.0,metro
ENT_13112,INDIVIDUAL,3000000,VERIFIED,51.0,metro
ENT_13113,BUSINESS,54200000,VERIFIED,,rural
ENT_13114,INDIVIDUAL,9800000,VERIFIED,35.0,rural
ENT_13115,INDIVIDUAL,1100000,VERIFIED,56.0,tier2
ENT_13116,INDIVIDUAL,500000,VERIFIED,50.0,metro
ENT_13117,INDIVIDUAL,0,VERIFIED,58.0,rural
ENT_13118,INDIVIDUAL,0,VERIFIED,60.0,rural
ENT_13119,INDIVIDUAL,600000,VERIFIED,54.0,tier2
ENT_13120,INDIVIDUAL,0,VERIFIED,28.0,metro
ENT_13121,INDIVIDUAL,900000,VERIFIED,58.0,tier2
ENT_13122,INDIVIDUAL,9500000,VERIFIED,30.0,tier2
ENT_13123,INDIVIDUAL,300000,VERIFIED,22.0,tier2
ENT_13124,INDIVIDUAL,4100000,VERIFIED,64.0,rural
ENT_13125,INDIVIDUAL,54100000,VERIFIED,61.0,metro
ENT_13126,INDIVIDUAL,800000,VERIFIED,52.0,metro
ENT_13127,TRUST,7500000,VERIFIED,,rural
ENT_13128,INDIVIDUAL,7200000,VERIFIED,33.0,metro
ENT_13129,INDIVIDUAL,1500000,VERIFIED,51.0,metro
ENT_13130,INDIVIDUAL,900000,VERIFIED,32.0,metro
ENT_13131,TRUST,97700000,VERIFIED,,rural
ENT_13132,INDIVIDUAL,53200000,VERIFIED,44.0,rural
ENT_13133,BUSINESS,3800000,VERIFIED,,metro
ENT_13134,BUSINESS,7300000,VERIFIED,,tier2
ENT_13135,INDIVIDUAL,20800000,VERIFIED,25.0,rural
ENT_13136,INDIVIDUAL,1800000,VERIFIED,33.0,metro
ENT_13137,INDIVIDUAL,0,VERIFIED,27.0,metro
ENT_13138,INDIVIDUAL,1300000,VERIFIED,51.0,metro
ENT_13139,INDIVIDUAL,8300000,VERIFIED,44.0,tier2
ENT_13140,INDIVIDUAL,600000,VERIFIED,31.0,metro
ENT_13141,INDIVIDUAL,10000000,VERIFIED,46.0,metro
ENT_13142,INDIVIDUAL,700000,VERIFIED,30.0,metro
ENT_13143,INDIVIDUAL,4500000,VERIFIED,38.0,tier2
ENT_13144,INDIVIDUAL,600000,VERIFIED,48.0,metro
ENT_13145,INDIVIDUAL,0,VERIFIED,32.0,tier2
ENT_13146,INDIVIDUAL,0,VERIFIED,60.0,metro
ENT_13147,BUSINESS,5600000,VERIFIED,,metro
ENT_13148,INDIVIDUAL,0,VERIFIED,25.0,rural
ENT_13149,INDIVIDUAL,2100000,VERIFIED,55.0,metro
ENT_13150,INDIVIDUAL,500000,VERIFIED,55.0,metro
ENT_13151,INDIVIDUAL,7400000,VERIFIED,24.0,tier2
ENT_13152,INDIVIDUAL,700000,VERIFIED,42.0,metro
ENT_13153,BUSINESS,14500000,VERIFIED,,metro
ENT_13154,INDIVIDUAL,4000000,VERIFIED,58.0,tier2
ENT_13155,INDIVIDUAL,82000000,VERIFIED,41.0,metro
ENT_13156,INDIVIDUAL,98000000,VERIFIED,38.0,metro
ENT_13157,INDIVIDUAL,2600000,VERIFIED,27.0,tier2
ENT_13158,BUSINESS,49600000,VERIFIED,,metro
ENT_13159,INDIVIDUAL,1500000,VERIFIED,54.0,metro
ENT_13160,BUSINESS,5800000,VERIFIED,,metro
ENT_13161,INDIVIDUAL,5700000,VERIFIED,24.0,metro
ENT_13162,INDIVIDUAL,8900000,VERIFIED,37.0,metro
ENT_13163,INDIVIDUAL,8700000,VERIFIED,43.0,metro
ENT_13164,INDIVIDUAL,1200000,VERIFIED,41.0,metro
ENT_13165,INDIVIDUAL,5800000,VERIFIED,65.0,tier2
ENT_13166,INDIVIDUAL,1000000,VERIFIED,41.0,metro
ENT_13167,BUSINESS,4100000,VERIFIED,,metro
ENT_13168,INDIVIDUAL,0,VERIFIED,62.0,metro
ENT_13169,INDIVIDUAL,0,VERIFIED,36.0,metro
ENT_13170,INDIVIDUAL,0,VERIFIED,45.0,metro
ENT_13171,INDIVIDUAL,300000,VERIFIED,24.0,metro
ENT_13172,INDIVIDUAL,500000,VERIFIED,20.0,tier2
ENT_13173,INDIVIDUAL,300000,VERIFIED,51.0,rural
ENT_13174,INDIVIDUAL,2000000,VERIFIED,61.0,tier2
ENT_13175,INDIVIDUAL,1400000,VERIFIED,50.0,metro
ENT_13176,INDIVIDUAL,4000000,VERIFIED,46.0,metro
ENT_13177,INDIVIDUAL,3800000,VERIFIED,38.0,metro
ENT_13178,INDIVIDUAL,400000,VERIFIED,50.0,metro
ENT_13179,INDIVIDUAL,1200000,VERIFIED,41.0,metro
ENT_13180,BUSINESS,5100000,VERIFIED,,tier2
ENT_13181,BUSINESS,75000000,VERIFIED,,tier2
ENT_13182,INDIVIDUAL,700000,VERIFIED,24.0,rural
ENT_13183,INDIVIDUAL,39500000,VERIFIED,33.0,tier2
ENT_13184,INDIVIDUAL,300000,VERIFIED,52.0,tier2
ENT_13185,INDIVIDUAL,300000,VERIFIED,45.0,rural
ENT_13186,INDIVIDUAL,40500000,VERIFIED,37.0,tier2
ENT_13187,INDIVIDUAL,9800000,VERIFIED,21.0,tier2
ENT_13188,INDIVIDUAL,4100000,VERIFIED,49.0,metro
ENT_13189,INDIVIDUAL,2200000,VERIFIED,38.0,rural
ENT_13190,TRUST,6400000,VERIFIED,,metro
ENT_13191,INDIVIDUAL,700000,VERIFIED,40.0,metro
ENT_13192,INDIVIDUAL,9200000,VERIFIED,29.0,rural
ENT_13193,INDIVIDUAL,1000000,VERIFIED,20.0,rural
ENT_13194,BUSINESS,8700000,VERIFIED,,tier2
ENT_13195,BUSINESS,5000000,VERIFIED,,metro
ENT_13196,INDIVIDUAL,4500000,VERIFIED,37.0,rural
ENT_13197,INDIVIDUAL,700000,VERIFIED,58.0,metro
ENT_13198,INDIVIDUAL,28100000,VERIFIED,55.0,metro
ENT_13199,INDIVIDUAL,1200000,VERIFIED,33.0,metro
ENT_13200,INDIVIDUAL,0,VERIFIED,24.0,metro
ENT_13201,INDIVIDUAL,1200000,VERIFIED,51.0,metro
ENT_13202,INDIVIDUAL,74600000,VERIFIED,36.0,metro
ENT_13203,INDIVIDUAL,700000,VERIFIED,58.0,tier2
ENT_13204,INDIVIDUAL,900000,VERIFIED,30.0,metro
ENT_13205,INDIVIDUAL,300000,VERIFIED,41.0,tier2
ENT_13206,INDIVIDUAL,97000000,VERIFIED,64.0,tier2
ENT_13207,INDIVIDUAL,700000,VERIFIED,30.0,metro
ENT_13208,INDIVIDUAL,400000,VERIFIED,56.0,rural
ENT_13209,TRUST,9700000,VERIFIED,,metro
ENT_13210,INDIVIDUAL,1300000,VERIFIED,20.0,metro
ENT_13211,INDIVIDUAL,1400000,VERIFIED,53.0,metro
ENT_13212,INDIVIDUAL,1000000,VERIFIED,53.0,tier2
ENT_13213,BUSINESS,66500000,VERIFIED,,tier2
ENT_13214,INDIVIDUAL,0,VERIFIED,44.0,rural
ENT_13215,BUSINESS,30400000,VERIFIED,,rural
ENT_13216,BUSINESS,8600000,VERIFIED,,tier2
ENT_13217,INDIVIDUAL,9400000,VERIFIED,29.0,metro
ENT_13218,INDIVIDUAL,1500000,VERIFIED,24.0,rural
ENT_13219,INDIVIDUAL,600000,VERIFIED,56.0,metro
ENT_13220,INDIVIDUAL,8600000,VERIFIED,51.0,metro
ENT_13221,INDIVIDUAL,4600000,VERIFIED,33.0,tier2
ENT_13222,BUSINESS,5700000,VERIFIED,,tier2
ENT_13223,INDIVIDUAL,5300000,VERIFIED,32.0,tier2
ENT_13224,INDIVIDUAL,900000,VERIFIED,27.0,rural
ENT_13225,INDIVIDUAL,600000,VERIFIED,20.0,metro
ENT_13226,INDIVIDUAL,2700000,VERIFIED,42.0,tier2
ENT_13227,TRUST,2400000,VERIFIED,,metro
ENT_13228,INDIVIDUAL,800000,VERIFIED,41.0,metro
ENT_13229,INDIVIDUAL,2100000,VERIFIED,63.0,rural
ENT_13230,INDIVIDUAL,5800000,VERIFIED,23.0,metro
ENT_13231,INDIVIDUAL,700000,VERIFIED,37.0,metro
ENT_13232,INDIVIDUAL,1000000,VERIFIED,34.0,tier2
ENT_13233,INDIVIDUAL,0,VERIFIED,50.0,metro
ENT_13234,INDIVIDUAL,900000,VERIFIED,35.0,tier2
ENT_13235,INDIVIDUAL,1200000,VERIFIED,48.0,metro
ENT_13236,TRUST,51400000,VERIFIED,,metro
ENT_13237,INDIVIDUAL,1400000,VERIFIED,31.0,metro
ENT_13238,INDIVIDUAL,1800000,VERIFIED,18.0,metro
ENT_13239,INDIVIDUAL,800000,VERIFIED,44.0,metro
ENT_13240,INDIVIDUAL,600000,VERIFIED,34.0,metro
ENT_13241,INDIVIDUAL,1900000,VERIFIED,57.0,metro
ENT_13242,INDIVIDUAL,1300000,VERIFIED,19.0,metro
ENT_13243,INDIVIDUAL,17300000,VERIFIED,26.0,metro
ENT_13244,INDIVIDUAL,0,VERIFIED,43.0,rural
ENT_13245,INDIVIDUAL,5700000,VERIFIED,48.0,tier2
ENT_13246,INDIVIDUAL,500000,VERIFIED,64.0,tier2
ENT_13247,INDIVIDUAL,1000000,VERIFIED,65.0,metro
ENT_13248,INDIVIDUAL,1300000,VERIFIED,27.0,metro
ENT_13249,INDIVIDUAL,1300000,VERIFIED,65.0,rural
ENT_13250,TRUST,3500000,VERIFIED,,metro
ENT_13251,INDIVIDUAL,0,VERIFIED,44.0,tier2
ENT_13252,INDIVIDUAL,7400000,VERIFIED,58.0,tier2
ENT_13253,INDIVIDUAL,9100000,VERIFIED,27.0,metro
ENT_13254,INDIVIDUAL,2600000,VERIFIED,46.0,rural
ENT_13255,INDIVIDUAL,1300000,VERIFIED,40.0,metro
ENT_13256,INDIVIDUAL,3700000,VERIFIED,30.0,rural
ENT_13257,INDIVIDUAL,1500000,VERIFIED,32.0,rural
ENT_13258,INDIVIDUAL,3100000,VERIFIED,55.0,tier2
ENT_13259,INDIVIDUAL,700000,VERIFIED,57.0,metro
ENT_13260,INDIVIDUAL,700000,VERIFIED,42.0,rural
ENT_13261,BUSINESS,59200000,VERIFIED,,metro
ENT_13262,INDIVIDUAL,400000,VERIFIED,33.0,metro
ENT_13263,INDIVIDUAL,48100000,VERIFIED,26.0,rural
ENT_13264,INDIVIDUAL,74000000,VERIFIED,51.0,metro
ENT_13265,BUSINESS,3000000,VERIFIED,,metro
ENT_13266,INDIVIDUAL,7700000,VERIFIED,44.0,metro
ENT_13267,INDIVIDUAL,3200000,VERIFIED,32.0,metro
ENT_13268,BUSINESS,9400000,VERIFIED,,tier2
ENT_13269,INDIVIDUAL,1400000,VERIFIED,34.0,tier2
ENT_13270,INDIVIDUAL,300000,VERIFIED,31.0,metro
ENT_13271,INDIVIDUAL,1700000,VERIFIED,23.0,rural
ENT_13272,INDIVIDUAL,4500000,VERIFIED,48.0,metro
ENT_13273,INDIVIDUAL,0,VERIFIED,24.0,metro
ENT_13274,INDIVIDUAL,54900000,VERIFIED,40.0,metro
ENT_13275,INDIVIDUAL,700000,VERIFIED,41.0,rural
ENT_13276,INDIVIDUAL,87700000,VERIFIED,32.0,tier2
ENT_13277,INDIVIDUAL,0,VERIFIED,39.0,tier2
ENT_13278,INDIVIDUAL,6000000,VERIFIED,41.0,metro
ENT_13279,INDIVIDUAL,8200000,VERIFIED,22.0,metro
ENT_13280,BUSINESS,44300000,VERIFIED,,tier2
ENT_13281,BUSINESS,8100000,VERIFIED,,metro
ENT_13282,INDIVIDUAL,6500000,VERIFIED,21.0,rural
ENT_13283,INDIVIDUAL,0,VERIFIED,48.0,rural
ENT_13284,INDIVIDUAL,93500000,VERIFIED,61.0,metro
ENT_13285,TRUST,43800000,VERIFIED,,metro
ENT_13286,INDIVIDUAL,1500000,VERIFIED,38.0,metro
ENT_13287,INDIVIDUAL,400000,VERIFIED,53.0,tier2
ENT_13288,INDIVIDUAL,300000,VERIFIED,19.0,tier2
ENT_13289,INDIVIDUAL,1100000,VERIFIED,60.0,tier2
ENT_13290,INDIVIDUAL,1500000,VERIFIED,47.0,tier2
ENT_13291,INDIVIDUAL,1200000,VERIFIED,55.0,metro
ENT_13292,INDIVIDUAL,1100000,VERIFIED,55.0,metro
ENT_13293,INDIVIDUAL,3800000,VERIFIED,24.0,metro
ENT_13294,BUSINESS,63100000,VERIFIED,,tier2
ENT_13295,INDIVIDUAL,81000000,VERIFIED,55.0,rural
ENT_13296,INDIVIDUAL,1800000,VERIFIED,45.0,rural
ENT_13297,INDIVIDUAL,0,VERIFIED,54.0,tier2
ENT_13298,INDIVIDUAL,1100000,VERIFIED,52.0,metro
ENT_13299,INDIVIDUAL,1200000,VERIFIED,30.0,rural
ENT_13300,TRUST,9300000,VERIFIED,,tier2
ENT_13301,INDIVIDUAL,300000,VERIFIED,22.0,rural
ENT_13302,INDIVIDUAL,81600000,VERIFIED,23.0,tier2
ENT_13303,BUSINESS,19100000,VERIFIED,,metro
ENT_13304,INDIVIDUAL,0,VERIFIED,42.0,tier2
ENT_13305,INDIVIDUAL,1100000,VERIFIED,49.0,metro
ENT_13306,INDIVIDUAL,0,VERIFIED,38.0,metro
ENT_13307,INDIVIDUAL,6200000,VERIFIED,46.0,metro
ENT_13308,INDIVIDUAL,5800000,VERIFIED,54.0,metro
ENT_13309,INDIVIDUAL,1500000,VERIFIED,30.0,tier2
ENT_13310,INDIVIDUAL,900000,VERIFIED,53.0,metro
ENT_13311,INDIVIDUAL,8500000,VERIFIED,57.0,metro
ENT_13312,INDIVIDUAL,1300000,VERIFIED,58.0,tier2
ENT_13313,INDIVIDUAL,0,VERIFIED,24.0,metro
ENT_13314,TRUST,3100000,VERIFIED,,tier2
ENT_13315,BUSINESS,3800000,VERIFIED,,tier2
ENT_13316,INDIVIDUAL,72800000,VERIFIED,61.0,rural
ENT_13317,INDIVIDUAL,4700000,VERIFIED,64.0,metro
ENT_13318,BUSINESS,8300000,VERIFIED,,metro
ENT_13319,INDIVIDUAL,900000,VERIFIED,27.0,rural
ENT_13320,TRUST,30700000,VERIFIED,,metro
ENT_13321,INDIVIDUAL,8200000,VERIFIED,53.0,rural
ENT_13322,INDIVIDUAL,2600000,VERIFIED,46.0,rural
ENT_13323,INDIVIDUAL,0,VERIFIED,43.0,metro
ENT_13324,TRUST,5600000,VERIFIED,,rural
ENT_13325,INDIVIDUAL,34600000,VERIFIED,47.0,metro
ENT_13326,INDIVIDUAL,5700000,VERIFIED,62.0,rural
ENT_13327,BUSINESS,1000000,VERIFIED,,tier2
ENT_13328,INDIVIDUAL,700000,VERIFIED,51.0,metro
ENT_13329,INDIVIDUAL,4500000,VERIFIED,55.0,tier2
ENT_13330,INDIVIDUAL,2700000,VERIFIED,46.0,tier2
ENT_13331,INDIVIDUAL,17100000,VERIFIED,45.0,rural
ENT_13332,BUSINESS,1400000,VERIFIED,,metro
ENT_13333,BUSINESS,9800000,VERIFIED,,tier2
ENT_13334,BUSINESS,3700000,VERIFIED,,tier2
ENT_13335,INDIVIDUAL,7200000,VERIFIED,18.0,tier2
ENT_13336,BUSINESS,1800000,VERIFIED,,metro
ENT_13337,INDIVIDUAL,9700000,VERIFIED,29.0,rural
ENT_13338,INDIVIDUAL,0,VERIFIED,26.0,tier2
ENT_13339,INDIVIDUAL,300000,VERIFIED,31.0,rural
ENT_13340,INDIVIDUAL,1400000,VERIFIED,20.0,tier2
ENT_13341,TRUST,25000000,VERIFIED,,metro
ENT_13342,INDIVIDUAL,2300000,VERIFIED,62.0,rural
ENT_13343,BUSINESS,4000000,VERIFIED,,tier2
ENT_13344,INDIVIDUAL,20700000,VERIFIED,37.0,rural
ENT_13345,INDIVIDUAL,1500000,VERIFIED,39.0,tier2
ENT_13346,INDIVIDUAL,0,VERIFIED,53.0,metro
ENT_13347,INDIVIDUAL,1200000,VERIFIED,52.0,rural
ENT_13348,INDIVIDUAL,1100000,VERIFIED,24.0,tier2
ENT_13349,INDIVIDUAL,9700000,VERIFIED,62.0,tier2
ENT_13350,INDIVIDUAL,1100000,VERIFIED,27.0,metro
ENT_13351,INDIVIDUAL,4200000,VERIFIED,28.0,rural
ENT_13352,INDIVIDUAL,1000000,VERIFIED,23.0,rural
ENT_13353,TRUST,39900000,VERIFIED,,metro
ENT_13354,INDIVIDUAL,7900000,VERIFIED,37.0,rural
ENT_13355,TRUST,2900000,VERIFIED,,metro
ENT_13356,INDIVIDUAL,0,VERIFIED,60.0,metro
ENT_13357,INDIVIDUAL,4400000,VERIFIED,63.0,rural
ENT_13358,INDIVIDUAL,2200000,VERIFIED,62.0,metro
ENT_13359,INDIVIDUAL,400000,VERIFIED,19.0,tier2
ENT_13360,BUSINESS,6200000,VERIFIED,,tier2
ENT_13361,INDIVIDUAL,7000000,VERIFIED,29.0,tier2
ENT_13362,INDIVIDUAL,400000,VERIFIED,37.0,metro
ENT_13363,INDIVIDUAL,4500000,VERIFIED,34.0,metro
ENT_13364,INDIVIDUAL,4800000,VERIFIED,18.0,tier2
ENT_13365,INDIVIDUAL,9900000,VERIFIED,42.0,metro
ENT_13366,BUSINESS,10000000,VERIFIED,,rural
ENT_13367,INDIVIDUAL,1500000,VERIFIED,47.0,rural
ENT_13368,INDIVIDUAL,600000,VERIFIED,22.0,tier2
ENT_13369,INDIVIDUAL,900000,VERIFIED,21.0,metro
ENT_13370,INDIVIDUAL,0,VERIFIED,46.0,metro
ENT_13371,INDIVIDUAL,400000,VERIFIED,54.0,tier2
ENT_13372,INDIVIDUAL,3500000,VERIFIED,36.0,tier2
ENT_13373,BUSINESS,2100000,VERIFIED,,metro
ENT_13374,INDIVIDUAL,1900000,VERIFIED,32.0,rural
ENT_13375,INDIVIDUAL,8600000,VERIFIED,26.0,rural
ENT_13376,INDIVIDUAL,0,VERIFIED,51.0,rural
ENT_13377,BUSINESS,21700000,VERIFIED,,rural
ENT_13378,INDIVIDUAL,700000,VERIFIED,49.0,metro
ENT_13379,INDIVIDUAL,1300000,VERIFIED,54.0,metro
ENT_13380,BUSINESS,91700000,VERIFIED,,rural
ENT_13381,INDIVIDUAL,4700000,VERIFIED,21.0,tier2
ENT_13382,INDIVIDUAL,10000000,VERIFIED,54.0,metro
ENT_13383,INDIVIDUAL,600000,VERIFIED,58.0,metro
ENT_13384,BUSINESS,53900000,VERIFIED,,metro
ENT_13385,BUSINESS,18100000,VERIFIED,,rural
ENT_13386,INDIVIDUAL,0,VERIFIED,64.0,rural
ENT_13387,INDIVIDUAL,1000000,VERIFIED,40.0,tier2
ENT_13388,INDIVIDUAL,700000,VERIFIED,56.0,metro
ENT_13389,BUSINESS,38700000,VERIFIED,,metro
ENT_13390,INDIVIDUAL,1000000,VERIFIED,34.0,rural
ENT_13391,INDIVIDUAL,1400000,VERIFIED,50.0,metro
ENT_13392,BUSINESS,11200000,VERIFIED,,metro
ENT_13393,INDIVIDUAL,400000,VERIFIED,45.0,rural
ENT_13394,INDIVIDUAL,1400000,VERIFIED,26.0,rural
ENT_13395,INDIVIDUAL,80700000,VERIFIED,58.0,metro
ENT_13396,INDIVIDUAL,0,VERIFIED,19.0,metro
ENT_13397,INDIVIDUAL,1200000,VERIFIED,20.0,rural
ENT_13398,INDIVIDUAL,8900000,VERIFIED,53.0,metro
ENT_13399,INDIVIDUAL,6100000,VERIFIED,55.0,metro
ENT_13400,INDIVIDUAL,0,VERIFIED,32.0,metro
ENT_13401,INDIVIDUAL,8300000,VERIFIED,20.0,metro
ENT_13402,INDIVIDUAL,4200000,VERIFIED,23.0,metro
ENT_13403,INDIVIDUAL,1200000,VERIFIED,39.0,metro
ENT_13404,BUSINESS,37800000,VERIFIED,,rural
ENT_13405,INDIVIDUAL,900000,VERIFIED,35.0,metro
ENT_13406,INDIVIDUAL,4800000,VERIFIED,29.0,rural
ENT_13407,INDIVIDUAL,9500000,VERIFIED,61.0,tier2
ENT_13408,INDIVIDUAL,0,VERIFIED,30.0,rural
ENT_13409,INDIVIDUAL,9900000,VERIFIED,24.0,metro
ENT_13410,BUSINESS,68400000,VERIFIED,,tier2
ENT_13411,BUSINESS,21300000,VERIFIED,,metro
ENT_13412,INDIVIDUAL,32100000,VERIFIED,42.0,rural
ENT_13413,INDIVIDUAL,0,VERIFIED,59.0,metro
ENT_13414,INDIVIDUAL,300000,VERIFIED,60.0,metro
ENT_13415,INDIVIDUAL,600000,VERIFIED,43.0,metro
ENT_13416,INDIVIDUAL,81200000,VERIFIED,63.0,tier2
ENT_13417,INDIVIDUAL,400000,VERIFIED,59.0,metro
ENT_13418,INDIVIDUAL,7900000,VERIFIED,25.0,rural
ENT_13419,INDIVIDUAL,40100000,VERIFIED,44.0,tier2
ENT_13420,TRUST,7300000,VERIFIED,,metro
ENT_13421,INDIVIDUAL,600000,VERIFIED,52.0,rural
ENT_13422,BUSINESS,5600000,VERIFIED,,metro
ENT_13423,INDIVIDUAL,1000000,VERIFIED,32.0,metro
ENT_13424,INDIVIDUAL,600000,VERIFIED,22.0,rural
ENT_13425,BUSINESS,4200000,VERIFIED,,tier2
ENT_13426,INDIVIDUAL,2600000,VERIFIED,56.0,metro
ENT_13427,INDIVIDUAL,5800000,VERIFIED,29.0,metro
ENT_13428,INDIVIDUAL,700000,VERIFIED,18.0,tier2
ENT_13429,INDIVIDUAL,4700000,VERIFIED,44.0,tier2
ENT_13430,INDIVIDUAL,0,VERIFIED,63.0,rural
ENT_13431,INDIVIDUAL,4200000,VERIFIED,46.0,metro
ENT_13432,INDIVIDUAL,300000,VERIFIED,19.0,metro
ENT_13433,INDIVIDUAL,97000000,VERIFIED,61.0,metro
ENT_13434,INDIVIDUAL,35000000,VERIFIED,45.0,rural
ENT_13435,INDIVIDUAL,5400000,VERIFIED,25.0,tier2
ENT_13436,INDIVIDUAL,800000,VERIFIED,42.0,metro
ENT_13437,INDIVIDUAL,36700000,VERIFIED,50.0,tier2
ENT_13438,INDIVIDUAL,5800000,VERIFIED,23.0,metro
ENT_13439,BUSINESS,72400000,VERIFIED,,metro
ENT_13440,INDIVIDUAL,600000,VERIFIED,20.0,tier2
ENT_13441,INDIVIDUAL,500000,VERIFIED,54.0,metro
ENT_13442,INDIVIDUAL,5900000,VERIFIED,33.0,metro
ENT_13443,INDIVIDUAL,600000,VERIFIED,56.0,tier2
ENT_13444,INDIVIDUAL,6000000,VERIFIED,33.0,metro
ENT_13445,INDIVIDUAL,1000000,VERIFIED,19.0,metro
ENT_13446,INDIVIDUAL,0,VERIFIED,30.0,rural
ENT_13447,INDIVIDUAL,3400000,VERIFIED,57.0,metro
ENT_13448,INDIVIDUAL,3100000,VERIFIED,50.0,rural
ENT_13449,INDIVIDUAL,64500000,VERIFIED,50.0,metro
ENT_13450,INDIVIDUAL,1400000,VERIFIED,57.0,tier2
ENT_13451,INDIVIDUAL,500000,VERIFIED,53.0,tier2
ENT_13452,INDIVIDUAL,300000,VERIFIED,42.0,metro
ENT_13453,INDIVIDUAL,1000000,VERIFIED,51.0,rural
ENT_13454,INDIVIDUAL,2900000,VERIFIED,35.0,rural
ENT_13455,INDIVIDUAL,800000,VERIFIED,20.0,metro
ENT_13456,INDIVIDUAL,1200000,VERIFIED,33.0,tier2
ENT_13457,INDIVIDUAL,8900000,VERIFIED,42.0,metro
ENT_13458,INDIVIDUAL,3500000,VERIFIED,52.0,tier2
ENT_13459,INDIVIDUAL,500000,VERIFIED,55.0,metro
ENT_13460,BUSINESS,38500000,VERIFIED,,metro
ENT_13461,INDIVIDUAL,1400000,VERIFIED,61.0,tier2
ENT_13462,INDIVIDUAL,400000,VERIFIED,59.0,tier2
ENT_13463,BUSINESS,46900000,VERIFIED,,tier2
ENT_13464,INDIVIDUAL,4900000,VERIFIED,51.0,metro
ENT_13465,INDIVIDUAL,6200000,VERIFIED,36.0,metro
ENT_13466,BUSINESS,6800000,VERIFIED,,metro
ENT_13467,INDIVIDUAL,8700000,VERIFIED,23.0,rural
ENT_13468,INDIVIDUAL,4300000,VERIFIED,25.0,rural
ENT_13469,INDIVIDUAL,1300000,VERIFIED,46.0,metro
ENT_13470,INDIVIDUAL,1100000,VERIFIED,36.0,rural
ENT_13471,INDIVIDUAL,4200000,VERIFIED,46.0,tier2
ENT_13472,INDIVIDUAL,600000,VERIFIED,23.0,tier2
ENT_13473,INDIVIDUAL,1300000,VERIFIED,27.0,metro
ENT_13474,BUSINESS,80400000,VERIFIED,,metro
ENT_13475,INDIVIDUAL,22000000,VERIFIED,58.0,rural
ENT_13476,BUSINESS,72600000,VERIFIED,,rural
ENT_13477,TRUST,21800000,VERIFIED,,metro
ENT_13478,INDIVIDUAL,7100000,VERIFIED,37.0,tier2
ENT_13479,INDIVIDUAL,1000000,VERIFIED,41.0,rural
ENT_13480,INDIVIDUAL,6000000,VERIFIED,39.0,metro
ENT_13481,INDIVIDUAL,7000000,VERIFIED,19.0,metro
ENT_13482,INDIVIDUAL,1000000,VERIFIED,25.0,tier2
ENT_13483,INDIVIDUAL,0,VERIFIED,50.0,metro
ENT_13484,INDIVIDUAL,600000,VERIFIED,41.0,tier2
ENT_13485,INDIVIDUAL,73100000,VERIFIED,58.0,tier2
ENT_13486,TRUST,18400000,VERIFIED,,tier2
ENT_13487,BUSINESS,74900000,VERIFIED,,metro
ENT_13488,INDIVIDUAL,300000,VERIFIED,41.0,metro
ENT_13489,INDIVIDUAL,1500000,VERIFIED,41.0,tier2
ENT_13490,INDIVIDUAL,9500000,VERIFIED,57.0,tier2
ENT_13491,INDIVIDUAL,800000,VERIFIED,28.0,rural
ENT_13492,INDIVIDUAL,7100000,VERIFIED,20.0,metro
ENT_13493,INDIVIDUAL,4600000,VERIFIED,40.0,tier2
ENT_13494,INDIVIDUAL,700000,VERIFIED,26.0,metro
ENT_13495,INDIVIDUAL,1100000,VERIFIED,64.0,rural
ENT_13496,BUSINESS,3300000,VERIFIED,,tier2
ENT_13497,INDIVIDUAL,8200000,VERIFIED,43.0,metro
ENT_13498,INDIVIDUAL,1300000,VERIFIED,33.0,metro
ENT_13499,BUSINESS,2800000,VERIFIED,,metro
ENT_13500,INDIVIDUAL,0,VERIFIED,23.0,tier2
ENT_13501,BUSINESS,99600000,VERIFIED,,rural
ENT_13502,INDIVIDUAL,1200000,VERIFIED,41.0,tier2
ENT_13503,INDIVIDUAL,2600000,VERIFIED,22.0,rural
ENT_13504,INDIVIDUAL,7000000,VERIFIED,35.0,tier2
ENT_13505,INDIVIDUAL,700000,VERIFIED,49.0,metro
ENT_13506,INDIVIDUAL,900000,VERIFIED,33.0,rural
ENT_13507,INDIVIDUAL,1600000,VERIFIED,26.0,metro
ENT_13508,INDIVIDUAL,9700000,VERIFIED,47.0,metro
ENT_13509,INDIVIDUAL,12000000,VERIFIED,39.0,metro
ENT_13510,INDIVIDUAL,8000000,VERIFIED,44.0,metro
ENT_13511,INDIVIDUAL,1100000,VERIFIED,58.0,metro
ENT_13512,INDIVIDUAL,1000000,VERIFIED,35.0,rural
ENT_13513,INDIVIDUAL,700000,VERIFIED,23.0,metro
ENT_13514,INDIVIDUAL,8100000,VERIFIED,29.0,rural
ENT_13515,INDIVIDUAL,5700000,VERIFIED,23.0,metro
ENT_13516,INDIVIDUAL,1400000,VERIFIED,62.0,tier2
ENT_13517,INDIVIDUAL,0,VERIFIED,19.0,tier2
ENT_13518,INDIVIDUAL,1300000,VERIFIED,34.0,metro
ENT_13519,TRUST,9100000,VERIFIED,,metro
ENT_13520,INDIVIDUAL,6300000,VERIFIED,24.0,metro
ENT_13521,BUSINESS,28600000,VERIFIED,,rural
ENT_13522,INDIVIDUAL,0,VERIFIED,26.0,rural
ENT_13523,INDIVIDUAL,3300000,VERIFIED,21.0,metro
ENT_13524,INDIVIDUAL,300000,VERIFIED,50.0,rural
ENT_13525,BUSINESS,2400000,VERIFIED,,metro
ENT_13526,INDIVIDUAL,9100000,VERIFIED,61.0,rural
ENT_13527,INDIVIDUAL,2800000,VERIFIED,31.0,metro
ENT_13528,INDIVIDUAL,0,VERIFIED,53.0,tier2
ENT_13529,INDIVIDUAL,7100000,VERIFIED,22.0,rural
ENT_13530,BUSINESS,49200000,VERIFIED,,rural
ENT_13531,INDIVIDUAL,1700000,VERIFIED,42.0,tier2
ENT_13532,INDIVIDUAL,83400000,VERIFIED,21.0,tier2
ENT_13533,INDIVIDUAL,400000,VERIFIED,52.0,metro
ENT_13534,INDIVIDUAL,1400000,VERIFIED,65.0,metro
ENT_13535,INDIVIDUAL,1000000,VERIFIED,57.0,metro
ENT_13536,INDIVIDUAL,8200000,VERIFIED,30.0,metro
ENT_13537,INDIVIDUAL,500000,VERIFIED,36.0,metro
ENT_13538,INDIVIDUAL,3000000,VERIFIED,27.0,metro
ENT_13539,INDIVIDUAL,0,VERIFIED,34.0,metro
ENT_13540,BUSINESS,2700000,VERIFIED,,metro
ENT_13541,INDIVIDUAL,900000,VERIFIED,41.0,tier2
ENT_13542,INDIVIDUAL,27800000,VERIFIED,48.0,metro
ENT_13543,INDIVIDUAL,76500000,VERIFIED,57.0,metro
ENT_13544,INDIVIDUAL,300000,VERIFIED,63.0,rural
ENT_13545,TRUST,43200000,VERIFIED,,tier2
ENT_13546,INDIVIDUAL,6600000,VERIFIED,21.0,rural
ENT_13547,BUSINESS,60300000,VERIFIED,,tier2
ENT_13548,INDIVIDUAL,400000,VERIFIED,29.0,rural
ENT_13549,INDIVIDUAL,4200000,VERIFIED,59.0,tier2
ENT_13550,INDIVIDUAL,1000000,VERIFIED,47.0,tier2
ENT_13551,INDIVIDUAL,1100000,VERIFIED,34.0,metro
ENT_13552,INDIVIDUAL,0,VERIFIED,28.0,rural
ENT_13553,INDIVIDUAL,1000000,VERIFIED,25.0,rural
ENT_13554,INDIVIDUAL,5200000,VERIFIED,61.0,metro
ENT_13555,TRUST,11300000,VERIFIED,,rural
ENT_13556,TRUST,51800000,VERIFIED,,rural
ENT_13557,TRUST,7900000,VERIFIED,,tier2
ENT_13558,INDIVIDUAL,3800000,VERIFIED,48.0,tier2
ENT_13559,INDIVIDUAL,0,VERIFIED,47.0,metro
ENT_13560,INDIVIDUAL,1400000,VERIFIED,34.0,metro
ENT_13561,BUSINESS,5400000,VERIFIED,,metro
ENT_13562,INDIVIDUAL,81100000,VERIFIED,22.0,tier2
ENT_13563,INDIVIDUAL,0,VERIFIED,23.0,metro
ENT_13564,INDIVIDUAL,9600000,VERIFIED,26.0,metro
ENT_13565,BUSINESS,1900000,VERIFIED,,metro
ENT_13566,INDIVIDUAL,900000,VERIFIED,29.0,tier2
ENT_13567,BUSINESS,7800000,VERIFIED,,rural
ENT_13568,INDIVIDUAL,7000000,VERIFIED,59.0,metro
ENT_13569,INDIVIDUAL,600000,VERIFIED,47.0,rural
ENT_13570,INDIVIDUAL,800000,VERIFIED,38.0,rural
ENT_13571,INDIVIDUAL,9700000,VERIFIED,30.0,metro
ENT_13572,INDIVIDUAL,5500000,VERIFIED,36.0,tier2
ENT_13573,INDIVIDUAL,0,VERIFIED,49.0,metro
ENT_13574,INDIVIDUAL,1900000,VERIFIED,55.0,tier2
ENT_13575,INDIVIDUAL,0,VERIFIED,46.0,rural
ENT_13576,INDIVIDUAL,0,VERIFIED,18.0,tier2
ENT_13577,BUSINESS,6800000,VERIFIED,,rural
ENT_13578,INDIVIDUAL,32400000,VERIFIED,31.0,metro
ENT_13579,INDIVIDUAL,800000,VERIFIED,60.0,metro
ENT_13580,INDIVIDUAL,1300000,VERIFIED,19.0,metro
ENT_13581,BUSINESS,23700000,VERIFIED,,metro
ENT_13582,INDIVIDUAL,7600000,VERIFIED,52.0,rural
ENT_13583,INDIVIDUAL,24700000,VERIFIED,24.0,tier2
ENT_13584,INDIVIDUAL,0,VERIFIED,42.0,rural
ENT_13585,INDIVIDUAL,0,VERIFIED,60.0,rural
ENT_13586,INDIVIDUAL,800000,VERIFIED,52.0,tier2
ENT_13587,INDIVIDUAL,1500000,VERIFIED,20.0,metro
ENT_13588,INDIVIDUAL,6900000,VERIFIED,44.0,tier2
ENT_13589,TRUST,2600000,VERIFIED,,rural
ENT_13590,BUSINESS,13000000,VERIFIED,,rural
ENT_13591,BUSINESS,8000000,VERIFIED,,tier2
ENT_13592,INDIVIDUAL,7300000,VERIFIED,26.0,metro
ENT_13593,INDIVIDUAL,500000,VERIFIED,25.0,metro
ENT_13594,BUSINESS,28400000,VERIFIED,,tier2
ENT_13595,INDIVIDUAL,1300000,VERIFIED,62.0,metro
ENT_13596,INDIVIDUAL,1200000,VERIFIED,21.0,tier2
ENT_13597,INDIVIDUAL,800000,VERIFIED,65.0,tier2
ENT_13598,INDIVIDUAL,9000000,VERIFIED,59.0,tier2
ENT_13599,TRUST,61800000,VERIFIED,,rural
ENT_13600,INDIVIDUAL,2800000,VERIFIED,22.0,tier2
ENT_13601,INDIVIDUAL,3900000,VERIFIED,30.0,tier2
ENT_13602,BUSINESS,7100000,VERIFIED,,tier2
ENT_13603,TRUST,52600000,VERIFIED,,metro
ENT_13604,INDIVIDUAL,0,VERIFIED,37.0,metro
ENT_13605,INDIVIDUAL,4900000,VERIFIED,61.0,tier2
ENT_13606,BUSINESS,6100000,VERIFIED,,rural
ENT_13607,INDIVIDUAL,5900000,VERIFIED,36.0,rural
ENT_13608,INDIVIDUAL,0,VERIFIED,32.0,metro
ENT_13609,INDIVIDUAL,1000000,VERIFIED,35.0,tier2
ENT_13610,INDIVIDUAL,1500000,VERIFIED,45.0,rural
ENT_13611,INDIVIDUAL,0,VERIFIED,61.0,tier2
ENT_13612,INDIVIDUAL,5100000,VERIFIED,44.0,tier2
ENT_13613,INDIVIDUAL,1100000,VERIFIED,60.0,tier2
ENT_13614,INDIVIDUAL,0,VERIFIED,50.0,tier2
ENT_13615,INDIVIDUAL,500000,VERIFIED,21.0,metro
ENT_13616,INDIVIDUAL,67400000,VERIFIED,62.0,metro
ENT_13617,INDIVIDUAL,1200000,VERIFIED,45.0,tier2
ENT_13618,BUSINESS,4500000,VERIFIED,,tier2
ENT_13619,BUSINESS,16300000,VERIFIED,,metro
ENT_13620,INDIVIDUAL,0,VERIFIED,51.0,metro
ENT_13621,INDIVIDUAL,8300000,VERIFIED,22.0,tier2
ENT_13622,INDIVIDUAL,900000,VERIFIED,49.0,tier2
ENT_13623,INDIVIDUAL,24600000,VERIFIED,46.0,metro
ENT_13624,INDIVIDUAL,2800000,VERIFIED,43.0,metro
ENT_13625,INDIVIDUAL,300000,VERIFIED,60.0,tier2
ENT_13626,INDIVIDUAL,7000000,VERIFIED,26.0,rural
ENT_13627,TRUST,65400000,VERIFIED,,tier2
ENT_13628,INDIVIDUAL,400000,VERIFIED,33.0,metro
ENT_13629,INDIVIDUAL,9900000,VERIFIED,55.0,tier2
ENT_13630,INDIVIDUAL,2100000,VERIFIED,32.0,metro
ENT_13631,INDIVIDUAL,4000000,VERIFIED,42.0,rural
ENT_13632,TRUST,68000000,VERIFIED,,metro
ENT_13633,INDIVIDUAL,75800000,VERIFIED,64.0,tier2
ENT_13634,INDIVIDUAL,0,VERIFIED,53.0,tier2
ENT_13635,INDIVIDUAL,9800000,VERIFIED,42.0,metro
ENT_13636,INDIVIDUAL,900000,VERIFIED,42.0,metro
ENT_13637,BUSINESS,8300000,VERIFIED,,metro
ENT_13638,INDIVIDUAL,0,VERIFIED,42.0,metro
ENT_13639,INDIVIDUAL,8300000,VERIFIED,62.0,tier2
ENT_13640,INDIVIDUAL,49400000,VERIFIED,25.0,metro
ENT_13641,INDIVIDUAL,0,VERIFIED,22.0,tier2
ENT_13642,INDIVIDUAL,3900000,VERIFIED,47.0,metro
ENT_13643,INDIVIDUAL,400000,VERIFIED,29.0,metro
ENT_13644,INDIVIDUAL,9400000,VERIFIED,63.0,metro
ENT_13645,INDIVIDUAL,63800000,VERIFIED,56.0,tier2
ENT_13646,INDIVIDUAL,0,VERIFIED,63.0,metro
ENT_13647,INDIVIDUAL,9000000,VERIFIED,57.0,metro
ENT_13648,BUSINESS,1200000,VERIFIED,,metro
ENT_13649,INDIVIDUAL,9300000,VERIFIED,28.0,rural
ENT_13650,INDIVIDUAL,8700000,VERIFIED,62.0,metro
ENT_13651,INDIVIDUAL,1000000,VERIFIED,41.0,metro
ENT_13652,INDIVIDUAL,9000000,VERIFIED,36.0,tier2
ENT_13653,INDIVIDUAL,4900000,VERIFIED,41.0,metro
ENT_13654,INDIVIDUAL,44500000,VERIFIED,56.0,rural
ENT_13655,INDIVIDUAL,900000,VERIFIED,34.0,tier2
ENT_13656,INDIVIDUAL,600000,VERIFIED,19.0,rural
ENT_13657,INDIVIDUAL,4200000,VERIFIED,64.0,metro
ENT_13658,INDIVIDUAL,94200000,VERIFIED,41.0,metro
ENT_13659,TRUST,92800000,VERIFIED,,metro
ENT_13660,INDIVIDUAL,17200000,VERIFIED,34.0,metro
ENT_13661,INDIVIDUAL,600000,VERIFIED,27.0,metro
ENT_13662,INDIVIDUAL,2300000,VERIFIED,33.0,metro
ENT_13663,INDIVIDUAL,1100000,VERIFIED,40.0,metro
ENT_13664,BUSINESS,2300000,VERIFIED,,metro
ENT_13665,INDIVIDUAL,7300000,VERIFIED,26.0,rural
ENT_13666,INDIVIDUAL,6300000,VERIFIED,48.0,tier2
ENT_13667,INDIVIDUAL,2500000,VERIFIED,31.0,tier2
ENT_13668,INDIVIDUAL,2900000,VERIFIED,22.0,rural
ENT_13669,INDIVIDUAL,1300000,VERIFIED,54.0,tier2
ENT_13670,INDIVIDUAL,0,VERIFIED,48.0,tier2
ENT_13671,INDIVIDUAL,300000,VERIFIED,56.0,tier2
ENT_13672,INDIVIDUAL,9300000,VERIFIED,56.0,metro
ENT_13673,INDIVIDUAL,6400000,VERIFIED,19.0,metro
ENT_13674,BUSINESS,8100000,VERIFIED,,tier2
ENT_13675,INDIVIDUAL,7400000,VERIFIED,58.0,metro
ENT_13676,INDIVIDUAL,1500000,VERIFIED,38.0,rural
ENT_13677,INDIVIDUAL,63100000,VERIFIED,44.0,metro
ENT_13678,INDIVIDUAL,5700000,VERIFIED,50.0,tier2
ENT_13679,INDIVIDUAL,63700000,VERIFIED,46.0,metro
ENT_13680,TRUST,6800000,VERIFIED,,metro
ENT_13681,INDIVIDUAL,0,VERIFIED,35.0,metro
ENT_13682,INDIVIDUAL,600000,VERIFIED,59.0,metro
ENT_13683,INDIVIDUAL,9100000,VERIFIED,64.0,metro
ENT_13684,INDIVIDUAL,0,VERIFIED,64.0,rural
ENT_13685,INDIVIDUAL,7000000,VERIFIED,19.0,rural
ENT_13686,INDIVIDUAL,5700000,VERIFIED,34.0,rural
ENT_13687,INDIVIDUAL,75500000,VERIFIED,34.0,tier2
ENT_13688,INDIVIDUAL,0,VERIFIED,47.0,metro
ENT_13689,INDIVIDUAL,3600000,VERIFIED,43.0,metro
ENT_13690,INDIVIDUAL,5200000,VERIFIED,57.0,metro
ENT_13691,INDIVIDUAL,1300000,VERIFIED,51.0,tier2
ENT_13692,INDIVIDUAL,0,VERIFIED,33.0,rural
ENT_13693,INDIVIDUAL,800000,VERIFIED,35.0,metro
ENT_13694,INDIVIDUAL,3400000,VERIFIED,59.0,tier2
ENT_13695,BUSINESS,45200000,VERIFIED,,tier2
ENT_13696,INDIVIDUAL,1900000,VERIFIED,48.0,metro
ENT_13697,BUSINESS,92400000,VERIFIED,,metro
ENT_13698,INDIVIDUAL,900000,VERIFIED,42.0,metro
ENT_13699,INDIVIDUAL,16000000,VERIFIED,51.0,tier2
ENT_13700,BUSINESS,22500000,VERIFIED,,metro
ENT_13701,INDIVIDUAL,700000,VERIFIED,18.0,rural
ENT_13702,INDIVIDUAL,1300000,VERIFIED,39.0,rural
ENT_13703,BUSINESS,45900000,VERIFIED,,tier2
ENT_13704,BUSINESS,12300000,VERIFIED,,tier2
ENT_13705,INDIVIDUAL,300000,VERIFIED,65.0,metro
ENT_13706,INDIVIDUAL,64600000,VERIFIED,60.0,tier2
ENT_13707,INDIVIDUAL,1800000,VERIFIED,52.0,metro
ENT_13708,INDIVIDUAL,800000,VERIFIED,46.0,metro
ENT_13709,TRUST,6500000,VERIFIED,,tier2
ENT_13710,INDIVIDUAL,7400000,VERIFIED,55.0,tier2
ENT_13711,BUSINESS,3800000,VERIFIED,,metro
ENT_13712,TRUST,6900000,VERIFIED,,metro
ENT_13713,INDIVIDUAL,4200000,VERIFIED,31.0,metro
ENT_13714,BUSINESS,15400000,VERIFIED,,metro
ENT_13715,INDIVIDUAL,0,VERIFIED,62.0,rural
ENT_13716,BUSINESS,98400000,VERIFIED,,rural
ENT_13717,INDIVIDUAL,0,VERIFIED,48.0,tier2
ENT_13718,TRUST,73700000,VERIFIED,,rural
ENT_13719,INDIVIDUAL,0,VERIFIED,50.0,metro
ENT_13720,INDIVIDUAL,0,VERIFIED,27.0,metro
ENT_13721,INDIVIDUAL,2500000,VERIFIED,39.0,tier2
ENT_13722,BUSINESS,5800000,VERIFIED,,metro
ENT_13723,INDIVIDUAL,14700000,VERIFIED,46.0,tier2
ENT_13724,INDIVIDUAL,9000000,VERIFIED,39.0,metro
ENT_13725,INDIVIDUAL,6300000,VERIFIED,27.0,rural
ENT_13726,INDIVIDUAL,300000,VERIFIED,65.0,tier2
ENT_13727,INDIVIDUAL,1100000,VERIFIED,29.0,metro
ENT_13728,INDIVIDUAL,1500000,VERIFIED,23.0,tier2
ENT_13729,INDIVIDUAL,1000000,VERIFIED,63.0,metro
ENT_13730,INDIVIDUAL,1900000,VERIFIED,50.0,tier2
ENT_13731,INDIVIDUAL,0,VERIFIED,40.0,rural
ENT_13732,INDIVIDUAL,3400000,VERIFIED,25.0,tier2
ENT_13733,INDIVIDUAL,8100000,VERIFIED,26.0,metro
ENT_13734,INDIVIDUAL,1500000,VERIFIED,56.0,metro
ENT_13735,INDIVIDUAL,400000,VERIFIED,52.0,tier2
ENT_13736,BUSINESS,5000000,VERIFIED,,rural
ENT_13737,INDIVIDUAL,1000000,VERIFIED,36.0,metro
ENT_13738,INDIVIDUAL,6700000,VERIFIED,29.0,metro
ENT_13739,BUSINESS,2500000,VERIFIED,,rural
ENT_13740,INDIVIDUAL,1300000,VERIFIED,46.0,metro
ENT_13741,INDIVIDUAL,1100000,VERIFIED,24.0,tier2
ENT_13742,INDIVIDUAL,700000,VERIFIED,28.0,rural
ENT_13743,INDIVIDUAL,8500000,VERIFIED,46.0,metro
ENT_13744,INDIVIDUAL,0,VERIFIED,61.0,metro
ENT_13745,BUSINESS,18500000,VERIFIED,,metro
ENT_13746,INDIVIDUAL,800000,VERIFIED,54.0,tier2
ENT_13747,BUSINESS,2600000,VERIFIED,,rural
ENT_13748,INDIVIDUAL,800000,VERIFIED,34.0,tier2
ENT_13749,INDIVIDUAL,0,VERIFIED,18.0,metro
ENT_13750,INDIVIDUAL,0,VERIFIED,61.0,tier2
ENT_13751,INDIVIDUAL,7600000,VERIFIED,39.0,metro
ENT_13752,INDIVIDUAL,0,VERIFIED,54.0,metro
ENT_13753,INDIVIDUAL,5900000,VERIFIED,61.0,metro
ENT_13754,INDIVIDUAL,3300000,VERIFIED,49.0,rural
ENT_13755,INDIVIDUAL,1300000,VERIFIED,63.0,metro
ENT_13756,INDIVIDUAL,7300000,VERIFIED,55.0,tier2
ENT_13757,INDIVIDUAL,7200000,VERIFIED,65.0,tier2
ENT_13758,INDIVIDUAL,3300000,VERIFIED,19.0,metro
ENT_13759,BUSINESS,9900000,VERIFIED,,metro
ENT_13760,INDIVIDUAL,0,VERIFIED,30.0,metro
ENT_13761,INDIVIDUAL,0,VERIFIED,65.0,metro
ENT_13762,INDIVIDUAL,2900000,VERIFIED,63.0,rural
ENT_13763,INDIVIDUAL,7100000,VERIFIED,36.0,rural
ENT_13764,BUSINESS,3200000,VERIFIED,,metro
ENT_13765,INDIVIDUAL,1200000,VERIFIED,41.0,metro
ENT_13766,INDIVIDUAL,7600000,VERIFIED,60.0,metro
ENT_13767,BUSINESS,5700000,VERIFIED,,tier2
ENT_13768,INDIVIDUAL,300000,VERIFIED,19.0,metro
ENT_13769,TRUST,4800000,VERIFIED,,tier2
ENT_13770,INDIVIDUAL,400000,VERIFIED,36.0,rural
ENT_13771,BUSINESS,2500000,VERIFIED,,metro
ENT_13772,INDIVIDUAL,3200000,VERIFIED,60.0,metro
ENT_13773,INDIVIDUAL,4700000,VERIFIED,20.0,tier2
ENT_13774,INDIVIDUAL,1500000,VERIFIED,44.0,metro
ENT_13775,INDIVIDUAL,5300000,VERIFIED,32.0,tier2
ENT_13776,INDIVIDUAL,28000000,VERIFIED,27.0,metro
ENT_13777,INDIVIDUAL,5000000,VERIFIED,54.0,tier2
ENT_13778,INDIVIDUAL,0,VERIFIED,42.0,metro
ENT_13779,BUSINESS,76700000,VERIFIED,,metro
ENT_13780,INDIVIDUAL,80600000,VERIFIED,23.0,metro
ENT_13781,BUSINESS,64700000,VERIFIED,,rural
ENT_13782,INDIVIDUAL,700000,VERIFIED,18.0,tier2
ENT_13783,INDIVIDUAL,25100000,VERIFIED,54.0,rural
ENT_13784,INDIVIDUAL,5100000,VERIFIED,41.0,metro
ENT_13785,INDIVIDUAL,1500000,VERIFIED,18.0,metro
ENT_13786,INDIVIDUAL,9400000,VERIFIED,26.0,rural
ENT_13787,INDIVIDUAL,8500000,VERIFIED,25.0,metro
ENT_13788,INDIVIDUAL,1000000,VERIFIED,50.0,metro
ENT_13789,INDIVIDUAL,700000,VERIFIED,25.0,tier2
ENT_13790,INDIVIDUAL,0,VERIFIED,42.0,metro
ENT_13791,INDIVIDUAL,2500000,VERIFIED,50.0,metro
ENT_13792,INDIVIDUAL,1300000,VERIFIED,63.0,rural
ENT_13793,INDIVIDUAL,1700000,VERIFIED,22.0,metro
ENT_13794,INDIVIDUAL,1400000,VERIFIED,28.0,tier2
ENT_13795,INDIVIDUAL,1200000,VERIFIED,54.0,tier2
ENT_13796,INDIVIDUAL,5000000,VERIFIED,50.0,rural
ENT_13797,INDIVIDUAL,600000,VERIFIED,38.0,metro
ENT_13798,INDIVIDUAL,8900000,VERIFIED,23.0,metro
ENT_13799,INDIVIDUAL,2000000,VERIFIED,56.0,rural
ENT_13800,INDIVIDUAL,500000,VERIFIED,23.0,metro
ENT_13801,INDIVIDUAL,4800000,VERIFIED,60.0,tier2
ENT_13802,BUSINESS,4700000,VERIFIED,,rural
ENT_13803,BUSINESS,9300000,VERIFIED,,tier2
ENT_13804,INDIVIDUAL,8900000,VERIFIED,54.0,metro
ENT_13805,INDIVIDUAL,2100000,VERIFIED,49.0,metro
ENT_13806,INDIVIDUAL,1300000,VERIFIED,65.0,rural
ENT_13807,INDIVIDUAL,700000,VERIFIED,31.0,tier2
ENT_13808,BUSINESS,2000000,VERIFIED,,tier2
ENT_13809,INDIVIDUAL,40800000,VERIFIED,61.0,rural
ENT_13810,BUSINESS,6200000,VERIFIED,,metro
ENT_13811,INDIVIDUAL,76300000,VERIFIED,58.0,metro
ENT_13812,INDIVIDUAL,9000000,VERIFIED,29.0,tier2
ENT_13813,INDIVIDUAL,2800000,VERIFIED,59.0,tier2
ENT_13814,INDIVIDUAL,1000000,VERIFIED,26.0,metro
ENT_13815,INDIVIDUAL,1600000,VERIFIED,65.0,rural
ENT_13816,INDIVIDUAL,1400000,VERIFIED,64.0,metro
ENT_13817,INDIVIDUAL,6400000,VERIFIED,46.0,rural
ENT_13818,INDIVIDUAL,57500000,VERIFIED,57.0,metro
ENT_13819,INDIVIDUAL,0,VERIFIED,32.0,metro
ENT_13820,TRUST,91600000,VERIFIED,,metro
ENT_13821,INDIVIDUAL,1500000,VERIFIED,58.0,tier2
ENT_13822,BUSINESS,1200000,VERIFIED,,metro
ENT_13823,INDIVIDUAL,7000000,VERIFIED,53.0,rural
ENT_13824,BUSINESS,9600000,VERIFIED,,rural
ENT_13825,INDIVIDUAL,7900000,VERIFIED,62.0,metro
ENT_13826,INDIVIDUAL,0,VERIFIED,43.0,tier2
ENT_13827,INDIVIDUAL,1100000,VERIFIED,60.0,metro
ENT_13828,INDIVIDUAL,1500000,VERIFIED,45.0,tier2
ENT_13829,INDIVIDUAL,1100000,VERIFIED,34.0,tier2
ENT_13830,INDIVIDUAL,0,VERIFIED,18.0,metro
ENT_13831,BUSINESS,10000000,VERIFIED,,metro
ENT_13832,INDIVIDUAL,13600000,VERIFIED,39.0,tier2
ENT_13833,INDIVIDUAL,6900000,VERIFIED,61.0,metro
ENT_13834,INDIVIDUAL,3100000,VERIFIED,43.0,tier2
ENT_13835,INDIVIDUAL,3800000,VERIFIED,35.0,rural
ENT_13836,INDIVIDUAL,700000,VERIFIED,31.0,metro
ENT_13837,INDIVIDUAL,1000000,VERIFIED,50.0,tier2
ENT_13838,INDIVIDUAL,1400000,VERIFIED,29.0,rural
ENT_13839,BUSINESS,1500000,VERIFIED,,tier2
ENT_13840,INDIVIDUAL,1100000,VERIFIED,18.0,rural
ENT_13841,INDIVIDUAL,0,VERIFIED,52.0,rural
ENT_13842,INDIVIDUAL,5600000,VERIFIED,23.0,tier2
ENT_13843,INDIVIDUAL,600000,VERIFIED,56.0,tier2
ENT_13844,BUSINESS,87000000,VERIFIED,,tier2
ENT_13845,INDIVIDUAL,10000000,VERIFIED,62.0,tier2
ENT_13846,BUSINESS,8500000,VERIFIED,,metro
ENT_13847,INDIVIDUAL,1200000,VERIFIED,23.0,metro
ENT_13848,INDIVIDUAL,0,VERIFIED,24.0,rural
ENT_13849,BUSINESS,69700000,VERIFIED,,metro
ENT_13850,INDIVIDUAL,1100000,VERIFIED,33.0,metro
ENT_13851,INDIVIDUAL,1100000,VERIFIED,47.0,rural
ENT_13852,INDIVIDUAL,1200000,VERIFIED,44.0,tier2
ENT_13853,INDIVIDUAL,800000,VERIFIED,59.0,metro
ENT_13854,INDIVIDUAL,4800000,VERIFIED,46.0,tier2
ENT_13855,INDIVIDUAL,1800000,VERIFIED,45.0,metro
ENT_13856,INDIVIDUAL,1300000,VERIFIED,22.0,metro
ENT_13857,INDIVIDUAL,1200000,VERIFIED,28.0,metro
ENT_13858,INDIVIDUAL,1100000,VERIFIED,55.0,tier2
ENT_13859,INDIVIDUAL,400000,VERIFIED,23.0,metro
ENT_13860,BUSINESS,49900000,VERIFIED,,metro
ENT_13861,INDIVIDUAL,1000000,VERIFIED,21.0,rural
ENT_13862,INDIVIDUAL,3400000,VERIFIED,30.0,metro
ENT_13863,BUSINESS,50500000,VERIFIED,,rural
ENT_13864,INDIVIDUAL,9000000,VERIFIED,41.0,rural
ENT_13865,INDIVIDUAL,8200000,VERIFIED,36.0,rural
ENT_13866,INDIVIDUAL,1400000,VERIFIED,46.0,rural
ENT_13867,INDIVIDUAL,24900000,VERIFIED,62.0,tier2
ENT_13868,INDIVIDUAL,5900000,VERIFIED,27.0,metro
ENT_13869,INDIVIDUAL,1400000,VERIFIED,24.0,tier2
ENT_13870,INDIVIDUAL,6400000,VERIFIED,41.0,metro
ENT_13871,INDIVIDUAL,1000000,VERIFIED,43.0,metro
ENT_13872,INDIVIDUAL,800000,VERIFIED,39.0,tier2
ENT_13873,INDIVIDUAL,300000,VERIFIED,45.0,tier2
ENT_13874,INDIVIDUAL,8600000,VERIFIED,32.0,tier2
ENT_13875,TRUST,25800000,VERIFIED,,metro
ENT_13876,INDIVIDUAL,500000,VERIFIED,50.0,rural
ENT_13877,INDIVIDUAL,1400000,VERIFIED,51.0,metro
ENT_13878,INDIVIDUAL,6600000,VERIFIED,46.0,tier2
ENT_13879,INDIVIDUAL,3800000,VERIFIED,62.0,metro
ENT_13880,INDIVIDUAL,0,VERIFIED,21.0,rural
ENT_13881,BUSINESS,49200000,VERIFIED,,tier2
ENT_13882,INDIVIDUAL,1400000,VERIFIED,39.0,metro
ENT_13883,INDIVIDUAL,9800000,VERIFIED,24.0,metro
ENT_13884,INDIVIDUAL,5600000,VERIFIED,37.0,tier2
ENT_13885,BUSINESS,9000000,VERIFIED,,tier2
ENT_13886,INDIVIDUAL,5800000,VERIFIED,37.0,tier2
ENT_13887,BUSINESS,97600000,VERIFIED,,metro
ENT_13888,INDIVIDUAL,300000,VERIFIED,31.0,rural
ENT_13889,BUSINESS,4600000,VERIFIED,,metro
ENT_13890,INDIVIDUAL,500000,VERIFIED,49.0,metro
ENT_13891,INDIVIDUAL,2100000,VERIFIED,47.0,metro
ENT_13892,INDIVIDUAL,54500000,VERIFIED,44.0,metro
ENT_13893,TRUST,7200000,VERIFIED,,rural
ENT_13894,INDIVIDUAL,500000,VERIFIED,60.0,metro
ENT_13895,INDIVIDUAL,400000,VERIFIED,34.0,metro
ENT_13896,INDIVIDUAL,1500000,VERIFIED,65.0,rural
ENT_13897,INDIVIDUAL,700000,VERIFIED,19.0,rural
ENT_13898,INDIVIDUAL,1400000,VERIFIED,60.0,tier2
ENT_13899,INDIVIDUAL,1200000,VERIFIED,63.0,metro
ENT_13900,BUSINESS,4400000,VERIFIED,,tier2
ENT_13901,INDIVIDUAL,0,VERIFIED,45.0,metro
ENT_13902,INDIVIDUAL,400000,VERIFIED,37.0,tier2
ENT_13903,INDIVIDUAL,0,VERIFIED,56.0,rural
ENT_13904,INDIVIDUAL,7500000,VERIFIED,22.0,rural
ENT_13905,INDIVIDUAL,1200000,VERIFIED,49.0,rural
ENT_13906,INDIVIDUAL,400000,VERIFIED,40.0,metro
ENT_13907,INDIVIDUAL,800000,VERIFIED,30.0,rural
ENT_13908,INDIVIDUAL,1500000,VERIFIED,52.0,tier2
ENT_13909,INDIVIDUAL,7900000,VERIFIED,61.0,metro
ENT_13910,INDIVIDUAL,500000,VERIFIED,37.0,rural
ENT_13911,INDIVIDUAL,6300000,VERIFIED,65.0,tier2
ENT_13912,INDIVIDUAL,1100000,VERIFIED,52.0,rural
ENT_13913,INDIVIDUAL,7700000,VERIFIED,42.0,metro
ENT_13914,INDIVIDUAL,4300000,VERIFIED,21.0,rural
ENT_13915,INDIVIDUAL,0,VERIFIED,42.0,metro
ENT_13916,INDIVIDUAL,9600000,VERIFIED,24.0,metro
ENT_13917,INDIVIDUAL,700000,VERIFIED,51.0,metro
ENT_13918,INDIVIDUAL,1300000,VERIFIED,18.0,metro
ENT_13919,INDIVIDUAL,0,VERIFIED,53.0,rural
ENT_13920,INDIVIDUAL,4300000,VERIFIED,61.0,tier2
ENT_13921,INDIVIDUAL,1100000,VERIFIED,63.0,rural
ENT_13922,INDIVIDUAL,3100000,VERIFIED,37.0,tier2
ENT_13923,INDIVIDUAL,600000,VERIFIED,52.0,tier2
ENT_13924,INDIVIDUAL,1400000,VERIFIED,32.0,metro
ENT_13925,INDIVIDUAL,4300000,VERIFIED,61.0,metro
ENT_13926,INDIVIDUAL,8900000,VERIFIED,19.0,metro
ENT_13927,INDIVIDUAL,30700000,VERIFIED,59.0,metro
ENT_13928,INDIVIDUAL,5100000,VERIFIED,26.0,metro
ENT_13929,INDIVIDUAL,9600000,VERIFIED,46.0,tier2
ENT_13930,INDIVIDUAL,1400000,VERIFIED,58.0,metro
ENT_13931,INDIVIDUAL,800000,VERIFIED,25.0,metro
ENT_13932,BUSINESS,73200000,VERIFIED,,tier2
ENT_13933,INDIVIDUAL,0,VERIFIED,47.0,metro
ENT_13934,INDIVIDUAL,1100000,VERIFIED,40.0,metro
ENT_13935,INDIVIDUAL,1500000,VERIFIED,58.0,metro
ENT_13936,INDIVIDUAL,1700000,VERIFIED,25.0,metro
ENT_13937,INDIVIDUAL,4400000,VERIFIED,31.0,metro
ENT_13938,BUSINESS,3500000,VERIFIED,,tier2
ENT_13939,INDIVIDUAL,600000,VERIFIED,34.0,rural
ENT_13940,INDIVIDUAL,19000000,VERIFIED,29.0,metro
ENT_13941,TRUST,1800000,VERIFIED,,metro
ENT_13942,INDIVIDUAL,0,VERIFIED,50.0,metro
ENT_13943,INDIVIDUAL,9500000,VERIFIED,60.0,tier2
ENT_13944,INDIVIDUAL,47800000,VERIFIED,43.0,metro
ENT_13945,INDIVIDUAL,3900000,VERIFIED,25.0,tier2
ENT_13946,INDIVIDUAL,1200000,VERIFIED,62.0,metro
ENT_13947,INDIVIDUAL,9600000,VERIFIED,54.0,metro
ENT_13948,INDIVIDUAL,700000,VERIFIED,34.0,metro
ENT_13949,BUSINESS,4500000,VERIFIED,,metro
ENT_13950,INDIVIDUAL,400000,VERIFIED,44.0,tier2
ENT_13951,INDIVIDUAL,9300000,VERIFIED,59.0,rural
ENT_13952,INDIVIDUAL,900000,VERIFIED,61.0,rural
ENT_13953,INDIVIDUAL,2000000,VERIFIED,33.0,tier2
ENT_13954,INDIVIDUAL,300000,VERIFIED,32.0,rural
ENT_13955,INDIVIDUAL,700000,VERIFIED,46.0,metro
ENT_13956,TRUST,70800000,VERIFIED,,rural
ENT_13957,INDIVIDUAL,0,VERIFIED,64.0,tier2
ENT_13958,TRUST,7400000,VERIFIED,,tier2
ENT_13959,INDIVIDUAL,1100000,VERIFIED,35.0,metro
ENT_13960,BUSINESS,9000000,VERIFIED,,metro
ENT_13961,INDIVIDUAL,3800000,VERIFIED,55.0,metro
ENT_13962,BUSINESS,9100000,VERIFIED,,metro
ENT_13963,INDIVIDUAL,3900000,VERIFIED,30.0,rural
ENT_13964,INDIVIDUAL,49500000,VERIFIED,42.0,rural
ENT_13965,TRUST,64300000,VERIFIED,,metro
ENT_13966,INDIVIDUAL,85700000,VERIFIED,49.0,metro
ENT_13967,INDIVIDUAL,56300000,VERIFIED,49.0,metro
ENT_13968,INDIVIDUAL,33700000,VERIFIED,50.0,tier2
ENT_13969,INDIVIDUAL,3100000,VERIFIED,41.0,tier2
ENT_13970,INDIVIDUAL,1400000,VERIFIED,39.0,tier2
ENT_13971,INDIVIDUAL,5700000,VERIFIED,58.0,tier2
ENT_13972,TRUST,2200000,VERIFIED,,metro
ENT_13973,INDIVIDUAL,1500000,VERIFIED,40.0,tier2
ENT_13974,INDIVIDUAL,1500000,VERIFIED,55.0,tier2
ENT_13975,INDIVIDUAL,7500000,VERIFIED,32.0,metro
ENT_13976,INDIVIDUAL,6400000,VERIFIED,21.0,rural
ENT_13977,INDIVIDUAL,5700000,VERIFIED,63.0,rural
ENT_13978,TRUST,88400000,VERIFIED,,metro
ENT_13979,INDIVIDUAL,90200000,VERIFIED,18.0,rural
ENT_13980,BUSINESS,7100000,VERIFIED,,metro
ENT_13981,INDIVIDUAL,6200000,VERIFIED,39.0,metro
ENT_13982,BUSINESS,74700000,VERIFIED,,metro
ENT_13983,INDIVIDUAL,7500000,VERIFIED,59.0,rural
ENT_13984,BUSINESS,33600000,VERIFIED,,metro
ENT_13985,INDIVIDUAL,9800000,VERIFIED,42.0,metro
ENT_13986,INDIVIDUAL,6600000,VERIFIED,59.0,tier2
ENT_13987,TRUST,35600000,VERIFIED,,metro
ENT_13988,INDIVIDUAL,1100000,VERIFIED,29.0,rural
ENT_13989,INDIVIDUAL,300000,VERIFIED,53.0,metro
ENT_13990,INDIVIDUAL,1300000,VERIFIED,50.0,tier2
ENT_13991,INDIVIDUAL,5400000,VERIFIED,51.0,rural
ENT_13992,INDIVIDUAL,8600000,VERIFIED,64.0,metro
ENT_13993,INDIVIDUAL,4500000,VERIFIED,23.0,metro
ENT_13994,INDIVIDUAL,0,VERIFIED,24.0,tier2
ENT_13995,BUSINESS,88900000,VERIFIED,,tier2
ENT_13996,INDIVIDUAL,900000,VERIFIED,30.0,rural
ENT_13997,INDIVIDUAL,700000,VERIFIED,45.0,metro
ENT_13998,BUSINESS,87100000,VERIFIED,,tier2
ENT_13999,INDIVIDUAL,1400000,VERIFIED,44.0,metro
