txn_id,sender_id,receiver_id,amount,channel,txn_ts,status,narration,is_fraud,pattern_type
TXN_100000,ACC_00001,ACC_00002,481607.7,SWIFT,2026-06-06T14:19:02.716490,SUCCESS,Cross border settlement,True,LAYERING
TXN_100001,ACC_00002,ACC_00003,471975.55,Crypto Rail,2026-06-06T15:32:02.716490,SUCCESS,Digital asset escrow,True,LAYERING
TXN_100002,ACC_00003,ACC_00126,457527.32,Wire Transfer,2026-06-06T16:18:02.716490,SUCCESS,Final vendor payout,True,LAYERING
TXN_100003,ACC_00004,ACC_00005,846093.21,SWIFT,2026-06-03T14:19:02.716490,SUCCESS,Cross border settlement,True,LAYERING
TXN_100004,ACC_00005,ACC_00006,829171.35,Crypto Rail,2026-06-03T15:12:02.716490,SUCCESS,Digital asset escrow,True,LAYERING
TXN_100005,ACC_00006,ACC_00107,803788.55,Wire Transfer,2026-06-03T16:05:02.716490,SUCCESS,Final vendor payout,True,LAYERING
TXN_100006,ACC_00007,ACC_00008,711494.29,SWIFT,2026-05-31T14:19:02.716490,SUCCESS,Cross border settlement,True,LAYERING
TXN_100007,ACC_00008,ACC_00009,697264.4,Crypto Rail,2026-05-31T14:45:02.716490,SUCCESS,Digital asset escrow,True,LAYERING
TXN_100008,ACC_00009,ACC_00086,675919.58,Wire Transfer,2026-05-31T15:20:02.716490,SUCCESS,Final vendor payout,True,LAYERING
TXN_100009,ACC_00010,ACC_00011,600867.83,SWIFT,2026-06-07T14:19:02.716490,SUCCESS,Cross border settlement,True,LAYERING
TXN_100010,ACC_00011,ACC_00012,588850.47,Crypto Rail,2026-06-07T14:41:02.716490,SUCCESS,Digital asset escrow,True,LAYERING
TXN_100011,ACC_00012,ACC_00124,570824.44,Wire Transfer,2026-06-07T15:31:02.716490,SUCCESS,Final vendor payout,True,LAYERING
TXN_100012,ACC_00013,ACC_00014,731138.06,SWIFT,2026-06-01T14:19:02.716490,SUCCESS,Cross border settlement,True,LAYERING
TXN_100013,ACC_00014,ACC_00015,716515.3,Crypto Rail,2026-06-01T15:37:02.716490,SUCCESS,Digital asset escrow,True,LAYERING
TXN_100014,ACC_00015,ACC_00077,694581.16,Wire Transfer,2026-06-01T16:14:02.716490,SUCCESS,Final vendor payout,True,LAYERING
TXN_100015,ACC_00235,ACC_00016,46243.92,UPI,2026-06-08T07:19:02.716490,SUCCESS,Personal assistance transfer,True,SMURFING
TXN_100016,ACC_00209,ACC_00016,43585.63,IMPS,2026-06-23T06:19:02.716490,SUCCESS,Personal assistance transfer,True,SMURFING
TXN_100017,ACC_00162,ACC_00016,48931.19,UPI,2026-06-13T08:19:02.716490,SUCCESS,Personal assistance transfer,True,SMURFING
TXN_100018,ACC_00196,ACC_00016,48965.75,UPI,2026-06-14T15:19:02.716490,SUCCESS,Personal assistance transfer,True,SMURFING
TXN_100019,ACC_00187,ACC_00016,47641.91,IMPS,2026-06-16T17:19:02.716490,SUCCESS,Personal assistance transfer,True,SMURFING
TXN_100020,ACC_00192,ACC_00016,46229.69,IMPS,2026-06-23T03:19:02.716490,SUCCESS,Personal assistance transfer,True,SMURFING
TXN_100021,ACC_00249,ACC_00016,47667.07,IMPS,2026-06-08T17:19:02.716490,SUCCESS,Personal assistance transfer,True,SMURFING
TXN_100022,ACC_00164,ACC_00016,42732.64,IMPS,2026-06-11T17:19:02.716490,SUCCESS,Personal assistance transfer,True,SMURFING
TXN_100023,ACC_00252,ACC_00017,49266.9,IMPS,2026-06-14T15:19:02.716490,SUCCESS,Personal assistance transfer,True,SMURFING
TXN_100024,ACC_00266,ACC_00017,45679.53,IMPS,2026-06-16T08:19:02.716490,SUCCESS,Personal assistance transfer,True,SMURFING
TXN_100025,ACC_00261,ACC_00017,43393.03,UPI,2026-06-23T03:19:02.716490,SUCCESS,Personal assistance transfer,True,SMURFING
TXN_100026,ACC_00226,ACC_00017,47985.41,IMPS,2026-06-06T17:19:02.716490,SUCCESS,Personal assistance transfer,True,SMURFING
TXN_100027,ACC_00190,ACC_00017,44850.0,IMPS,2026-06-24T19:19:02.716490,SUCCESS,Personal assistance transfer,True,SMURFING
TXN_100028,ACC_00232,ACC_00017,44705.25,IMPS,2026-06-06T15:19:02.716490,SUCCESS,Personal assistance transfer,True,SMURFING
TXN_100029,ACC_00264,ACC_00017,44699.38,UPI,2026-06-12T18:19:02.716490,SUCCESS,Personal assistance transfer,True,SMURFING
TXN_100030,ACC_00173,ACC_00017,43405.44,IMPS,2026-06-19T08:19:02.716490,SUCCESS,Personal assistance transfer,True,SMURFING
TXN_100031,ACC_00177,ACC_00018,42196.96,UPI,2026-06-16T08:19:02.716490,SUCCESS,Personal assistance transfer,True,SMURFING
TXN_100032,ACC_00234,ACC_00018,48477.89,IMPS,2026-06-05T00:19:02.716490,SUCCESS,Personal assistance transfer,True,SMURFING
TXN_100033,ACC_00250,ACC_00018,47843.77,UPI,2026-06-21T22:19:02.716490,SUCCESS,Personal assistance transfer,True,SMURFING
TXN_100034,ACC_00248,ACC_00018,43271.26,IMPS,2026-06-13T00:19:02.716490,SUCCESS,Personal assistance transfer,True,SMURFING
TXN_100035,ACC_00277,ACC_00018,43094.51,IMPS,2026-06-10T04:19:02.716490,SUCCESS,Personal assistance transfer,True,SMURFING
TXN_100036,ACC_00258,ACC_00018,44248.14,IMPS,2026-06-07T02:19:02.716490,SUCCESS,Personal assistance transfer,True,SMURFING
TXN_100037,ACC_00214,ACC_00018,47406.75,UPI,2026-06-20T10:19:02.716490,SUCCESS,Personal assistance transfer,True,SMURFING
TXN_100038,ACC_00268,ACC_00018,42802.29,IMPS,2026-06-13T15:19:02.716490,SUCCESS,Personal assistance transfer,True,SMURFING
TXN_100039,ACC_00236,ACC_00019,48312.1,IMPS,2026-06-17T01:19:02.716490,SUCCESS,Personal assistance transfer,True,SMURFING
TXN_100040,ACC_00236,ACC_00019,45229.62,UPI,2026-06-25T10:19:02.716490,SUCCESS,Personal assistance transfer,True,SMURFING
TXN_100041,ACC_00227,ACC_00019,44404.99,IMPS,2026-06-11T06:19:02.716490,SUCCESS,Personal assistance transfer,True,SMURFING
TXN_100042,ACC_00196,ACC_00019,49234.31,IMPS,2026-06-15T00:19:02.716490,SUCCESS,Personal assistance transfer,True,SMURFING
TXN_100043,ACC_00298,ACC_00019,47864.81,IMPS,2026-06-15T03:19:02.716490,SUCCESS,Personal assistance transfer,True,SMURFING
TXN_100044,ACC_00251,ACC_00019,44737.62,UPI,2026-06-22T21:19:02.716490,SUCCESS,Personal assistance transfer,True,SMURFING
TXN_100045,ACC_00291,ACC_00019,42201.87,IMPS,2026-06-18T21:19:02.716490,SUCCESS,Personal assistance transfer,True,SMURFING
TXN_100046,ACC_00225,ACC_00019,48234.61,IMPS,2026-06-07T04:19:02.716490,SUCCESS,Personal assistance transfer,True,SMURFING
TXN_100047,ACC_00186,ACC_00020,46750.02,UPI,2026-06-11T23:19:02.716490,SUCCESS,Personal assistance transfer,True,SMURFING
TXN_100048,ACC_00259,ACC_00020,47918.08,IMPS,2026-06-07T05:19:02.716490,SUCCESS,Personal assistance transfer,True,SMURFING
TXN_100049,ACC_00300,ACC_00020,45006.04,UPI,2026-06-21T04:19:02.716490,SUCCESS,Personal assistance transfer,True,SMURFING
TXN_100050,ACC_00243,ACC_00020,47262.26,UPI,2026-06-22T10:19:02.716490,SUCCESS,Personal assistance transfer,True,SMURFING
TXN_100051,ACC_00178,ACC_00020,47767.16,UPI,2026-06-15T20:19:02.716490,SUCCESS,Personal assistance transfer,True,SMURFING
TXN_100052,ACC_00295,ACC_00020,49377.06,IMPS,2026-06-25T03:19:02.716490,SUCCESS,Personal assistance transfer,True,SMURFING
TXN_100053,ACC_00261,ACC_00020,42794.58,UPI,2026-06-07T23:19:02.716490,SUCCESS,Personal assistance transfer,True,SMURFING
TXN_100054,ACC_00281,ACC_00020,47601.4,UPI,2026-06-22T09:19:02.716490,SUCCESS,Personal assistance transfer,True,SMURFING
TXN_100055,ACC_00265,ACC_00021,44805.9,UPI,2026-06-19T09:19:02.716490,SUCCESS,Personal assistance transfer,True,SMURFING
TXN_100056,ACC_00239,ACC_00021,49482.77,IMPS,2026-06-19T18:19:02.716490,SUCCESS,Personal assistance transfer,True,SMURFING
TXN_100057,ACC_00257,ACC_00021,48904.11,UPI,2026-06-06T18:19:02.716490,SUCCESS,Personal assistance transfer,True,SMURFING
TXN_100058,ACC_00240,ACC_00021,44339.18,IMPS,2026-06-18T21:19:02.716490,SUCCESS,Personal assistance transfer,True,SMURFING
TXN_100059,ACC_00240,ACC_00021,45571.22,IMPS,2026-06-19T05:19:02.716490,SUCCESS,Personal assistance transfer,True,SMURFING
TXN_100060,ACC_00168,ACC_00021,44251.98,IMPS,2026-06-07T15:19:02.716490,SUCCESS,Personal assistance transfer,True,SMURFING
TXN_100061,ACC_00178,ACC_00021,47078.54,UPI,2026-06-09T22:19:02.716490,SUCCESS,Personal assistance transfer,True,SMURFING
TXN_100062,ACC_00292,ACC_00021,43201.02,IMPS,2026-06-22T04:19:02.716490,SUCCESS,Personal assistance transfer,True,SMURFING
TXN_100063,ACC_00210,ACC_00022,47983.17,UPI,2026-06-24T20:19:02.716490,SUCCESS,Personal assistance transfer,True,SMURFING
TXN_100064,ACC_00261,ACC_00022,44966.87,IMPS,2026-06-23T21:19:02.716490,SUCCESS,Personal assistance transfer,True,SMURFING
TXN_100065,ACC_00260,ACC_00022,44916.27,IMPS,2026-06-10T21:19:02.716490,SUCCESS,Personal assistance transfer,True,SMURFING
TXN_100066,ACC_00167,ACC_00022,46330.11,IMPS,2026-06-21T20:19:02.716490,SUCCESS,Personal assistance transfer,True,SMURFING
TXN_100067,ACC_00234,ACC_00022,43478.06,IMPS,2026-06-07T23:19:02.716490,SUCCESS,Personal assistance transfer,True,SMURFING
TXN_100068,ACC_00286,ACC_00022,49244.37,IMPS,2026-06-15T10:19:02.716490,SUCCESS,Personal assistance transfer,True,SMURFING
TXN_100069,ACC_00251,ACC_00022,46402.54,IMPS,2026-06-16T02:19:02.716490,SUCCESS,Personal assistance transfer,True,SMURFING
TXN_100070,ACC_00195,ACC_00022,48103.04,UPI,2026-06-14T10:19:02.716490,SUCCESS,Personal assistance transfer,True,SMURFING
TXN_100071,ACC_00185,ACC_00023,44348.89,UPI,2026-06-12T00:19:02.716490,SUCCESS,Personal assistance transfer,True,SMURFING
TXN_100072,ACC_00197,ACC_00023,44799.8,IMPS,2026-06-09T07:19:02.716490,SUCCESS,Personal assistance transfer,True,SMURFING
TXN_100073,ACC_00258,ACC_00023,46473.19,IMPS,2026-06-23T03:19:02.716490,SUCCESS,Personal assistance transfer,True,SMURFING
TXN_100074,ACC_00198,ACC_00023,45650.03,UPI,2026-06-21T20:19:02.716490,SUCCESS,Personal assistance transfer,True,SMURFING
TXN_100075,ACC_00276,ACC_00023,44166.26,IMPS,2026-06-10T01:19:02.716490,SUCCESS,Personal assistance transfer,True,SMURFING
TXN_100076,ACC_00164,ACC_00023,48491.42,UPI,2026-06-05T06:19:02.716490,SUCCESS,Personal assistance transfer,True,SMURFING
TXN_100077,ACC_00200,ACC_00023,48114.12,IMPS,2026-06-22T07:19:02.716490,SUCCESS,Personal assistance transfer,True,SMURFING
TXN_100078,ACC_00255,ACC_00023,47135.23,IMPS,2026-06-18T05:19:02.716490,SUCCESS,Personal assistance transfer,True,SMURFING
TXN_100079,ACC_00193,ACC_00024,42620.03,IMPS,2026-06-04T22:19:02.716490,SUCCESS,Personal assistance transfer,True,SMURFING
TXN_100080,ACC_00159,ACC_00024,44061.4,UPI,2026-06-22T00:19:02.716490,SUCCESS,Personal assistance transfer,True,SMURFING
TXN_100081,ACC_00268,ACC_00024,46242.38,UPI,2026-06-20T08:19:02.716490,SUCCESS,Personal assistance transfer,True,SMURFING
TXN_100082,ACC_00297,ACC_00024,42856.55,UPI,2026-06-22T02:19:02.716490,SUCCESS,Personal assistance transfer,True,SMURFING
TXN_100083,ACC_00263,ACC_00024,46097.65,UPI,2026-06-17T18:19:02.716490,SUCCESS,Personal assistance transfer,True,SMURFING
TXN_100084,ACC_00227,ACC_00024,48561.07,IMPS,2026-06-06T05:19:02.716490,SUCCESS,Personal assistance transfer,True,SMURFING
TXN_100085,ACC_00240,ACC_00024,48466.5,UPI,2026-06-07T05:19:02.716490,SUCCESS,Personal assistance transfer,True,SMURFING
TXN_100086,ACC_00211,ACC_00024,43574.09,IMPS,2026-06-23T02:19:02.716490,SUCCESS,Personal assistance transfer,True,SMURFING
TXN_100087,ACC_00193,ACC_00025,46621.13,UPI,2026-06-10T21:19:02.716490,SUCCESS,Personal assistance transfer,True,SMURFING
TXN_100088,ACC_00296,ACC_00025,44631.12,UPI,2026-06-13T10:19:02.716490,SUCCESS,Personal assistance transfer,True,SMURFING
TXN_100089,ACC_00233,ACC_00025,49342.5,IMPS,2026-06-14T00:19:02.716490,SUCCESS,Personal assistance transfer,True,SMURFING
TXN_100090,ACC_00282,ACC_00025,49391.16,IMPS,2026-06-07T19:19:02.716490,SUCCESS,Personal assistance transfer,True,SMURFING
TXN_100091,ACC_00166,ACC_00025,49443.65,UPI,2026-06-24T19:19:02.716490,SUCCESS,Personal assistance transfer,True,SMURFING
TXN_100092,ACC_00214,ACC_00025,43096.83,IMPS,2026-06-14T22:19:02.716490,SUCCESS,Personal assistance transfer,True,SMURFING
TXN_100093,ACC_00276,ACC_00025,43066.29,IMPS,2026-06-24T23:19:02.716490,SUCCESS,Personal assistance transfer,True,SMURFING
TXN_100094,ACC_00247,ACC_00025,45389.94,IMPS,2026-06-24T17:19:02.716490,SUCCESS,Personal assistance transfer,True,SMURFING
TXN_100095,ACC_00282,ACC_00026,47623.52,IMPS,2026-06-16T05:19:02.716490,SUCCESS,Personal assistance transfer,True,SMURFING
TXN_100096,ACC_00234,ACC_00026,46364.67,IMPS,2026-06-07T05:19:02.716490,SUCCESS,Personal assistance transfer,True,SMURFING
TXN_100097,ACC_00167,ACC_00026,47967.58,IMPS,2026-06-16T21:19:02.716490,SUCCESS,Personal assistance transfer,True,SMURFING
TXN_100098,ACC_00205,ACC_00026,45710.36,IMPS,2026-06-15T00:19:02.716490,SUCCESS,Personal assistance transfer,True,SMURFING
TXN_100099,ACC_00291,ACC_00026,46334.5,IMPS,2026-06-23T06:19:02.716490,SUCCESS,Personal assistance transfer,True,SMURFING
TXN_100100,ACC_00163,ACC_00026,42344.57,UPI,2026-06-25T05:19:02.716490,SUCCESS,Personal assistance transfer,True,SMURFING
TXN_100101,ACC_00182,ACC_00026,48970.75,IMPS,2026-06-10T05:19:02.716490,SUCCESS,Personal assistance transfer,True,SMURFING
TXN_100102,ACC_00151,ACC_00026,49438.79,UPI,2026-06-17T21:19:02.716490,SUCCESS,Personal assistance transfer,True,SMURFING
TXN_100103,ACC_00228,ACC_00027,43192.33,IMPS,2026-06-12T17:19:02.716490,SUCCESS,Personal assistance transfer,True,SMURFING
TXN_100104,ACC_00215,ACC_00027,42618.15,UPI,2026-06-24T20:19:02.716490,SUCCESS,Personal assistance transfer,True,SMURFING
TXN_100105,ACC_00252,ACC_00027,46692.03,UPI,2026-06-12T04:19:02.716490,SUCCESS,Personal assistance transfer,True,SMURFING
TXN_100106,ACC_00175,ACC_00027,42008.15,UPI,2026-06-19T17:19:02.716490,SUCCESS,Personal assistance transfer,True,SMURFING
TXN_100107,ACC_00208,ACC_00027,45895.83,UPI,2026-06-18T15:19:02.716490,SUCCESS,Personal assistance transfer,True,SMURFING
TXN_100108,ACC_00238,ACC_00027,48128.32,IMPS,2026-06-17T19:19:02.716490,SUCCESS,Personal assistance transfer,True,SMURFING
TXN_100109,ACC_00169,ACC_00027,43717.1,UPI,2026-06-06T18:19:02.716490,SUCCESS,Personal assistance transfer,True,SMURFING
TXN_100110,ACC_00231,ACC_00027,44756.71,IMPS,2026-06-13T19:19:02.716490,SUCCESS,Personal assistance transfer,True,SMURFING
TXN_100111,ACC_00185,ACC_00028,46811.82,UPI,2026-06-08T17:19:02.716490,SUCCESS,Personal assistance transfer,True,SMURFING
TXN_100112,ACC_00193,ACC_00028,45300.75,IMPS,2026-06-10T19:19:02.716490,SUCCESS,Personal assistance transfer,True,SMURFING
TXN_100113,ACC_00264,ACC_00028,48449.72,UPI,2026-06-06T18:19:02.716490,SUCCESS,Personal assistance transfer,True,SMURFING
TXN_100114,ACC_00182,ACC_00028,46421.8,IMPS,2026-06-17T02:19:02.716490,SUCCESS,Personal assistance transfer,True,SMURFING
TXN_100115,ACC_00231,ACC_00028,47933.07,UPI,2026-06-11T23:19:02.716490,SUCCESS,Personal assistance transfer,True,SMURFING
TXN_100116,ACC_00214,ACC_00028,46150.47,IMPS,2026-06-24T10:19:02.716490,SUCCESS,Personal assistance transfer,True,SMURFING
TXN_100117,ACC_00157,ACC_00028,48359.19,UPI,2026-06-13T21:19:02.716490,SUCCESS,Personal assistance transfer,True,SMURFING
TXN_100118,ACC_00251,ACC_00028,44216.57,IMPS,2026-06-05T22:19:02.716490,SUCCESS,Personal assistance transfer,True,SMURFING
TXN_100119,ACC_00249,ACC_00029,42845.58,UPI,2026-06-20T10:19:02.716490,SUCCESS,Personal assistance transfer,True,SMURFING
TXN_100120,ACC_00286,ACC_00029,48665.43,IMPS,2026-06-05T02:19:02.716490,SUCCESS,Personal assistance transfer,True,SMURFING
TXN_100121,ACC_00184,ACC_00029,44901.29,IMPS,2026-06-23T04:19:02.716490,SUCCESS,Personal assistance transfer,True,SMURFING
TXN_100122,ACC_00290,ACC_00029,47122.07,UPI,2026-06-19T17:19:02.716490,SUCCESS,Personal assistance transfer,True,SMURFING
TXN_100123,ACC_00168,ACC_00029,42103.45,UPI,2026-06-10T16:19:02.716490,SUCCESS,Personal assistance transfer,True,SMURFING
TXN_100124,ACC_00252,ACC_00029,45799.58,IMPS,2026-06-25T07:19:02.716490,SUCCESS,Personal assistance transfer,True,SMURFING
TXN_100125,ACC_00259,ACC_00029,47263.58,UPI,2026-06-07T08:19:02.716490,SUCCESS,Personal assistance transfer,True,SMURFING
TXN_100126,ACC_00222,ACC_00029,42626.98,UPI,2026-06-07T07:19:02.716490,SUCCESS,Personal assistance transfer,True,SMURFING
TXN_100127,ACC_00190,ACC_00030,46022.93,UPI,2026-06-17T09:19:02.716490,SUCCESS,Personal assistance transfer,True,SMURFING
TXN_100128,ACC_00230,ACC_00030,47240.07,UPI,2026-06-11T16:19:02.716490,SUCCESS,Personal assistance transfer,True,SMURFING
TXN_100129,ACC_00173,ACC_00030,48934.71,UPI,2026-06-08T05:19:02.716490,SUCCESS,Personal assistance transfer,True,SMURFING
TXN_100130,ACC_00230,ACC_00030,46995.6,UPI,2026-06-09T18:19:02.716490,SUCCESS,Personal assistance transfer,True,SMURFING
TXN_100131,ACC_00186,ACC_00030,47261.25,IMPS,2026-06-10T06:19:02.716490,SUCCESS,Personal assistance transfer,True,SMURFING
TXN_100132,ACC_00284,ACC_00030,45879.17,IMPS,2026-06-12T20:19:02.716490,SUCCESS,Personal assistance transfer,True,SMURFING
TXN_100133,ACC_00183,ACC_00030,47623.32,UPI,2026-06-12T18:19:02.716490,SUCCESS,Personal assistance transfer,True,SMURFING
TXN_100134,ACC_00236,ACC_00030,48053.31,UPI,2026-06-13T07:19:02.716490,SUCCESS,Personal assistance transfer,True,SMURFING
TXN_100135,ACC_00031,ACC_00032,378884.9,RTGS,2026-06-15T14:19:02.716490,SUCCESS,Project advance,True,ROUND_TRIP
TXN_100136,ACC_00032,ACC_00033,375096.05,NEFT,2026-06-15T18:19:02.716490,SUCCESS,Subcontractor fee,True,ROUND_TRIP
TXN_100137,ACC_00033,ACC_00031,367518.35,RTGS,2026-06-16T14:19:02.716490,SUCCESS,Consulting rebate return,True,ROUND_TRIP
TXN_100138,ACC_00034,ACC_00035,488259.85,RTGS,2026-06-14T14:19:02.716490,SUCCESS,Project advance,True,ROUND_TRIP
TXN_100139,ACC_00035,ACC_00036,483377.25,NEFT,2026-06-14T18:19:02.716490,SUCCESS,Subcontractor fee,True,ROUND_TRIP
TXN_100140,ACC_00036,ACC_00034,473612.05,RTGS,2026-06-15T14:19:02.716490,SUCCESS,Consulting rebate return,True,ROUND_TRIP
TXN_100141,ACC_00037,ACC_00038,436559.33,RTGS,2026-06-13T14:19:02.716490,SUCCESS,Project advance,True,ROUND_TRIP
TXN_100142,ACC_00038,ACC_00039,432193.74,NEFT,2026-06-13T18:19:02.716490,SUCCESS,Subcontractor fee,True,ROUND_TRIP
TXN_100143,ACC_00039,ACC_00037,423462.55,RTGS,2026-06-14T14:19:02.716490,SUCCESS,Consulting rebate return,True,ROUND_TRIP
TXN_100144,ACC_00040,ACC_00041,316631.73,RTGS,2026-06-17T14:19:02.716490,SUCCESS,Project advance,True,ROUND_TRIP
TXN_100145,ACC_00041,ACC_00042,313465.41,NEFT,2026-06-17T18:19:02.716490,SUCCESS,Subcontractor fee,True,ROUND_TRIP
TXN_100146,ACC_00042,ACC_00040,307132.78,RTGS,2026-06-18T14:19:02.716490,SUCCESS,Consulting rebate return,True,ROUND_TRIP
TXN_100147,ACC_00043,ACC_00044,470065.84,RTGS,2026-06-13T14:19:02.716490,SUCCESS,Project advance,True,ROUND_TRIP
TXN_100148,ACC_00044,ACC_00045,465365.18,NEFT,2026-06-13T18:19:02.716490,SUCCESS,Subcontractor fee,True,ROUND_TRIP
TXN_100149,ACC_00045,ACC_00043,455963.86,RTGS,2026-06-14T14:19:02.716490,SUCCESS,Consulting rebate return,True,ROUND_TRIP
TXN_100150,ACC_00140,ACC_00046,377558.04,RTGS,2026-06-03T14:19:02.716490,SUCCESS,Investment inflow,True,KYC_MISMATCH
TXN_100151,ACC_00246,ACC_00046,587060.22,RTGS,2026-06-03T14:19:02.716490,SUCCESS,Investment inflow,True,KYC_MISMATCH
TXN_100152,ACC_00158,ACC_00046,620389.98,RTGS,2026-05-31T14:19:02.716490,SUCCESS,Investment inflow,True,KYC_MISMATCH
TXN_100153,ACC_00111,ACC_00046,679344.5,RTGS,2026-05-31T14:19:02.716490,SUCCESS,Investment inflow,True,KYC_MISMATCH
TXN_100154,ACC_00162,ACC_00047,272990.76,RTGS,2026-06-11T14:19:02.716490,SUCCESS,Investment inflow,True,KYC_MISMATCH
TXN_100155,ACC_00198,ACC_00047,710113.27,RTGS,2026-06-05T14:19:02.716490,SUCCESS,Investment inflow,True,KYC_MISMATCH
TXN_100156,ACC_00109,ACC_00047,526432.39,RTGS,2026-06-22T14:19:02.716490,SUCCESS,Investment inflow,True,KYC_MISMATCH
TXN_100157,ACC_00289,ACC_00047,577851.65,RTGS,2026-06-07T14:19:02.716490,SUCCESS,Investment inflow,True,KYC_MISMATCH
TXN_100158,ACC_00182,ACC_00048,374131.59,RTGS,2026-06-23T14:19:02.716490,SUCCESS,Investment inflow,True,KYC_MISMATCH
TXN_100159,ACC_00181,ACC_00048,385628.98,RTGS,2026-06-02T14:19:02.716490,SUCCESS,Investment inflow,True,KYC_MISMATCH
TXN_100160,ACC_00246,ACC_00048,436404.08,RTGS,2026-06-16T14:19:02.716490,SUCCESS,Investment inflow,True,KYC_MISMATCH
TXN_100161,ACC_00272,ACC_00048,700970.5,RTGS,2026-06-05T14:19:02.716490,SUCCESS,Investment inflow,True,KYC_MISMATCH
TXN_100162,ACC_00157,ACC_00049,652169.01,RTGS,2026-06-01T14:19:02.716490,SUCCESS,Investment inflow,True,KYC_MISMATCH
TXN_100163,ACC_00202,ACC_00049,284463.22,RTGS,2026-06-14T14:19:02.716490,SUCCESS,Investment inflow,True,KYC_MISMATCH
TXN_100164,ACC_00172,ACC_00049,636763.74,RTGS,2026-06-09T14:19:02.716490,SUCCESS,Investment inflow,True,KYC_MISMATCH
TXN_100165,ACC_00183,ACC_00049,293192.76,RTGS,2026-06-14T14:19:02.716490,SUCCESS,Investment inflow,True,KYC_MISMATCH
TXN_100166,ACC_00102,ACC_00050,434459.68,RTGS,2026-06-09T14:19:02.716490,SUCCESS,Investment inflow,True,KYC_MISMATCH
TXN_100167,ACC_00244,ACC_00050,642253.61,RTGS,2026-06-23T14:19:02.716490,SUCCESS,Investment inflow,True,KYC_MISMATCH
TXN_100168,ACC_00259,ACC_00050,371292.0,RTGS,2026-06-11T14:19:02.716490,SUCCESS,Investment inflow,True,KYC_MISMATCH
TXN_100169,ACC_00251,ACC_00050,735928.87,RTGS,2026-06-24T14:19:02.716490,SUCCESS,Investment inflow,True,KYC_MISMATCH
TXN_100170,ACC_00298,ACC_00051,347711.21,RTGS,2026-06-17T14:19:02.716490,SUCCESS,Investment inflow,True,KYC_MISMATCH
TXN_100171,ACC_00294,ACC_00051,647986.77,RTGS,2026-06-04T14:19:02.716490,SUCCESS,Investment inflow,True,KYC_MISMATCH
TXN_100172,ACC_00101,ACC_00051,716198.77,RTGS,2026-05-31T14:19:02.716490,SUCCESS,Investment inflow,True,KYC_MISMATCH
TXN_100173,ACC_00159,ACC_00051,520772.6,RTGS,2026-06-20T14:19:02.716490,SUCCESS,Investment inflow,True,KYC_MISMATCH
TXN_100174,ACC_00277,ACC_00052,688599.31,RTGS,2026-06-10T14:19:02.716490,SUCCESS,Investment inflow,True,KYC_MISMATCH
TXN_100175,ACC_00100,ACC_00052,629464.58,RTGS,2026-06-12T14:19:02.716490,SUCCESS,Investment inflow,True,KYC_MISMATCH
TXN_100176,ACC_00288,ACC_00052,613607.52,RTGS,2026-06-03T14:19:02.716490,SUCCESS,Investment inflow,True,KYC_MISMATCH
TXN_100177,ACC_00152,ACC_00052,514907.24,RTGS,2026-06-07T14:19:02.716490,SUCCESS,Investment inflow,True,KYC_MISMATCH
TXN_100178,ACC_00207,ACC_00053,496014.44,RTGS,2026-06-01T14:19:02.716490,SUCCESS,Investment inflow,True,KYC_MISMATCH
TXN_100179,ACC_00136,ACC_00053,605826.24,RTGS,2026-06-02T14:19:02.716490,SUCCESS,Investment inflow,True,KYC_MISMATCH
TXN_100180,ACC_00111,ACC_00053,710637.2,RTGS,2026-06-27T14:19:02.716490,SUCCESS,Investment inflow,True,KYC_MISMATCH
TXN_100181,ACC_00233,ACC_00053,456528.4,RTGS,2026-06-11T14:19:02.716490,SUCCESS,Investment inflow,True,KYC_MISMATCH
TXN_100182,ACC_00217,ACC_00054,737277.4,RTGS,2026-06-02T14:19:02.716490,SUCCESS,Investment inflow,True,KYC_MISMATCH
TXN_100183,ACC_00248,ACC_00054,297788.5,RTGS,2026-06-04T14:19:02.716490,SUCCESS,Investment inflow,True,KYC_MISMATCH
TXN_100184,ACC_00263,ACC_00054,659981.45,RTGS,2026-06-02T14:19:02.716490,SUCCESS,Investment inflow,True,KYC_MISMATCH
TXN_100185,ACC_00251,ACC_00054,533910.36,RTGS,2026-06-13T14:19:02.716490,SUCCESS,Investment inflow,True,KYC_MISMATCH
TXN_100186,ACC_00269,ACC_00055,732109.14,RTGS,2026-06-07T14:19:02.716490,SUCCESS,Investment inflow,True,KYC_MISMATCH
TXN_100187,ACC_00174,ACC_00055,380495.47,RTGS,2026-06-10T14:19:02.716490,SUCCESS,Investment inflow,True,KYC_MISMATCH
TXN_100188,ACC_00200,ACC_00055,600362.8,RTGS,2026-06-23T14:19:02.716490,SUCCESS,Investment inflow,True,KYC_MISMATCH
TXN_100189,ACC_00183,ACC_00055,409028.86,RTGS,2026-06-08T14:19:02.716490,SUCCESS,Investment inflow,True,KYC_MISMATCH
TXN_100190,ACC_00159,ACC_00056,287343.72,RTGS,2026-06-06T14:19:02.716490,SUCCESS,Investment inflow,True,KYC_MISMATCH
TXN_100191,ACC_00134,ACC_00056,639968.49,RTGS,2026-06-18T14:19:02.716490,SUCCESS,Investment inflow,True,KYC_MISMATCH
TXN_100192,ACC_00127,ACC_00056,327705.28,RTGS,2026-06-05T14:19:02.716490,SUCCESS,Investment inflow,True,KYC_MISMATCH
TXN_100193,ACC_00215,ACC_00056,483027.56,RTGS,2026-06-13T14:19:02.716490,SUCCESS,Investment inflow,True,KYC_MISMATCH
TXN_100194,ACC_00130,ACC_00057,517962.27,RTGS,2026-06-24T14:19:02.716490,SUCCESS,Investment inflow,True,KYC_MISMATCH
TXN_100195,ACC_00153,ACC_00057,475958.54,RTGS,2026-06-14T14:19:02.716490,SUCCESS,Investment inflow,True,KYC_MISMATCH
TXN_100196,ACC_00167,ACC_00057,676241.09,RTGS,2026-06-02T14:19:02.716490,SUCCESS,Investment inflow,True,KYC_MISMATCH
TXN_100197,ACC_00140,ACC_00057,653798.45,RTGS,2026-06-09T14:19:02.716490,SUCCESS,Investment inflow,True,KYC_MISMATCH
TXN_100198,ACC_00280,ACC_00058,598438.99,RTGS,2026-06-01T14:19:02.716490,SUCCESS,Investment inflow,True,KYC_MISMATCH
TXN_100199,ACC_00155,ACC_00058,667962.38,RTGS,2026-06-10T14:19:02.716490,SUCCESS,Investment inflow,True,KYC_MISMATCH
TXN_100200,ACC_00137,ACC_00058,295606.45,RTGS,2026-06-07T14:19:02.716490,SUCCESS,Investment inflow,True,KYC_MISMATCH
TXN_100201,ACC_00191,ACC_00058,448122.23,RTGS,2026-06-01T14:19:02.716490,SUCCESS,Investment inflow,True,KYC_MISMATCH
TXN_100202,ACC_00273,ACC_00059,399420.36,RTGS,2026-06-26T14:19:02.716490,SUCCESS,Investment inflow,True,KYC_MISMATCH
TXN_100203,ACC_00144,ACC_00059,265541.05,RTGS,2026-06-12T14:19:02.716490,SUCCESS,Investment inflow,True,KYC_MISMATCH
TXN_100204,ACC_00215,ACC_00059,527976.88,RTGS,2026-06-17T14:19:02.716490,SUCCESS,Investment inflow,True,KYC_MISMATCH
TXN_100205,ACC_00163,ACC_00059,297362.64,RTGS,2026-06-03T14:19:02.716490,SUCCESS,Investment inflow,True,KYC_MISMATCH
TXN_100206,ACC_00135,ACC_00060,310726.63,RTGS,2026-06-01T14:19:02.716490,SUCCESS,Investment inflow,True,KYC_MISMATCH
TXN_100207,ACC_00299,ACC_00060,741283.62,RTGS,2026-06-04T14:19:02.716490,SUCCESS,Investment inflow,True,KYC_MISMATCH
TXN_100208,ACC_00150,ACC_00060,661836.71,RTGS,2026-06-11T14:19:02.716490,SUCCESS,Investment inflow,True,KYC_MISMATCH
TXN_100209,ACC_00275,ACC_00060,565148.77,RTGS,2026-06-20T14:19:02.716490,SUCCESS,Investment inflow,True,KYC_MISMATCH
TXN_100210,ACC_00061,ACC_00121,1424091.42,SWIFT,2026-06-28T20:19:02.723487,SUCCESS,High value account liquidation,True,DORMANT
TXN_100211,ACC_00062,ACC_00119,919620.16,SWIFT,2026-06-29T08:19:02.723487,SUCCESS,High value account liquidation,True,DORMANT
TXN_100212,ACC_00063,ACC_00150,1712246.47,SWIFT,2026-06-28T08:19:02.723487,SUCCESS,High value account liquidation,True,DORMANT
TXN_100213,ACC_00064,ACC_00132,982780.77,SWIFT,2026-06-28T15:19:02.723487,SUCCESS,High value account liquidation,True,DORMANT
TXN_100214,ACC_00065,ACC_00131,938426.69,SWIFT,2026-06-28T07:19:02.723487,SUCCESS,High value account liquidation,True,DORMANT
TXN_100215,ACC_00066,ACC_00112,1051190.29,SWIFT,2026-06-28T00:19:02.723487,SUCCESS,High value account liquidation,True,DORMANT
TXN_100216,ACC_00067,ACC_00210,1639516.86,SWIFT,2026-06-28T11:19:02.723487,SUCCESS,High value account liquidation,True,DORMANT
TXN_100217,ACC_00068,ACC_00227,926534.06,SWIFT,2026-06-27T17:19:02.723487,SUCCESS,High value account liquidation,True,DORMANT
TXN_100218,ACC_00069,ACC_00209,1055526.49,SWIFT,2026-06-28T23:19:02.723487,SUCCESS,High value account liquidation,True,DORMANT
TXN_100219,ACC_00070,ACC_00147,1147483.59,SWIFT,2026-06-28T08:19:02.724488,SUCCESS,High value account liquidation,True,DORMANT
TXN_100220,ACC_00071,ACC_00138,931184.5,SWIFT,2026-06-27T21:19:02.724488,SUCCESS,High value account liquidation,True,DORMANT
TXN_100221,ACC_00072,ACC_00257,1121206.3,SWIFT,2026-06-28T18:19:02.724488,SUCCESS,High value account liquidation,True,DORMANT
TXN_100222,ACC_00073,ACC_00227,1270792.99,SWIFT,2026-06-28T01:19:02.724488,SUCCESS,High value account liquidation,True,DORMANT
TXN_100223,ACC_00074,ACC_00222,954881.16,SWIFT,2026-06-28T19:19:02.724488,SUCCESS,High value account liquidation,True,DORMANT
TXN_100224,ACC_00075,ACC_00198,1023512.42,SWIFT,2026-06-29T00:19:02.724488,SUCCESS,High value account liquidation,True,DORMANT
TXN_100225,ACC_00240,ACC_00280,18640.59,UPI,2026-06-20T07:19:02.716490,SUCCESS,Utility bill,False,NONE
TXN_100226,ACC_00276,ACC_00258,12889.37,NEFT,2026-06-17T05:19:02.716490,SUCCESS,Peer transfer,False,NONE
TXN_100227,ACC_00204,ACC_00158,13899.15,NEFT,2026-06-04T14:19:02.716490,SUCCESS,Peer transfer,False,NONE
TXN_100228,ACC_00132,ACC_00083,31403.88,UPI,2026-06-23T22:19:02.716490,SUCCESS,Utility bill,False,NONE
TXN_100229,ACC_00211,ACC_00167,26956.05,UPI,2026-06-06T19:19:02.716490,SUCCESS,Rent payment,False,NONE
TXN_100230,ACC_00244,ACC_00137,9695.18,UPI,2026-06-26T13:19:02.716490,SUCCESS,Rent payment,False,NONE
TXN_100231,ACC_00223,ACC_00292,34401.93,UPI,2026-06-12T01:19:02.716490,SUCCESS,Rent payment,False,NONE
TXN_100232,ACC_00136,ACC_00227,11471.15,NEFT,2026-06-23T12:19:02.716490,SUCCESS,Peer transfer,False,NONE
TXN_100233,ACC_00083,ACC_00256,24669.35,UPI,2026-06-18T08:19:02.716490,SUCCESS,Peer transfer,False,NONE
TXN_100234,ACC_00124,ACC_00290,34586.21,IMPS,2026-06-28T05:19:02.716490,SUCCESS,Invoice settlement,False,NONE
TXN_100235,ACC_00120,ACC_00201,1809.75,IMPS,2026-05-31T21:19:02.716490,SUCCESS,Rent payment,False,NONE
TXN_100236,ACC_00081,ACC_00210,16990.62,UPI,2026-06-10T09:19:02.716490,SUCCESS,Rent payment,False,NONE
TXN_100237,ACC_00163,ACC_00259,6622.37,UPI,2026-06-25T00:19:02.716490,SUCCESS,Grocery,False,NONE
TXN_100238,ACC_00113,ACC_00226,24812.02,IMPS,2026-06-03T17:19:02.716490,SUCCESS,Invoice settlement,False,NONE
TXN_100239,ACC_00094,ACC_00171,24806.56,IMPS,2026-06-21T02:19:02.716490,SUCCESS,Grocery,False,NONE
TXN_100240,ACC_00162,ACC_00153,11629.81,NEFT,2026-06-05T13:19:02.716490,SUCCESS,Utility bill,False,NONE
TXN_100241,ACC_00242,ACC_00157,6509.99,IMPS,2026-06-17T12:19:02.716490,SUCCESS,Invoice settlement,False,NONE
TXN_100242,ACC_00133,ACC_00246,20818.78,NEFT,2026-06-05T02:19:02.716490,SUCCESS,Invoice settlement,False,NONE
TXN_100243,ACC_00108,ACC_00121,25644.67,NEFT,2026-06-22T08:19:02.716490,SUCCESS,Peer transfer,False,NONE
TXN_100244,ACC_00084,ACC_00122,21282.41,UPI,2026-06-29T09:19:02.716490,SUCCESS,Peer transfer,False,NONE
TXN_100245,ACC_00102,ACC_00203,5352.2,UPI,2026-06-22T16:19:02.716490,SUCCESS,Invoice settlement,False,NONE
TXN_100246,ACC_00157,ACC_00118,22448.44,IMPS,2026-06-02T12:19:02.716490,SUCCESS,Invoice settlement,False,NONE
TXN_100247,ACC_00190,ACC_00078,9649.83,UPI,2026-06-07T12:19:02.716490,SUCCESS,Invoice settlement,False,NONE
TXN_100248,ACC_00141,ACC_00277,4227.19,NEFT,2026-05-30T15:19:02.716490,SUCCESS,Utility bill,False,NONE
TXN_100249,ACC_00263,ACC_00183,33934.01,NEFT,2026-06-28T03:19:02.716490,SUCCESS,Utility bill,False,NONE
TXN_100250,ACC_00165,ACC_00215,13449.49,IMPS,2026-06-26T05:19:02.716490,SUCCESS,Rent payment,False,NONE
TXN_100251,ACC_00117,ACC_00191,3042.97,NEFT,2026-06-26T15:19:02.716490,SUCCESS,Grocery,False,NONE
TXN_100252,ACC_00157,ACC_00142,33332.34,UPI,2026-06-02T00:19:02.716490,SUCCESS,Utility bill,False,NONE
TXN_100253,ACC_00117,ACC_00263,3087.58,NEFT,2026-06-27T16:19:02.716490,SUCCESS,Peer transfer,False,NONE
TXN_100254,ACC_00233,ACC_00199,24805.41,UPI,2026-06-13T10:19:02.716490,SUCCESS,Peer transfer,False,NONE
TXN_100255,ACC_00187,ACC_00116,2347.67,UPI,2026-06-09T20:19:02.716490,SUCCESS,Utility bill,False,NONE
TXN_100256,ACC_00254,ACC_00217,25410.31,NEFT,2026-06-23T07:19:02.716490,SUCCESS,Invoice settlement,False,NONE
TXN_100257,ACC_00152,ACC_00136,3809.1,IMPS,2026-06-12T08:19:02.716490,SUCCESS,Utility bill,False,NONE
TXN_100258,ACC_00115,ACC_00089,12948.6,NEFT,2026-06-12T16:19:02.716490,SUCCESS,Peer transfer,False,NONE
TXN_100259,ACC_00198,ACC_00127,3846.05,IMPS,2026-06-05T19:19:02.716490,SUCCESS,Invoice settlement,False,NONE
TXN_100260,ACC_00096,ACC_00197,29610.03,NEFT,2026-06-09T02:19:02.716490,SUCCESS,Utility bill,False,NONE
TXN_100261,ACC_00245,ACC_00143,3644.22,UPI,2026-06-17T02:19:02.716490,SUCCESS,Invoice settlement,False,NONE
TXN_100262,ACC_00173,ACC_00170,6937.11,NEFT,2026-05-31T22:19:02.716490,SUCCESS,Utility bill,False,NONE
TXN_100263,ACC_00143,ACC_00133,29379.22,UPI,2026-06-17T15:19:02.716490,SUCCESS,Grocery,False,NONE
TXN_100264,ACC_00097,ACC_00247,12360.8,IMPS,2026-06-17T03:19:02.716490,SUCCESS,Rent payment,False,NONE
TXN_100265,ACC_00217,ACC_00091,29507.5,NEFT,2026-06-26T06:19:02.716490,SUCCESS,Peer transfer,False,NONE
TXN_100266,ACC_00251,ACC_00297,32804.47,NEFT,2026-06-17T21:19:02.716490,SUCCESS,Invoice settlement,False,NONE
TXN_100267,ACC_00096,ACC_00177,31645.81,IMPS,2026-06-21T15:19:02.716490,SUCCESS,Peer transfer,False,NONE
TXN_100268,ACC_00208,ACC_00280,20216.25,UPI,2026-06-18T18:19:02.716490,SUCCESS,Utility bill,False,NONE
TXN_100269,ACC_00120,ACC_00118,34039.69,UPI,2026-06-24T20:19:02.716490,SUCCESS,Grocery,False,NONE
TXN_100270,ACC_00184,ACC_00096,34595.66,IMPS,2026-06-12T20:19:02.716490,SUCCESS,Rent payment,False,NONE
TXN_100271,ACC_00289,ACC_00228,9397.08,UPI,2026-06-29T13:19:02.716490,SUCCESS,Grocery,False,NONE
TXN_100272,ACC_00175,ACC_00218,14208.75,IMPS,2026-06-09T22:19:02.716490,SUCCESS,Utility bill,False,NONE
TXN_100273,ACC_00299,ACC_00079,27636.0,IMPS,2026-06-19T08:19:02.716490,SUCCESS,Utility bill,False,NONE
TXN_100274,ACC_00104,ACC_00182,5662.66,IMPS,2026-06-18T08:19:02.716490,SUCCESS,Grocery,False,NONE
TXN_100275,ACC_00103,ACC_00220,27394.29,IMPS,2026-06-24T23:19:02.716490,SUCCESS,Invoice settlement,False,NONE
TXN_100276,ACC_00300,ACC_00181,9612.71,IMPS,2026-06-20T05:19:02.716490,SUCCESS,Peer transfer,False,NONE
TXN_100277,ACC_00197,ACC_00085,6440.89,IMPS,2026-06-11T18:19:02.716490,SUCCESS,Peer transfer,False,NONE
TXN_100278,ACC_00250,ACC_00253,14359.34,IMPS,2026-06-12T00:19:02.716490,SUCCESS,Rent payment,False,NONE
TXN_100279,ACC_00088,ACC_00266,16895.03,UPI,2026-06-08T01:19:02.716490,SUCCESS,Invoice settlement,False,NONE
TXN_100280,ACC_00285,ACC_00279,10955.4,IMPS,2026-06-08T05:19:02.716490,SUCCESS,Grocery,False,NONE
TXN_100281,ACC_00298,ACC_00134,5136.3,NEFT,2026-06-23T04:19:02.716490,SUCCESS,Invoice settlement,False,NONE
TXN_100282,ACC_00262,ACC_00182,21371.78,NEFT,2026-06-01T20:19:02.716490,SUCCESS,Rent payment,False,NONE
TXN_100283,ACC_00286,ACC_00180,26062.6,NEFT,2026-06-24T06:19:02.716490,SUCCESS,Grocery,False,NONE
TXN_100284,ACC_00207,ACC_00278,5984.55,IMPS,2026-06-09T12:19:02.716490,SUCCESS,Utility bill,False,NONE
TXN_100285,ACC_00110,ACC_00275,29869.69,UPI,2026-06-28T08:19:02.716490,SUCCESS,Rent payment,False,NONE
TXN_100286,ACC_00125,ACC_00300,29236.08,UPI,2026-06-25T15:19:02.716490,SUCCESS,Grocery,False,NONE
TXN_100287,ACC_00192,ACC_00088,32172.07,NEFT,2026-06-21T20:19:02.716490,SUCCESS,Invoice settlement,False,NONE
TXN_100288,ACC_00286,ACC_00194,17926.86,IMPS,2026-06-19T17:19:02.716490,SUCCESS,Grocery,False,NONE
TXN_100289,ACC_00137,ACC_00171,17363.14,NEFT,2026-06-13T19:19:02.716490,SUCCESS,Peer transfer,False,NONE
TXN_100290,ACC_00217,ACC_00165,12376.59,IMPS,2026-06-25T22:19:02.716490,SUCCESS,Grocery,False,NONE
TXN_100291,ACC_00148,ACC_00083,13836.52,UPI,2026-06-05T08:19:02.716490,SUCCESS,Rent payment,False,NONE
TXN_100292,ACC_00241,ACC_00133,23880.49,NEFT,2026-06-08T10:19:02.716490,SUCCESS,Peer transfer,False,NONE
TXN_100293,ACC_00081,ACC_00297,27420.48,UPI,2026-06-24T11:19:02.716490,SUCCESS,Utility bill,False,NONE
TXN_100294,ACC_00109,ACC_00241,6475.42,UPI,2026-06-24T14:19:02.716490,SUCCESS,Invoice settlement,False,NONE
TXN_100295,ACC_00231,ACC_00282,33033.67,IMPS,2026-06-22T12:19:02.716490,SUCCESS,Invoice settlement,False,NONE
TXN_100296,ACC_00184,ACC_00172,29879.72,UPI,2026-06-13T22:19:02.716490,SUCCESS,Utility bill,False,NONE
TXN_100297,ACC_00153,ACC_00249,18462.01,IMPS,2026-06-19T02:19:02.716490,SUCCESS,Grocery,False,NONE
TXN_100298,ACC_00077,ACC_00206,34980.31,IMPS,2026-06-26T01:19:02.716490,SUCCESS,Peer transfer,False,NONE
TXN_100299,ACC_00231,ACC_00148,10797.42,UPI,2026-06-03T05:19:02.716490,SUCCESS,Invoice settlement,False,NONE
TXN_100300,ACC_00146,ACC_00239,11717.23,IMPS,2026-06-07T22:19:02.716490,SUCCESS,Invoice settlement,False,NONE
TXN_100301,ACC_00124,ACC_00114,18346.63,IMPS,2026-06-06T15:19:02.716490,SUCCESS,Utility bill,False,NONE
TXN_100302,ACC_00245,ACC_00157,23986.07,IMPS,2026-06-22T14:19:02.716490,SUCCESS,Utility bill,False,NONE
TXN_100303,ACC_00151,ACC_00142,31788.45,IMPS,2026-06-12T02:19:02.716490,SUCCESS,Grocery,False,NONE
TXN_100304,ACC_00225,ACC_00257,34819.0,NEFT,2026-06-25T20:19:02.716490,SUCCESS,Rent payment,False,NONE
TXN_100305,ACC_00251,ACC_00212,22521.82,NEFT,2026-06-15T11:19:02.716490,SUCCESS,Peer transfer,False,NONE
TXN_100306,ACC_00152,ACC_00292,6364.54,UPI,2026-06-21T07:19:02.716490,SUCCESS,Invoice settlement,False,NONE
TXN_100307,ACC_00100,ACC_00196,4914.07,IMPS,2026-06-08T13:19:02.716490,SUCCESS,Rent payment,False,NONE
TXN_100308,ACC_00250,ACC_00161,23078.0,UPI,2026-06-07T01:19:02.716490,SUCCESS,Invoice settlement,False,NONE
TXN_100309,ACC_00183,ACC_00277,31096.1,IMPS,2026-06-10T22:19:02.716490,SUCCESS,Invoice settlement,False,NONE
TXN_100310,ACC_00194,ACC_00293,4563.46,IMPS,2026-06-01T10:19:02.716490,SUCCESS,Peer transfer,False,NONE
TXN_100311,ACC_00234,ACC_00094,16791.58,UPI,2026-06-06T06:19:02.716490,SUCCESS,Utility bill,False,NONE
TXN_100312,ACC_00211,ACC_00152,14752.2,UPI,2026-06-26T18:19:02.716490,SUCCESS,Rent payment,False,NONE
TXN_100313,ACC_00163,ACC_00180,34558.11,UPI,2026-06-28T04:19:02.716490,SUCCESS,Invoice settlement,False,NONE
TXN_100314,ACC_00296,ACC_00259,6722.31,NEFT,2026-06-02T05:19:02.716490,SUCCESS,Rent payment,False,NONE
TXN_100315,ACC_00156,ACC_00238,2501.47,UPI,2026-06-13T22:19:02.716490,SUCCESS,Rent payment,False,NONE
TXN_100316,ACC_00223,ACC_00271,5966.01,UPI,2026-06-24T16:19:02.716490,SUCCESS,Peer transfer,False,NONE
TXN_100317,ACC_00187,ACC_00238,15314.64,NEFT,2026-06-13T05:19:02.716490,SUCCESS,Grocery,False,NONE
TXN_100318,ACC_00085,ACC_00212,7379.79,NEFT,2026-06-10T14:19:02.716490,SUCCESS,Peer transfer,False,NONE
TXN_100319,ACC_00124,ACC_00080,23847.81,UPI,2026-06-20T13:19:02.716490,SUCCESS,Rent payment,False,NONE
TXN_100320,ACC_00253,ACC_00300,12380.07,NEFT,2026-06-03T17:19:02.716490,SUCCESS,Peer transfer,False,NONE
TXN_100321,ACC_00226,ACC_00154,6262.2,NEFT,2026-06-25T15:19:02.716490,SUCCESS,Invoice settlement,False,NONE
TXN_100322,ACC_00192,ACC_00262,18449.95,NEFT,2026-06-16T00:19:02.716490,SUCCESS,Rent payment,False,NONE
TXN_100323,ACC_00163,ACC_00201,12894.16,NEFT,2026-06-05T19:19:02.716490,SUCCESS,Grocery,False,NONE
TXN_100324,ACC_00134,ACC_00133,25587.32,IMPS,2026-06-03T20:19:02.716490,SUCCESS,Grocery,False,NONE
TXN_100325,ACC_00226,ACC_00205,6329.97,IMPS,2026-06-11T12:19:02.716490,SUCCESS,Grocery,False,NONE
TXN_100326,ACC_00172,ACC_00300,22591.08,IMPS,2026-06-24T07:19:02.716490,SUCCESS,Grocery,False,NONE
TXN_100327,ACC_00228,ACC_00088,23337.96,UPI,2026-06-19T14:19:02.716490,SUCCESS,Grocery,False,NONE
TXN_100328,ACC_00182,ACC_00189,13618.75,NEFT,2026-06-16T22:19:02.716490,SUCCESS,Rent payment,False,NONE
TXN_100329,ACC_00128,ACC_00253,24158.03,NEFT,2026-05-30T23:19:02.716490,SUCCESS,Grocery,False,NONE
TXN_100330,ACC_00245,ACC_00209,9814.21,UPI,2026-06-19T12:19:02.716490,SUCCESS,Utility bill,False,NONE
TXN_100331,ACC_00288,ACC_00102,18149.68,NEFT,2026-06-18T17:19:02.716490,SUCCESS,Grocery,False,NONE
TXN_100332,ACC_00276,ACC_00103,17672.0,NEFT,2026-06-18T20:19:02.716490,SUCCESS,Peer transfer,False,NONE
TXN_100333,ACC_00127,ACC_00167,24768.57,UPI,2026-06-08T19:19:02.716490,SUCCESS,Peer transfer,False,NONE
TXN_100334,ACC_00203,ACC_00129,24243.04,UPI,2026-06-15T00:19:02.716490,SUCCESS,Grocery,False,NONE
TXN_100335,ACC_00079,ACC_00247,3570.6,IMPS,2026-06-03T08:19:02.716490,SUCCESS,Utility bill,False,NONE
TXN_100336,ACC_00114,ACC_00099,27393.65,IMPS,2026-06-02T13:19:02.716490,SUCCESS,Grocery,False,NONE
TXN_100337,ACC_00141,ACC_00240,8475.03,NEFT,2026-06-08T22:19:02.716490,SUCCESS,Grocery,False,NONE
TXN_100338,ACC_00101,ACC_00284,6527.21,NEFT,2026-05-31T23:19:02.716490,SUCCESS,Invoice settlement,False,NONE
TXN_100339,ACC_00185,ACC_00265,4498.59,UPI,2026-06-26T15:19:02.716490,SUCCESS,Rent payment,False,NONE
TXN_100340,ACC_00245,ACC_00241,6382.67,IMPS,2026-06-11T04:19:02.716490,SUCCESS,Invoice settlement,False,NONE
TXN_100341,ACC_00300,ACC_00263,3706.82,UPI,2026-06-26T00:19:02.716490,SUCCESS,Grocery,False,NONE
TXN_100342,ACC_00192,ACC_00145,29331.94,NEFT,2026-06-22T05:19:02.716490,SUCCESS,Rent payment,False,NONE
TXN_100343,ACC_00104,ACC_00109,24517.86,UPI,2026-05-31T19:19:02.716490,SUCCESS,Utility bill,False,NONE
TXN_100344,ACC_00227,ACC_00199,28178.14,UPI,2026-06-21T04:19:02.716490,SUCCESS,Peer transfer,False,NONE
TXN_100345,ACC_00173,ACC_00275,12871.66,IMPS,2026-05-31T11:19:02.716490,SUCCESS,Rent payment,False,NONE
TXN_100346,ACC_00199,ACC_00200,4396.34,UPI,2026-06-13T04:19:02.716490,SUCCESS,Grocery,False,NONE
TXN_100347,ACC_00142,ACC_00243,11341.21,IMPS,2026-06-22T11:19:02.716490,SUCCESS,Peer transfer,False,NONE
TXN_100348,ACC_00261,ACC_00220,8227.48,IMPS,2026-06-21T00:19:02.716490,SUCCESS,Peer transfer,False,NONE
TXN_100349,ACC_00252,ACC_00255,21829.25,IMPS,2026-06-13T11:19:02.716490,SUCCESS,Rent payment,False,NONE
TXN_100350,ACC_00199,ACC_00164,23398.02,UPI,2026-06-20T02:19:02.716490,SUCCESS,Peer transfer,False,NONE
TXN_100351,ACC_00232,ACC_00089,901.75,IMPS,2026-06-28T19:19:02.716490,SUCCESS,Utility bill,False,NONE
TXN_100352,ACC_00294,ACC_00202,30494.84,NEFT,2026-06-02T05:19:02.716490,SUCCESS,Rent payment,False,NONE
TXN_100353,ACC_00160,ACC_00147,2237.1,IMPS,2026-06-07T07:19:02.716490,SUCCESS,Utility bill,False,NONE
TXN_100354,ACC_00179,ACC_00285,8607.5,IMPS,2026-06-14T04:19:02.716490,SUCCESS,Utility bill,False,NONE
TXN_100355,ACC_00098,ACC_00295,17696.74,NEFT,2026-06-09T17:19:02.716490,SUCCESS,Grocery,False,NONE
TXN_100356,ACC_00102,ACC_00179,14725.68,UPI,2026-06-17T07:19:02.716490,SUCCESS,Grocery,False,NONE
TXN_100357,ACC_00278,ACC_00230,33729.41,IMPS,2026-06-19T23:19:02.716490,SUCCESS,Peer transfer,False,NONE
TXN_100358,ACC_00128,ACC_00243,23665.87,UPI,2026-06-10T01:19:02.716490,SUCCESS,Rent payment,False,NONE
TXN_100359,ACC_00292,ACC_00192,11953.06,IMPS,2026-06-24T09:19:02.716490,SUCCESS,Utility bill,False,NONE
TXN_100360,ACC_00259,ACC_00244,13033.66,UPI,2026-06-13T17:19:02.716490,SUCCESS,Rent payment,False,NONE
TXN_100361,ACC_00076,ACC_00163,12752.29,IMPS,2026-06-19T23:19:02.716490,SUCCESS,Peer transfer,False,NONE
TXN_100362,ACC_00171,ACC_00255,4168.12,NEFT,2026-06-27T19:19:02.716490,SUCCESS,Rent payment,False,NONE
TXN_100363,ACC_00286,ACC_00259,26116.63,NEFT,2026-06-12T17:19:02.716490,SUCCESS,Peer transfer,False,NONE
TXN_100364,ACC_00126,ACC_00124,4665.73,UPI,2026-06-27T02:19:02.716490,SUCCESS,Utility bill,False,NONE
TXN_100365,ACC_00287,ACC_00276,7074.97,NEFT,2026-06-09T17:19:02.716490,SUCCESS,Grocery,False,NONE
TXN_100366,ACC_00238,ACC_00290,23688.89,NEFT,2026-06-03T04:19:02.716490,SUCCESS,Peer transfer,False,NONE
TXN_100367,ACC_00205,ACC_00110,33752.99,IMPS,2026-05-31T06:19:02.716490,SUCCESS,Grocery,False,NONE
TXN_100368,ACC_00217,ACC_00186,29439.16,UPI,2026-06-15T06:19:02.716490,SUCCESS,Peer transfer,False,NONE
TXN_100369,ACC_00120,ACC_00263,28625.92,IMPS,2026-06-03T02:19:02.716490,SUCCESS,Peer transfer,False,NONE
TXN_100370,ACC_00231,ACC_00158,17891.8,IMPS,2026-06-12T03:19:02.716490,SUCCESS,Rent payment,False,NONE
TXN_100371,ACC_00146,ACC_00177,33743.98,UPI,2026-06-09T04:19:02.716490,SUCCESS,Rent payment,False,NONE
TXN_100372,ACC_00181,ACC_00230,24650.49,NEFT,2026-06-23T06:19:02.716490,SUCCESS,Peer transfer,False,NONE
TXN_100373,ACC_00296,ACC_00156,25059.67,IMPS,2026-06-29T07:19:02.716490,SUCCESS,Rent payment,False,NONE
TXN_100374,ACC_00127,ACC_00129,22033.78,NEFT,2026-06-09T11:19:02.716490,SUCCESS,Rent payment,False,NONE
TXN_100375,ACC_00257,ACC_00242,34143.69,IMPS,2026-06-05T06:19:02.716490,SUCCESS,Invoice settlement,False,NONE
TXN_100376,ACC_00257,ACC_00105,26746.74,IMPS,2026-06-17T05:19:02.716490,SUCCESS,Peer transfer,False,NONE
TXN_100377,ACC_00246,ACC_00257,14902.99,NEFT,2026-06-23T07:19:02.716490,SUCCESS,Utility bill,False,NONE
TXN_100378,ACC_00282,ACC_00079,18534.18,UPI,2026-05-31T02:19:02.716490,SUCCESS,Grocery,False,NONE
TXN_100379,ACC_00247,ACC_00090,7396.63,NEFT,2026-06-23T19:19:02.716490,SUCCESS,Invoice settlement,False,NONE
TXN_100380,ACC_00113,ACC_00290,2640.13,UPI,2026-06-24T23:19:02.716490,SUCCESS,Peer transfer,False,NONE
TXN_100381,ACC_00084,ACC_00167,28583.9,IMPS,2026-06-03T09:19:02.716490,SUCCESS,Peer transfer,False,NONE
TXN_100382,ACC_00297,ACC_00133,26113.24,UPI,2026-06-17T02:19:02.716490,SUCCESS,Peer transfer,False,NONE
TXN_100383,ACC_00276,ACC_00279,28059.35,IMPS,2026-06-09T12:19:02.716490,SUCCESS,Grocery,False,NONE
TXN_100384,ACC_00173,ACC_00175,14871.54,NEFT,2026-06-25T11:19:02.716490,SUCCESS,Peer transfer,False,NONE
TXN_100385,ACC_00089,ACC_00079,26156.61,NEFT,2026-06-06T09:19:02.716490,SUCCESS,Rent payment,False,NONE
TXN_100386,ACC_00238,ACC_00256,24979.32,IMPS,2026-06-11T08:19:02.716490,SUCCESS,Peer transfer,False,NONE
TXN_100387,ACC_00126,ACC_00274,25509.55,NEFT,2026-06-05T23:19:02.716490,SUCCESS,Rent payment,False,NONE
TXN_100388,ACC_00250,ACC_00095,6950.69,IMPS,2026-06-05T13:19:02.716490,SUCCESS,Grocery,False,NONE
TXN_100389,ACC_00172,ACC_00086,15283.52,UPI,2026-06-16T22:19:02.716490,SUCCESS,Rent payment,False,NONE
TXN_100390,ACC_00225,ACC_00292,9298.06,IMPS,2026-06-10T04:19:02.716490,SUCCESS,Rent payment,False,NONE
TXN_100391,ACC_00086,ACC_00115,32537.67,IMPS,2026-06-18T15:19:02.716490,SUCCESS,Peer transfer,False,NONE
TXN_100392,ACC_00291,ACC_00245,10889.84,IMPS,2026-06-25T08:19:02.716490,SUCCESS,Invoice settlement,False,NONE
TXN_100393,ACC_00094,ACC_00276,24915.01,UPI,2026-06-15T21:19:02.716490,SUCCESS,Peer transfer,False,NONE
TXN_100394,ACC_00093,ACC_00277,17927.34,IMPS,2026-06-13T07:19:02.716490,SUCCESS,Utility bill,False,NONE
TXN_100395,ACC_00099,ACC_00165,8131.33,NEFT,2026-06-06T11:19:02.716490,SUCCESS,Invoice settlement,False,NONE
TXN_100396,ACC_00168,ACC_00151,8036.36,IMPS,2026-06-24T09:19:02.716490,SUCCESS,Utility bill,False,NONE
TXN_100397,ACC_00219,ACC_00286,26448.61,UPI,2026-06-19T14:19:02.716490,SUCCESS,Invoice settlement,False,NONE
TXN_100398,ACC_00190,ACC_00137,31705.13,UPI,2026-06-19T09:19:02.716490,SUCCESS,Grocery,False,NONE
TXN_100399,ACC_00250,ACC_00158,13657.35,NEFT,2026-06-24T17:19:02.716490,SUCCESS,Invoice settlement,False,NONE
TXN_100400,ACC_00214,ACC_00261,10257.6,NEFT,2026-06-29T06:19:02.716490,SUCCESS,Peer transfer,False,NONE
TXN_100401,ACC_00281,ACC_00206,15871.71,IMPS,2026-05-31T23:19:02.716490,SUCCESS,Rent payment,False,NONE
TXN_100402,ACC_00158,ACC_00207,3340.92,IMPS,2026-06-02T19:19:02.716490,SUCCESS,Peer transfer,False,NONE
TXN_100403,ACC_00077,ACC_00236,2758.78,UPI,2026-06-21T10:19:02.716490,SUCCESS,Utility bill,False,NONE
TXN_100404,ACC_00289,ACC_00102,7592.5,IMPS,2026-06-26T12:19:02.716490,SUCCESS,Utility bill,False,NONE
TXN_100405,ACC_00241,ACC_00285,32921.41,UPI,2026-06-23T11:19:02.716490,SUCCESS,Grocery,False,NONE
TXN_100406,ACC_00193,ACC_00259,11944.18,UPI,2026-06-01T16:19:02.716490,SUCCESS,Rent payment,False,NONE
TXN_100407,ACC_00279,ACC_00140,19753.91,NEFT,2026-06-17T21:19:02.716490,SUCCESS,Utility bill,False,NONE
TXN_100408,ACC_00175,ACC_00191,22242.5,UPI,2026-06-13T00:19:02.716490,SUCCESS,Utility bill,False,NONE
TXN_100409,ACC_00248,ACC_00106,18951.79,IMPS,2026-06-20T13:19:02.716490,SUCCESS,Grocery,False,NONE
TXN_100410,ACC_00269,ACC_00266,20703.48,NEFT,2026-06-21T16:19:02.716490,SUCCESS,Peer transfer,False,NONE
TXN_100411,ACC_00103,ACC_00150,27647.77,UPI,2026-06-09T09:19:02.716490,SUCCESS,Invoice settlement,False,NONE
TXN_100412,ACC_00271,ACC_00188,13658.77,UPI,2026-06-26T11:19:02.716490,SUCCESS,Utility bill,False,NONE
TXN_100413,ACC_00116,ACC_00212,8085.37,IMPS,2026-06-23T02:19:02.716490,SUCCESS,Invoice settlement,False,NONE
TXN_100414,ACC_00238,ACC_00112,10782.95,IMPS,2026-06-28T13:19:02.716490,SUCCESS,Invoice settlement,False,NONE
TXN_100415,ACC_00078,ACC_00217,30679.46,UPI,2026-06-03T17:19:02.716490,SUCCESS,Grocery,False,NONE
TXN_100416,ACC_00222,ACC_00228,14095.82,NEFT,2026-06-16T16:19:02.716490,SUCCESS,Rent payment,False,NONE
TXN_100417,ACC_00267,ACC_00265,31672.35,NEFT,2026-06-10T20:19:02.716490,SUCCESS,Peer transfer,False,NONE
TXN_100418,ACC_00112,ACC_00117,6847.75,UPI,2026-06-18T22:19:02.716490,SUCCESS,Grocery,False,NONE
TXN_100419,ACC_00122,ACC_00247,28088.27,IMPS,2026-06-26T15:19:02.716490,SUCCESS,Utility bill,False,NONE
TXN_100420,ACC_00241,ACC_00216,3023.49,NEFT,2026-06-20T16:19:02.716490,SUCCESS,Grocery,False,NONE
TXN_100421,ACC_00126,ACC_00261,20530.55,UPI,2026-06-10T01:19:02.716490,SUCCESS,Rent payment,False,NONE
TXN_100422,ACC_00101,ACC_00148,21873.29,NEFT,2026-06-27T20:19:02.716490,SUCCESS,Utility bill,False,NONE
TXN_100423,ACC_00191,ACC_00160,21763.81,IMPS,2026-06-09T12:19:02.716490,SUCCESS,Rent payment,False,NONE
TXN_100424,ACC_00220,ACC_00221,13075.02,UPI,2026-06-10T03:19:02.716490,SUCCESS,Grocery,False,NONE
TXN_100425,ACC_00156,ACC_00139,27605.27,IMPS,2026-06-22T13:19:02.716490,SUCCESS,Utility bill,False,NONE
TXN_100426,ACC_00146,ACC_00291,12902.27,NEFT,2026-06-21T13:19:02.716490,SUCCESS,Utility bill,False,NONE
TXN_100427,ACC_00194,ACC_00190,12876.59,IMPS,2026-06-09T05:19:02.716490,SUCCESS,Grocery,False,NONE
TXN_100428,ACC_00120,ACC_00241,21428.65,UPI,2026-06-25T22:19:02.716490,SUCCESS,Peer transfer,False,NONE
TXN_100429,ACC_00126,ACC_00143,25807.29,IMPS,2026-06-19T16:19:02.716490,SUCCESS,Grocery,False,NONE
TXN_100430,ACC_00080,ACC_00293,17997.65,IMPS,2026-05-31T08:19:02.716490,SUCCESS,Utility bill,False,NONE
TXN_100431,ACC_00272,ACC_00227,7840.24,NEFT,2026-06-01T07:19:02.716490,SUCCESS,Peer transfer,False,NONE
TXN_100432,ACC_00214,ACC_00196,23059.83,NEFT,2026-06-04T01:19:02.716490,SUCCESS,Rent payment,False,NONE
TXN_100433,ACC_00273,ACC_00226,25796.33,NEFT,2026-06-08T18:19:02.716490,SUCCESS,Peer transfer,False,NONE
TXN_100434,ACC_00206,ACC_00099,14189.09,IMPS,2026-06-15T14:19:02.716490,SUCCESS,Rent payment,False,NONE
TXN_100435,ACC_00293,ACC_00282,34373.94,IMPS,2026-06-20T19:19:02.716490,SUCCESS,Rent payment,False,NONE
TXN_100436,ACC_00190,ACC_00116,6680.51,UPI,2026-06-18T11:19:02.716490,SUCCESS,Utility bill,False,NONE
TXN_100437,ACC_00167,ACC_00086,8049.26,UPI,2026-06-14T21:19:02.716490,SUCCESS,Invoice settlement,False,NONE
TXN_100438,ACC_00170,ACC_00135,1976.89,NEFT,2026-06-06T06:19:02.716490,SUCCESS,Utility bill,False,NONE
TXN_100439,ACC_00196,ACC_00192,30913.54,NEFT,2026-06-01T10:19:02.716490,SUCCESS,Grocery,False,NONE
TXN_100440,ACC_00256,ACC_00209,22358.06,NEFT,2026-06-08T13:19:02.716490,SUCCESS,Peer transfer,False,NONE
TXN_100441,ACC_00215,ACC_00221,6497.82,NEFT,2026-06-20T02:19:02.716490,SUCCESS,Peer transfer,False,NONE
TXN_100442,ACC_00243,ACC_00289,3185.39,UPI,2026-06-08T02:19:02.716490,SUCCESS,Peer transfer,False,NONE
TXN_100443,ACC_00179,ACC_00166,28694.67,NEFT,2026-06-11T05:19:02.716490,SUCCESS,Peer transfer,False,NONE
TXN_100444,ACC_00077,ACC_00204,30930.18,UPI,2026-06-13T19:19:02.716490,SUCCESS,Grocery,False,NONE
TXN_100445,ACC_00207,ACC_00240,10187.93,UPI,2026-06-03T19:19:02.716490,SUCCESS,Invoice settlement,False,NONE
TXN_100446,ACC_00230,ACC_00259,28684.95,NEFT,2026-06-20T21:19:02.716490,SUCCESS,Invoice settlement,False,NONE
TXN_100447,ACC_00260,ACC_00105,17112.32,UPI,2026-06-15T05:19:02.716490,SUCCESS,Peer transfer,False,NONE
TXN_100448,ACC_00117,ACC_00241,29251.09,UPI,2026-05-30T21:19:02.716490,SUCCESS,Rent payment,False,NONE
TXN_100449,ACC_00222,ACC_00227,6058.96,UPI,2026-06-20T06:19:02.716490,SUCCESS,Peer transfer,False,NONE
TXN_100450,ACC_00113,ACC_00090,6238.78,IMPS,2026-06-28T19:19:02.716490,SUCCESS,Utility bill,False,NONE
TXN_100451,ACC_00229,ACC_00220,22497.98,IMPS,2026-06-28T13:19:02.716490,SUCCESS,Invoice settlement,False,NONE
TXN_100452,ACC_00097,ACC_00131,15997.52,UPI,2026-06-15T05:19:02.716490,SUCCESS,Rent payment,False,NONE
TXN_100453,ACC_00288,ACC_00181,21228.94,UPI,2026-06-25T08:19:02.716490,SUCCESS,Peer transfer,False,NONE
TXN_100454,ACC_00244,ACC_00206,9625.96,NEFT,2026-06-23T11:19:02.716490,SUCCESS,Utility bill,False,NONE
TXN_100455,ACC_00228,ACC_00227,2875.08,UPI,2026-06-12T02:19:02.716490,SUCCESS,Grocery,False,NONE
TXN_100456,ACC_00080,ACC_00127,18533.54,IMPS,2026-06-29T06:19:02.716490,SUCCESS,Utility bill,False,NONE
TXN_100457,ACC_00287,ACC_00114,21390.13,IMPS,2026-06-05T05:19:02.716490,SUCCESS,Peer transfer,False,NONE
TXN_100458,ACC_00085,ACC_00300,27543.45,UPI,2026-06-15T17:19:02.716490,SUCCESS,Utility bill,False,NONE
TXN_100459,ACC_00244,ACC_00109,31618.47,IMPS,2026-06-16T14:19:02.716490,SUCCESS,Utility bill,False,NONE
TXN_100460,ACC_00209,ACC_00183,13278.02,IMPS,2026-06-01T12:19:02.716490,SUCCESS,Utility bill,False,NONE
TXN_100461,ACC_00134,ACC_00281,17133.26,NEFT,2026-06-24T02:19:02.716490,SUCCESS,Peer transfer,False,NONE
TXN_100462,ACC_00281,ACC_00265,31821.13,IMPS,2026-06-26T12:19:02.716490,SUCCESS,Grocery,False,NONE
TXN_100463,ACC_00184,ACC_00110,9280.87,UPI,2026-06-23T21:19:02.716490,SUCCESS,Invoice settlement,False,NONE
TXN_100464,ACC_00229,ACC_00300,19258.72,UPI,2026-06-07T20:19:02.716490,SUCCESS,Grocery,False,NONE
TXN_100465,ACC_00223,ACC_00209,4565.09,IMPS,2026-05-31T02:19:02.716490,SUCCESS,Rent payment,False,NONE
TXN_100466,ACC_00252,ACC_00281,11398.61,UPI,2026-06-10T17:19:02.716490,SUCCESS,Utility bill,False,NONE
TXN_100467,ACC_00242,ACC_00225,9250.33,NEFT,2026-06-27T07:19:02.716490,SUCCESS,Peer transfer,False,NONE
TXN_100468,ACC_00169,ACC_00232,10006.84,UPI,2026-06-21T02:19:02.716490,SUCCESS,Utility bill,False,NONE
TXN_100469,ACC_00217,ACC_00276,19735.91,IMPS,2026-06-05T01:19:02.716490,SUCCESS,Peer transfer,False,NONE
TXN_100470,ACC_00199,ACC_00140,34603.54,IMPS,2026-06-18T01:19:02.716490,SUCCESS,Utility bill,False,NONE
TXN_100471,ACC_00264,ACC_00111,29997.46,IMPS,2026-06-20T17:19:02.716490,SUCCESS,Rent payment,False,NONE
TXN_100472,ACC_00190,ACC_00276,24626.24,UPI,2026-06-04T17:19:02.716490,SUCCESS,Peer transfer,False,NONE
TXN_100473,ACC_00178,ACC_00277,12176.11,IMPS,2026-06-17T09:19:02.716490,SUCCESS,Grocery,False,NONE
TXN_100474,ACC_00117,ACC_00175,33777.67,UPI,2026-05-30T16:19:02.716490,SUCCESS,Utility bill,False,NONE
TXN_100475,ACC_00229,ACC_00187,3540.85,NEFT,2026-06-07T21:19:02.716490,SUCCESS,Grocery,False,NONE
TXN_100476,ACC_00231,ACC_00085,25495.07,IMPS,2026-06-29T02:19:02.716490,SUCCESS,Peer transfer,False,NONE
TXN_100477,ACC_00149,ACC_00258,33741.78,IMPS,2026-05-31T19:19:02.716490,SUCCESS,Utility bill,False,NONE
TXN_100478,ACC_00188,ACC_00078,7458.9,NEFT,2026-06-21T06:19:02.716490,SUCCESS,Rent payment,False,NONE
TXN_100479,ACC_00084,ACC_00276,21183.26,UPI,2026-06-16T12:19:02.716490,SUCCESS,Peer transfer,False,NONE
TXN_100480,ACC_00119,ACC_00248,1744.11,UPI,2026-06-07T10:19:02.716490,SUCCESS,Rent payment,False,NONE
TXN_100481,ACC_00098,ACC_00146,27398.71,NEFT,2026-06-11T11:19:02.716490,SUCCESS,Utility bill,False,NONE
TXN_100482,ACC_00226,ACC_00127,18362.12,UPI,2026-06-23T12:19:02.716490,SUCCESS,Grocery,False,NONE
TXN_100483,ACC_00216,ACC_00148,25551.79,NEFT,2026-06-17T08:19:02.716490,SUCCESS,Invoice settlement,False,NONE
TXN_100484,ACC_00284,ACC_00146,8307.2,NEFT,2026-06-06T04:19:02.716490,SUCCESS,Peer transfer,False,NONE
TXN_100485,ACC_00077,ACC_00142,6538.7,IMPS,2026-06-15T17:19:02.716490,SUCCESS,Grocery,False,NONE
TXN_100486,ACC_00204,ACC_00151,12228.82,NEFT,2026-06-03T06:19:02.716490,SUCCESS,Peer transfer,False,NONE
TXN_100487,ACC_00284,ACC_00279,20333.84,NEFT,2026-06-22T04:19:02.716490,SUCCESS,Peer transfer,False,NONE
TXN_100488,ACC_00199,ACC_00273,8892.93,IMPS,2026-06-10T04:19:02.716490,SUCCESS,Utility bill,False,NONE
TXN_100489,ACC_00226,ACC_00296,1443.6,UPI,2026-06-02T22:19:02.716490,SUCCESS,Utility bill,False,NONE
TXN_100490,ACC_00238,ACC_00277,34799.83,UPI,2026-06-21T12:19:02.716490,SUCCESS,Invoice settlement,False,NONE
TXN_100491,ACC_00181,ACC_00166,18319.4,NEFT,2026-05-31T12:19:02.716490,SUCCESS,Rent payment,False,NONE
TXN_100492,ACC_00149,ACC_00099,14263.11,UPI,2026-06-23T00:19:02.716490,SUCCESS,Peer transfer,False,NONE
TXN_100493,ACC_00121,ACC_00197,11328.61,NEFT,2026-06-06T08:19:02.716490,SUCCESS,Rent payment,False,NONE
TXN_100494,ACC_00267,ACC_00250,32593.81,IMPS,2026-06-06T05:19:02.716490,SUCCESS,Rent payment,False,NONE
TXN_100495,ACC_00136,ACC_00264,8850.95,UPI,2026-06-07T20:19:02.716490,SUCCESS,Rent payment,False,NONE
TXN_100496,ACC_00289,ACC_00139,29353.55,UPI,2026-06-10T18:19:02.716490,SUCCESS,Grocery,False,NONE
TXN_100497,ACC_00096,ACC_00249,33474.4,UPI,2026-06-15T09:19:02.716490,SUCCESS,Peer transfer,False,NONE
TXN_100498,ACC_00086,ACC_00293,17139.08,NEFT,2026-06-19T00:19:02.716490,SUCCESS,Peer transfer,False,NONE
TXN_100499,ACC_00298,ACC_00146,17432.78,NEFT,2026-06-24T06:19:02.716490,SUCCESS,Utility bill,False,NONE
TXN_100500,ACC_00132,ACC_00268,20394.95,NEFT,2026-06-01T06:19:02.716490,SUCCESS,Utility bill,False,NONE
TXN_100501,ACC_00214,ACC_00084,17835.39,UPI,2026-06-12T11:19:02.716490,SUCCESS,Utility bill,False,NONE
TXN_100502,ACC_00106,ACC_00254,18378.08,UPI,2026-06-10T12:19:02.716490,SUCCESS,Grocery,False,NONE
TXN_100503,ACC_00248,ACC_00129,13590.27,NEFT,2026-06-03T00:19:02.716490,SUCCESS,Peer transfer,False,NONE
TXN_100504,ACC_00296,ACC_00142,6956.76,NEFT,2026-06-07T21:19:02.716490,SUCCESS,Utility bill,False,NONE
TXN_100505,ACC_00232,ACC_00163,13124.38,UPI,2026-06-15T03:19:02.716490,SUCCESS,Utility bill,False,NONE
TXN_100506,ACC_00255,ACC_00268,13344.68,NEFT,2026-06-27T02:19:02.716490,SUCCESS,Utility bill,False,NONE
TXN_100507,ACC_00122,ACC_00222,5024.3,UPI,2026-06-18T11:19:02.716490,SUCCESS,Grocery,False,NONE
TXN_100508,ACC_00260,ACC_00145,28241.02,NEFT,2026-06-17T03:19:02.716490,SUCCESS,Rent payment,False,NONE
TXN_100509,ACC_00113,ACC_00280,33590.6,UPI,2026-06-04T05:19:02.716490,SUCCESS,Rent payment,False,NONE
TXN_100510,ACC_00183,ACC_00203,5139.27,IMPS,2026-06-28T10:19:02.716490,SUCCESS,Peer transfer,False,NONE
TXN_100511,ACC_00260,ACC_00156,27593.99,IMPS,2026-06-08T22:19:02.716490,SUCCESS,Peer transfer,False,NONE
TXN_100512,ACC_00088,ACC_00177,3914.63,UPI,2026-06-04T15:19:02.716490,SUCCESS,Invoice settlement,False,NONE
TXN_100513,ACC_00197,ACC_00290,22230.25,NEFT,2026-06-14T13:19:02.716490,SUCCESS,Invoice settlement,False,NONE
TXN_100514,ACC_00219,ACC_00218,32648.64,UPI,2026-06-08T01:19:02.716490,SUCCESS,Utility bill,False,NONE
TXN_100515,ACC_00107,ACC_00165,30424.22,IMPS,2026-06-18T20:19:02.716490,SUCCESS,Peer transfer,False,NONE
TXN_100516,ACC_00213,ACC_00120,34288.37,NEFT,2026-06-09T01:19:02.716490,SUCCESS,Peer transfer,False,NONE
TXN_100517,ACC_00200,ACC_00274,25910.15,NEFT,2026-06-27T16:19:02.716490,SUCCESS,Peer transfer,False,NONE
TXN_100518,ACC_00149,ACC_00194,22294.07,IMPS,2026-06-03T19:19:02.716490,SUCCESS,Invoice settlement,False,NONE
TXN_100519,ACC_00183,ACC_00237,21624.7,UPI,2026-06-11T16:19:02.716490,SUCCESS,Rent payment,False,NONE
TXN_100520,ACC_00163,ACC_00134,11315.13,IMPS,2026-06-19T23:19:02.716490,SUCCESS,Invoice settlement,False,NONE
TXN_100521,ACC_00230,ACC_00241,14143.21,NEFT,2026-06-28T04:19:02.716490,SUCCESS,Peer transfer,False,NONE
TXN_100522,ACC_00209,ACC_00191,14782.62,UPI,2026-06-04T14:19:02.716490,SUCCESS,Rent payment,False,NONE
TXN_100523,ACC_00245,ACC_00140,32945.09,UPI,2026-06-22T13:19:02.716490,SUCCESS,Rent payment,False,NONE
TXN_100524,ACC_00118,ACC_00177,4053.82,IMPS,2026-06-02T05:19:02.716490,SUCCESS,Grocery,False,NONE
TXN_100525,ACC_00082,ACC_00273,14196.93,UPI,2026-06-23T16:19:02.716490,SUCCESS,Invoice settlement,False,NONE
TXN_100526,ACC_00234,ACC_00115,3408.74,NEFT,2026-06-29T02:19:02.716490,SUCCESS,Rent payment,False,NONE
TXN_100527,ACC_00139,ACC_00264,10304.05,UPI,2026-06-19T18:19:02.716490,SUCCESS,Peer transfer,False,NONE
TXN_100528,ACC_00290,ACC_00119,1485.71,NEFT,2026-06-21T01:19:02.716490,SUCCESS,Utility bill,False,NONE
TXN_100529,ACC_00195,ACC_00298,19150.15,NEFT,2026-06-08T07:19:02.716490,SUCCESS,Rent payment,False,NONE
TXN_100530,ACC_00254,ACC_00214,6607.76,IMPS,2026-06-19T04:19:02.716490,SUCCESS,Peer transfer,False,NONE
TXN_100531,ACC_00187,ACC_00210,22572.63,NEFT,2026-06-16T23:19:02.716490,SUCCESS,Utility bill,False,NONE
TXN_100532,ACC_00214,ACC_00134,28262.42,NEFT,2026-06-13T23:19:02.716490,SUCCESS,Utility bill,False,NONE
TXN_100533,ACC_00142,ACC_00115,10973.27,UPI,2026-05-31T06:19:02.716490,SUCCESS,Invoice settlement,False,NONE
TXN_100534,ACC_00149,ACC_00196,18960.91,NEFT,2026-06-22T05:19:02.716490,SUCCESS,Invoice settlement,False,NONE
TXN_100535,ACC_00078,ACC_00272,15350.02,UPI,2026-06-09T09:19:02.716490,SUCCESS,Grocery,False,NONE
TXN_100536,ACC_00216,ACC_00171,7005.7,NEFT,2026-06-28T07:19:02.716490,SUCCESS,Utility bill,False,NONE
TXN_100537,ACC_00139,ACC_00117,25165.36,NEFT,2026-06-20T02:19:02.716490,SUCCESS,Rent payment,False,NONE
TXN_100538,ACC_00143,ACC_00096,15067.26,IMPS,2026-06-07T06:19:02.716490,SUCCESS,Invoice settlement,False,NONE
TXN_100539,ACC_00148,ACC_00242,26130.98,NEFT,2026-06-24T22:19:02.716490,SUCCESS,Rent payment,False,NONE
TXN_100540,ACC_00294,ACC_00093,6793.05,IMPS,2026-06-08T17:19:02.716490,SUCCESS,Utility bill,False,NONE
TXN_100541,ACC_00234,ACC_00191,9888.63,UPI,2026-06-19T05:19:02.716490,SUCCESS,Invoice settlement,False,NONE
TXN_100542,ACC_00080,ACC_00114,2212.31,UPI,2026-06-16T14:19:02.716490,SUCCESS,Grocery,False,NONE
TXN_100543,ACC_00148,ACC_00144,4813.85,UPI,2026-06-14T13:19:02.716490,SUCCESS,Rent payment,False,NONE
TXN_100544,ACC_00099,ACC_00114,1008.01,NEFT,2026-06-06T00:19:02.716490,SUCCESS,Invoice settlement,False,NONE
TXN_100545,ACC_00277,ACC_00280,17694.65,IMPS,2026-06-11T04:19:02.716490,SUCCESS,Grocery,False,NONE
TXN_100546,ACC_00160,ACC_00096,29602.35,NEFT,2026-06-03T15:19:02.716490,SUCCESS,Utility bill,False,NONE
TXN_100547,ACC_00094,ACC_00215,16720.06,NEFT,2026-06-05T22:19:02.716490,SUCCESS,Grocery,False,NONE
TXN_100548,ACC_00107,ACC_00272,25156.55,UPI,2026-06-12T04:19:02.716490,SUCCESS,Grocery,False,NONE
TXN_100549,ACC_00126,ACC_00193,25868.64,IMPS,2026-06-03T06:19:02.716490,SUCCESS,Rent payment,False,NONE
TXN_100550,ACC_00197,ACC_00175,24009.76,UPI,2026-06-09T00:19:02.716490,SUCCESS,Grocery,False,NONE
TXN_100551,ACC_00266,ACC_00216,18471.96,IMPS,2026-06-08T05:19:02.716490,SUCCESS,Invoice settlement,False,NONE
TXN_100552,ACC_00126,ACC_00168,31119.43,UPI,2026-06-27T11:19:02.716490,SUCCESS,Grocery,False,NONE
TXN_100553,ACC_00136,ACC_00238,15478.58,NEFT,2026-05-30T19:19:02.716490,SUCCESS,Peer transfer,False,NONE
TXN_100554,ACC_00106,ACC_00177,27725.46,IMPS,2026-05-30T15:19:02.716490,SUCCESS,Utility bill,False,NONE
TXN_100555,ACC_00252,ACC_00228,5847.22,UPI,2026-06-23T16:19:02.716490,SUCCESS,Rent payment,False,NONE
TXN_100556,ACC_00203,ACC_00099,24165.09,UPI,2026-06-10T10:19:02.716490,SUCCESS,Grocery,False,NONE
TXN_100557,ACC_00167,ACC_00241,5810.19,UPI,2026-06-16T17:19:02.716490,SUCCESS,Utility bill,False,NONE
TXN_100558,ACC_00135,ACC_00157,34367.81,NEFT,2026-06-25T10:19:02.716490,SUCCESS,Utility bill,False,NONE
TXN_100559,ACC_00263,ACC_00125,1236.67,IMPS,2026-06-12T01:19:02.716490,SUCCESS,Rent payment,False,NONE
TXN_100560,ACC_00140,ACC_00086,17242.92,NEFT,2026-06-14T07:19:02.716490,SUCCESS,Peer transfer,False,NONE
TXN_100561,ACC_00254,ACC_00201,7047.27,NEFT,2026-06-05T07:19:02.716490,SUCCESS,Invoice settlement,False,NONE
TXN_100562,ACC_00263,ACC_00195,9998.69,IMPS,2026-06-26T09:19:02.716490,SUCCESS,Rent payment,False,NONE
TXN_100563,ACC_00093,ACC_00211,5848.38,IMPS,2026-06-08T22:19:02.716490,SUCCESS,Invoice settlement,False,NONE
TXN_100564,ACC_00192,ACC_00076,27269.17,IMPS,2026-06-16T02:19:02.716490,SUCCESS,Rent payment,False,NONE
TXN_100565,ACC_00080,ACC_00234,30060.61,UPI,2026-06-24T09:19:02.716490,SUCCESS,Invoice settlement,False,NONE
TXN_100566,ACC_00260,ACC_00092,23210.98,UPI,2026-06-17T02:19:02.716490,SUCCESS,Peer transfer,False,NONE
TXN_100567,ACC_00250,ACC_00203,26917.83,NEFT,2026-06-04T09:19:02.716490,SUCCESS,Invoice settlement,False,NONE
TXN_100568,ACC_00180,ACC_00240,11609.83,IMPS,2026-06-03T06:19:02.716490,SUCCESS,Grocery,False,NONE
TXN_100569,ACC_00087,ACC_00289,32854.08,UPI,2026-06-04T15:19:02.716490,SUCCESS,Grocery,False,NONE
TXN_100570,ACC_00200,ACC_00125,3907.0,NEFT,2026-06-18T10:19:02.716490,SUCCESS,Utility bill,False,NONE
TXN_100571,ACC_00210,ACC_00235,24695.33,NEFT,2026-06-07T15:19:02.716490,SUCCESS,Rent payment,False,NONE
TXN_100572,ACC_00231,ACC_00259,2945.15,IMPS,2026-06-28T20:19:02.716490,SUCCESS,Utility bill,False,NONE
TXN_100573,ACC_00289,ACC_00096,16648.04,NEFT,2026-06-19T15:19:02.716490,SUCCESS,Peer transfer,False,NONE
TXN_100574,ACC_00266,ACC_00182,28859.91,UPI,2026-06-25T12:19:02.716490,SUCCESS,Peer transfer,False,NONE
TXN_100575,ACC_00144,ACC_00211,1902.53,UPI,2026-06-01T23:19:02.716490,SUCCESS,Rent payment,False,NONE
TXN_100576,ACC_00208,ACC_00100,3992.27,NEFT,2026-06-07T07:19:02.716490,SUCCESS,Rent payment,False,NONE
TXN_100577,ACC_00125,ACC_00210,23162.24,UPI,2026-06-18T10:19:02.716490,SUCCESS,Peer transfer,False,NONE
TXN_100578,ACC_00267,ACC_00218,14823.87,IMPS,2026-06-03T10:19:02.716490,SUCCESS,Invoice settlement,False,NONE
TXN_100579,ACC_00248,ACC_00193,24737.99,UPI,2026-06-12T17:19:02.716490,SUCCESS,Rent payment,False,NONE
TXN_100580,ACC_00216,ACC_00178,17911.9,IMPS,2026-06-20T19:19:02.716490,SUCCESS,Peer transfer,False,NONE
TXN_100581,ACC_00189,ACC_00166,31635.73,NEFT,2026-06-17T00:19:02.716490,SUCCESS,Utility bill,False,NONE
TXN_100582,ACC_00271,ACC_00238,15355.29,IMPS,2026-06-23T00:19:02.716490,SUCCESS,Rent payment,False,NONE
TXN_100583,ACC_00220,ACC_00215,7880.52,IMPS,2026-06-24T07:19:02.716490,SUCCESS,Invoice settlement,False,NONE
TXN_100584,ACC_00168,ACC_00191,15938.74,IMPS,2026-06-11T14:19:02.716490,SUCCESS,Grocery,False,NONE
TXN_100585,ACC_00148,ACC_00228,1062.43,UPI,2026-06-03T23:19:02.716490,SUCCESS,Invoice settlement,False,NONE
TXN_100586,ACC_00132,ACC_00130,30022.35,NEFT,2026-05-31T12:19:02.716490,SUCCESS,Peer transfer,False,NONE
TXN_100587,ACC_00206,ACC_00218,20188.05,UPI,2026-06-17T18:19:02.716490,SUCCESS,Grocery,False,NONE
TXN_100588,ACC_00193,ACC_00167,5885.7,IMPS,2026-06-08T01:19:02.716490,SUCCESS,Rent payment,False,NONE
TXN_100589,ACC_00135,ACC_00141,28482.06,NEFT,2026-06-02T08:19:02.716490,SUCCESS,Peer transfer,False,NONE
TXN_100590,ACC_00131,ACC_00263,3163.45,UPI,2026-06-10T05:19:02.716490,SUCCESS,Utility bill,False,NONE
TXN_100591,ACC_00287,ACC_00252,24748.25,IMPS,2026-06-25T17:19:02.716490,SUCCESS,Invoice settlement,False,NONE
TXN_100592,ACC_00085,ACC_00263,28387.77,UPI,2026-06-11T16:19:02.716490,SUCCESS,Invoice settlement,False,NONE
TXN_100593,ACC_00165,ACC_00285,15483.5,UPI,2026-06-28T17:19:02.716490,SUCCESS,Peer transfer,False,NONE
TXN_100594,ACC_00078,ACC_00238,27320.94,NEFT,2026-06-11T15:19:02.716490,SUCCESS,Peer transfer,False,NONE
TXN_100595,ACC_00086,ACC_00157,19127.58,IMPS,2026-06-04T00:19:02.716490,SUCCESS,Rent payment,False,NONE
TXN_100596,ACC_00115,ACC_00088,23740.42,IMPS,2026-06-12T04:19:02.716490,SUCCESS,Peer transfer,False,NONE
TXN_100597,ACC_00205,ACC_00099,8161.95,UPI,2026-06-09T02:19:02.716490,SUCCESS,Rent payment,False,NONE
TXN_100598,ACC_00162,ACC_00097,16916.99,IMPS,2026-06-22T15:19:02.716490,SUCCESS,Utility bill,False,NONE
TXN_100599,ACC_00143,ACC_00097,14249.18,UPI,2026-06-13T12:19:02.716490,SUCCESS,Rent payment,False,NONE
TXN_100600,ACC_00199,ACC_00219,7334.74,IMPS,2026-06-12T10:19:02.716490,SUCCESS,Rent payment,False,NONE
TXN_100601,ACC_00219,ACC_00233,34899.22,UPI,2026-06-15T21:19:02.716490,SUCCESS,Grocery,False,NONE
TXN_100602,ACC_00144,ACC_00274,15337.27,UPI,2026-06-21T08:19:02.716490,SUCCESS,Grocery,False,NONE
TXN_100603,ACC_00247,ACC_00181,15112.15,NEFT,2026-06-10T20:19:02.716490,SUCCESS,Invoice settlement,False,NONE
TXN_100604,ACC_00228,ACC_00243,1335.14,NEFT,2026-06-08T19:19:02.716490,SUCCESS,Peer transfer,False,NONE
TXN_100605,ACC_00286,ACC_00281,15756.25,UPI,2026-06-04T04:19:02.716490,SUCCESS,Rent payment,False,NONE
TXN_100606,ACC_00127,ACC_00251,13396.82,UPI,2026-06-24T13:19:02.716490,SUCCESS,Grocery,False,NONE
TXN_100607,ACC_00265,ACC_00089,8885.17,NEFT,2026-06-18T18:19:02.716490,SUCCESS,Grocery,False,NONE
TXN_100608,ACC_00163,ACC_00253,28247.69,NEFT,2026-06-09T04:19:02.716490,SUCCESS,Grocery,False,NONE
TXN_100609,ACC_00160,ACC_00129,26030.45,IMPS,2026-06-05T20:19:02.716490,SUCCESS,Peer transfer,False,NONE
TXN_100610,ACC_00268,ACC_00142,19433.6,UPI,2026-06-19T13:19:02.716490,SUCCESS,Grocery,False,NONE
TXN_100611,ACC_00172,ACC_00225,31758.39,NEFT,2026-06-15T15:19:02.716490,SUCCESS,Rent payment,False,NONE
TXN_100612,ACC_00091,ACC_00148,7424.01,NEFT,2026-06-22T09:19:02.716490,SUCCESS,Grocery,False,NONE
TXN_100613,ACC_00195,ACC_00243,33108.59,IMPS,2026-06-02T02:19:02.716490,SUCCESS,Invoice settlement,False,NONE
TXN_100614,ACC_00245,ACC_00294,31993.97,UPI,2026-06-10T17:19:02.716490,SUCCESS,Invoice settlement,False,NONE
TXN_100615,ACC_00298,ACC_00242,13835.05,IMPS,2026-06-12T06:19:02.716490,SUCCESS,Grocery,False,NONE
TXN_100616,ACC_00156,ACC_00200,30403.66,UPI,2026-06-16T16:19:02.716490,SUCCESS,Rent payment,False,NONE
TXN_100617,ACC_00204,ACC_00193,19843.72,UPI,2026-06-21T14:19:02.716490,SUCCESS,Rent payment,False,NONE
TXN_100618,ACC_00211,ACC_00154,12008.15,UPI,2026-06-12T13:19:02.716490,SUCCESS,Grocery,False,NONE
TXN_100619,ACC_00164,ACC_00251,12641.0,UPI,2026-06-19T23:19:02.716490,SUCCESS,Peer transfer,False,NONE
TXN_100620,ACC_00146,ACC_00283,2639.33,UPI,2026-06-08T02:19:02.716490,SUCCESS,Peer transfer,False,NONE
TXN_100621,ACC_00147,ACC_00133,5733.93,IMPS,2026-06-28T02:19:02.716490,SUCCESS,Rent payment,False,NONE
TXN_100622,ACC_00098,ACC_00262,13686.15,IMPS,2026-06-21T09:19:02.716490,SUCCESS,Rent payment,False,NONE
TXN_100623,ACC_00182,ACC_00137,20265.0,IMPS,2026-06-12T23:19:02.716490,SUCCESS,Invoice settlement,False,NONE
TXN_100624,ACC_00190,ACC_00214,5046.14,IMPS,2026-06-19T18:19:02.716490,SUCCESS,Peer transfer,False,NONE
TXN_100625,ACC_00251,ACC_00280,7479.7,IMPS,2026-06-03T23:19:02.716490,SUCCESS,Peer transfer,False,NONE
TXN_100626,ACC_00110,ACC_00186,34851.16,IMPS,2026-06-23T18:19:02.716490,SUCCESS,Peer transfer,False,NONE
TXN_100627,ACC_00116,ACC_00157,2839.58,UPI,2026-06-17T13:19:02.716490,SUCCESS,Rent payment,False,NONE
TXN_100628,ACC_00157,ACC_00290,30847.52,NEFT,2026-06-22T14:19:02.716490,SUCCESS,Utility bill,False,NONE
TXN_100629,ACC_00181,ACC_00153,15783.65,IMPS,2026-06-29T10:19:02.716490,SUCCESS,Invoice settlement,False,NONE
TXN_100630,ACC_00114,ACC_00275,6983.71,UPI,2026-06-03T19:19:02.716490,SUCCESS,Peer transfer,False,NONE
TXN_100631,ACC_00233,ACC_00144,21393.36,IMPS,2026-06-18T21:19:02.716490,SUCCESS,Rent payment,False,NONE
TXN_100632,ACC_00135,ACC_00251,1399.92,NEFT,2026-06-02T12:19:02.716490,SUCCESS,Rent payment,False,NONE
TXN_100633,ACC_00204,ACC_00292,21362.56,NEFT,2026-06-22T10:19:02.716490,SUCCESS,Rent payment,False,NONE
TXN_100634,ACC_00294,ACC_00175,17454.87,UPI,2026-06-03T19:19:02.716490,SUCCESS,Rent payment,False,NONE
TXN_100635,ACC_00084,ACC_00180,26876.59,NEFT,2026-05-30T22:19:02.716490,SUCCESS,Rent payment,False,NONE
TXN_100636,ACC_00266,ACC_00247,34594.4,UPI,2026-06-23T20:19:02.716490,SUCCESS,Rent payment,False,NONE
TXN_100637,ACC_00188,ACC_00297,21788.55,NEFT,2026-06-22T00:19:02.716490,SUCCESS,Rent payment,False,NONE
TXN_100638,ACC_00185,ACC_00179,27279.41,NEFT,2026-06-19T13:19:02.716490,SUCCESS,Invoice settlement,False,NONE
TXN_100639,ACC_00176,ACC_00232,32900.3,IMPS,2026-06-18T09:19:02.716490,SUCCESS,Peer transfer,False,NONE
TXN_100640,ACC_00240,ACC_00300,24791.88,UPI,2026-06-01T06:19:02.716490,SUCCESS,Utility bill,False,NONE
TXN_100641,ACC_00192,ACC_00287,30782.96,IMPS,2026-06-27T21:19:02.716490,SUCCESS,Peer transfer,False,NONE
TXN_100642,ACC_00177,ACC_00264,1854.18,IMPS,2026-06-12T06:19:02.716490,SUCCESS,Grocery,False,NONE
TXN_100643,ACC_00124,ACC_00150,15664.61,NEFT,2026-06-27T23:19:02.716490,SUCCESS,Utility bill,False,NONE
TXN_100644,ACC_00118,ACC_00184,10657.48,IMPS,2026-06-28T15:19:02.716490,SUCCESS,Peer transfer,False,NONE
TXN_100645,ACC_00112,ACC_00194,29131.33,IMPS,2026-06-13T16:19:02.716490,SUCCESS,Peer transfer,False,NONE
TXN_100646,ACC_00104,ACC_00122,27366.22,IMPS,2026-06-28T12:19:02.716490,SUCCESS,Rent payment,False,NONE
TXN_100647,ACC_00176,ACC_00181,11659.4,NEFT,2026-05-30T19:19:02.716490,SUCCESS,Peer transfer,False,NONE
TXN_100648,ACC_00258,ACC_00127,30947.92,NEFT,2026-06-01T22:19:02.716490,SUCCESS,Rent payment,False,NONE
TXN_100649,ACC_00259,ACC_00263,4762.28,NEFT,2026-06-03T12:19:02.716490,SUCCESS,Invoice settlement,False,NONE
TXN_100650,ACC_00097,ACC_00210,24901.13,IMPS,2026-06-23T06:19:02.716490,SUCCESS,Rent payment,False,NONE
TXN_100651,ACC_00172,ACC_00216,13630.94,NEFT,2026-06-23T19:19:02.716490,SUCCESS,Peer transfer,False,NONE
TXN_100652,ACC_00299,ACC_00244,30262.2,UPI,2026-06-04T18:19:02.716490,SUCCESS,Grocery,False,NONE
TXN_100653,ACC_00183,ACC_00154,11178.38,NEFT,2026-06-24T04:19:02.716490,SUCCESS,Rent payment,False,NONE
TXN_100654,ACC_00106,ACC_00109,33634.97,NEFT,2026-05-31T09:19:02.716490,SUCCESS,Grocery,False,NONE
TXN_100655,ACC_00193,ACC_00203,30011.68,IMPS,2026-06-16T14:19:02.716490,SUCCESS,Utility bill,False,NONE
TXN_100656,ACC_00136,ACC_00131,20815.75,NEFT,2026-06-15T04:19:02.716490,SUCCESS,Utility bill,False,NONE
TXN_100657,ACC_00096,ACC_00229,21203.52,NEFT,2026-06-07T07:19:02.716490,SUCCESS,Peer transfer,False,NONE
TXN_100658,ACC_00236,ACC_00218,28794.19,UPI,2026-06-05T15:19:02.716490,SUCCESS,Rent payment,False,NONE
TXN_100659,ACC_00090,ACC_00243,12541.18,IMPS,2026-06-03T15:19:02.716490,SUCCESS,Peer transfer,False,NONE
TXN_100660,ACC_00290,ACC_00230,10796.23,UPI,2026-06-28T16:19:02.716490,SUCCESS,Grocery,False,NONE
TXN_100661,ACC_00182,ACC_00121,6066.07,IMPS,2026-06-09T09:19:02.716490,SUCCESS,Peer transfer,False,NONE
TXN_100662,ACC_00222,ACC_00277,19895.11,IMPS,2026-06-14T13:19:02.716490,SUCCESS,Invoice settlement,False,NONE
TXN_100663,ACC_00085,ACC_00099,27013.66,NEFT,2026-06-10T01:19:02.716490,SUCCESS,Grocery,False,NONE
TXN_100664,ACC_00270,ACC_00185,29594.18,NEFT,2026-06-01T23:19:02.716490,SUCCESS,Rent payment,False,NONE
TXN_100665,ACC_00107,ACC_00253,30149.57,NEFT,2026-06-10T06:19:02.716490,SUCCESS,Peer transfer,False,NONE
TXN_100666,ACC_00129,ACC_00254,7712.26,IMPS,2026-05-31T17:19:02.716490,SUCCESS,Peer transfer,False,NONE
TXN_100667,ACC_00098,ACC_00199,25480.56,NEFT,2026-06-19T12:19:02.716490,SUCCESS,Utility bill,False,NONE
TXN_100668,ACC_00231,ACC_00293,11418.86,IMPS,2026-06-16T08:19:02.716490,SUCCESS,Invoice settlement,False,NONE
TXN_100669,ACC_00109,ACC_00233,19910.88,IMPS,2026-06-16T13:19:02.716490,SUCCESS,Utility bill,False,NONE
TXN_100670,ACC_00202,ACC_00282,6706.8,IMPS,2026-06-18T21:19:02.716490,SUCCESS,Invoice settlement,False,NONE
TXN_100671,ACC_00125,ACC_00076,4578.15,UPI,2026-06-14T10:19:02.716490,SUCCESS,Rent payment,False,NONE
TXN_100672,ACC_00280,ACC_00233,34965.05,NEFT,2026-06-12T15:19:02.716490,SUCCESS,Invoice settlement,False,NONE
TXN_100673,ACC_00219,ACC_00282,22493.87,UPI,2026-05-31T10:19:02.716490,SUCCESS,Invoice settlement,False,NONE
TXN_100674,ACC_00141,ACC_00278,2840.34,IMPS,2026-06-09T06:19:02.716490,SUCCESS,Invoice settlement,False,NONE
TXN_100675,ACC_00272,ACC_00077,4427.37,NEFT,2026-06-10T00:19:02.716490,SUCCESS,Peer transfer,False,NONE
TXN_100676,ACC_00233,ACC_00083,29205.48,NEFT,2026-06-06T00:19:02.716490,SUCCESS,Utility bill,False,NONE
TXN_100677,ACC_00197,ACC_00280,1726.76,UPI,2026-06-04T05:19:02.716490,SUCCESS,Utility bill,False,NONE
TXN_100678,ACC_00297,ACC_00213,31409.54,IMPS,2026-06-14T03:19:02.716490,SUCCESS,Grocery,False,NONE
TXN_100679,ACC_00289,ACC_00209,10827.36,NEFT,2026-06-23T11:19:02.716490,SUCCESS,Peer transfer,False,NONE
TXN_100680,ACC_00213,ACC_00080,7685.06,NEFT,2026-06-21T00:19:02.716490,SUCCESS,Grocery,False,NONE
TXN_100681,ACC_00114,ACC_00147,29505.5,IMPS,2026-06-10T02:19:02.716490,SUCCESS,Peer transfer,False,NONE
TXN_100682,ACC_00291,ACC_00118,20198.87,IMPS,2026-06-11T19:19:02.716490,SUCCESS,Grocery,False,NONE
TXN_100683,ACC_00297,ACC_00276,26428.14,IMPS,2026-06-22T00:19:02.716490,SUCCESS,Grocery,False,NONE
TXN_100684,ACC_00145,ACC_00181,3494.52,NEFT,2026-06-27T21:19:02.716490,SUCCESS,Utility bill,False,NONE
TXN_100685,ACC_00288,ACC_00153,7956.83,UPI,2026-06-08T19:19:02.716490,SUCCESS,Invoice settlement,False,NONE
TXN_100686,ACC_00276,ACC_00085,27333.77,NEFT,2026-06-28T16:19:02.716490,SUCCESS,Peer transfer,False,NONE
TXN_100687,ACC_00082,ACC_00280,17151.88,UPI,2026-06-15T18:19:02.716490,SUCCESS,Invoice settlement,False,NONE
TXN_100688,ACC_00199,ACC_00263,30648.83,UPI,2026-06-09T00:19:02.716490,SUCCESS,Grocery,False,NONE
TXN_100689,ACC_00286,ACC_00208,23846.75,IMPS,2026-06-03T20:19:02.716490,SUCCESS,Grocery,False,NONE
TXN_100690,ACC_00193,ACC_00175,25121.87,UPI,2026-06-15T17:19:02.716490,SUCCESS,Invoice settlement,False,NONE
TXN_100691,ACC_00087,ACC_00251,29760.28,NEFT,2026-06-26T16:19:02.716490,SUCCESS,Utility bill,False,NONE
TXN_100692,ACC_00087,ACC_00102,18459.93,NEFT,2026-06-21T13:19:02.716490,SUCCESS,Grocery,False,NONE
TXN_100693,ACC_00223,ACC_00270,11268.93,NEFT,2026-06-27T20:19:02.716490,SUCCESS,Rent payment,False,NONE
TXN_100694,ACC_00125,ACC_00149,10044.41,IMPS,2026-06-10T04:19:02.716490,SUCCESS,Grocery,False,NONE
TXN_100695,ACC_00145,ACC_00114,5933.61,IMPS,2026-06-02T14:19:02.716490,SUCCESS,Peer transfer,False,NONE
TXN_100696,ACC_00207,ACC_00102,7626.92,NEFT,2026-06-11T07:19:02.716490,SUCCESS,Invoice settlement,False,NONE
TXN_100697,ACC_00112,ACC_00256,28238.1,UPI,2026-06-17T21:19:02.716490,SUCCESS,Grocery,False,NONE
TXN_100698,ACC_00155,ACC_00232,31282.39,UPI,2026-06-17T04:19:02.716490,SUCCESS,Rent payment,False,NONE
TXN_100699,ACC_00083,ACC_00196,31663.59,NEFT,2026-05-31T17:19:02.716490,SUCCESS,Grocery,False,NONE
TXN_100700,ACC_00098,ACC_00185,14021.13,IMPS,2026-06-22T09:19:02.716490,SUCCESS,Utility bill,False,NONE
TXN_100701,ACC_00233,ACC_00167,11279.2,IMPS,2026-06-25T20:19:02.716490,SUCCESS,Peer transfer,False,NONE
TXN_100702,ACC_00096,ACC_00269,26872.78,UPI,2026-06-17T18:19:02.716490,SUCCESS,Utility bill,False,NONE
TXN_100703,ACC_00100,ACC_00192,11208.51,NEFT,2026-06-20T12:19:02.716490,SUCCESS,Utility bill,False,NONE
TXN_100704,ACC_00135,ACC_00133,5458.4,NEFT,2026-06-28T09:19:02.716490,SUCCESS,Invoice settlement,False,NONE
TXN_100705,ACC_00176,ACC_00122,24636.7,NEFT,2026-06-21T00:19:02.716490,SUCCESS,Utility bill,False,NONE
TXN_100706,ACC_00200,ACC_00083,2755.1,NEFT,2026-06-03T01:19:02.716490,SUCCESS,Utility bill,False,NONE
TXN_100707,ACC_00292,ACC_00119,10237.88,IMPS,2026-06-11T09:19:02.716490,SUCCESS,Rent payment,False,NONE
TXN_100708,ACC_00206,ACC_00102,14496.17,NEFT,2026-06-21T17:19:02.716490,SUCCESS,Peer transfer,False,NONE
TXN_100709,ACC_00242,ACC_00094,27838.87,NEFT,2026-06-17T04:19:02.716490,SUCCESS,Peer transfer,False,NONE
TXN_100710,ACC_00181,ACC_00137,21920.18,NEFT,2026-06-16T19:19:02.716490,SUCCESS,Utility bill,False,NONE
TXN_100711,ACC_00092,ACC_00163,7684.22,NEFT,2026-06-22T08:19:02.716490,SUCCESS,Utility bill,False,NONE
TXN_100712,ACC_00221,ACC_00277,12305.93,UPI,2026-06-21T21:19:02.716490,SUCCESS,Grocery,False,NONE
TXN_100713,ACC_00265,ACC_00258,20309.5,IMPS,2026-06-14T17:19:02.716490,SUCCESS,Peer transfer,False,NONE
TXN_100714,ACC_00194,ACC_00159,19650.53,UPI,2026-06-26T04:19:02.716490,SUCCESS,Invoice settlement,False,NONE
TXN_100715,ACC_00179,ACC_00093,21139.94,NEFT,2026-06-21T09:19:02.716490,SUCCESS,Invoice settlement,False,NONE
TXN_100716,ACC_00202,ACC_00241,23275.68,UPI,2026-06-01T20:19:02.716490,SUCCESS,Peer transfer,False,NONE
TXN_100717,ACC_00269,ACC_00238,28439.46,IMPS,2026-06-23T18:19:02.716490,SUCCESS,Rent payment,False,NONE
TXN_100718,ACC_00191,ACC_00212,10556.86,NEFT,2026-06-19T08:19:02.716490,SUCCESS,Rent payment,False,NONE
TXN_100719,ACC_00128,ACC_00250,30771.17,IMPS,2026-06-09T08:19:02.716490,SUCCESS,Invoice settlement,False,NONE
TXN_100720,ACC_00187,ACC_00259,34399.02,IMPS,2026-06-10T16:19:02.716490,SUCCESS,Grocery,False,NONE
TXN_100721,ACC_00232,ACC_00206,14444.81,UPI,2026-06-03T23:19:02.716490,SUCCESS,Invoice settlement,False,NONE
TXN_100722,ACC_00216,ACC_00089,529.09,UPI,2026-06-17T01:19:02.716490,SUCCESS,Invoice settlement,False,NONE
TXN_100723,ACC_00297,ACC_00083,8615.82,NEFT,2026-06-22T08:19:02.716490,SUCCESS,Invoice settlement,False,NONE
TXN_100724,ACC_00258,ACC_00173,14508.13,UPI,2026-06-13T07:19:02.716490,SUCCESS,Rent payment,False,NONE
TXN_100725,ACC_00197,ACC_00111,6993.83,NEFT,2026-06-12T01:19:02.716490,SUCCESS,Rent payment,False,NONE
TXN_100726,ACC_00149,ACC_00299,23617.28,UPI,2026-06-03T14:19:02.716490,SUCCESS,Grocery,False,NONE
TXN_100727,ACC_00112,ACC_00260,31028.66,UPI,2026-06-21T03:19:02.716490,SUCCESS,Grocery,False,NONE
TXN_100728,ACC_00111,ACC_00240,28304.99,IMPS,2026-06-27T04:19:02.716490,SUCCESS,Peer transfer,False,NONE
TXN_100729,ACC_00184,ACC_00235,6703.01,IMPS,2026-06-16T03:19:02.716490,SUCCESS,Utility bill,False,NONE
TXN_100730,ACC_00174,ACC_00166,8288.06,UPI,2026-06-13T09:19:02.716490,SUCCESS,Peer transfer,False,NONE
TXN_100731,ACC_00203,ACC_00292,25716.51,NEFT,2026-06-22T06:19:02.716490,SUCCESS,Utility bill,False,NONE
TXN_100732,ACC_00215,ACC_00223,13160.47,NEFT,2026-06-01T08:19:02.716490,SUCCESS,Invoice settlement,False,NONE
TXN_100733,ACC_00104,ACC_00224,17112.89,UPI,2026-06-21T16:19:02.716490,SUCCESS,Peer transfer,False,NONE
TXN_100734,ACC_00295,ACC_00268,27371.01,UPI,2026-06-14T06:19:02.716490,SUCCESS,Peer transfer,False,NONE
TXN_100735,ACC_00232,ACC_00098,8960.48,IMPS,2026-06-20T13:19:02.716490,SUCCESS,Grocery,False,NONE
TXN_100736,ACC_00251,ACC_00238,19102.3,IMPS,2026-06-17T23:19:02.716490,SUCCESS,Grocery,False,NONE
TXN_100737,ACC_00163,ACC_00212,27359.19,IMPS,2026-06-15T04:19:02.716490,SUCCESS,Utility bill,False,NONE
TXN_100738,ACC_00222,ACC_00263,11937.23,NEFT,2026-06-10T23:19:02.716490,SUCCESS,Rent payment,False,NONE
TXN_100739,ACC_00085,ACC_00253,32338.83,IMPS,2026-06-22T23:19:02.716490,SUCCESS,Peer transfer,False,NONE
TXN_100740,ACC_00142,ACC_00091,22210.85,IMPS,2026-06-17T19:19:02.716490,SUCCESS,Grocery,False,NONE
TXN_100741,ACC_00244,ACC_00150,28406.9,NEFT,2026-06-18T14:19:02.716490,SUCCESS,Utility bill,False,NONE
TXN_100742,ACC_00097,ACC_00108,17943.07,NEFT,2026-06-26T22:19:02.716490,SUCCESS,Rent payment,False,NONE
TXN_100743,ACC_00233,ACC_00147,9994.99,IMPS,2026-06-07T14:19:02.716490,SUCCESS,Grocery,False,NONE
TXN_100744,ACC_00230,ACC_00120,31899.54,IMPS,2026-06-22T18:19:02.716490,SUCCESS,Utility bill,False,NONE
TXN_100745,ACC_00170,ACC_00282,6551.28,UPI,2026-06-25T12:19:02.716490,SUCCESS,Utility bill,False,NONE
TXN_100746,ACC_00122,ACC_00280,18694.92,UPI,2026-06-01T00:19:02.716490,SUCCESS,Rent payment,False,NONE
TXN_100747,ACC_00228,ACC_00286,5818.19,NEFT,2026-06-15T03:19:02.716490,SUCCESS,Rent payment,False,NONE
TXN_100748,ACC_00245,ACC_00188,25546.97,IMPS,2026-06-04T20:19:02.716490,SUCCESS,Invoice settlement,False,NONE
TXN_100749,ACC_00089,ACC_00240,9621.64,UPI,2026-06-25T17:19:02.716490,SUCCESS,Rent payment,False,NONE
TXN_100750,ACC_00194,ACC_00178,16930.0,IMPS,2026-06-15T13:19:02.716490,SUCCESS,Rent payment,False,NONE
TXN_100751,ACC_00173,ACC_00250,24843.47,UPI,2026-06-14T22:19:02.716490,SUCCESS,Peer transfer,False,NONE
TXN_100752,ACC_00298,ACC_00187,909.27,NEFT,2026-06-29T04:19:02.716490,SUCCESS,Invoice settlement,False,NONE
TXN_100753,ACC_00211,ACC_00250,33477.54,IMPS,2026-06-03T07:19:02.716490,SUCCESS,Invoice settlement,False,NONE
TXN_100754,ACC_00292,ACC_00186,21561.75,NEFT,2026-06-19T22:19:02.716490,SUCCESS,Invoice settlement,False,NONE
TXN_100755,ACC_00144,ACC_00281,3890.55,NEFT,2026-06-20T08:19:02.716490,SUCCESS,Utility bill,False,NONE
TXN_100756,ACC_00273,ACC_00248,26343.64,IMPS,2026-06-23T11:19:02.716490,SUCCESS,Rent payment,False,NONE
TXN_100757,ACC_00209,ACC_00162,23881.28,IMPS,2026-06-05T00:19:02.716490,SUCCESS,Grocery,False,NONE
TXN_100758,ACC_00248,ACC_00078,29193.29,UPI,2026-05-31T03:19:02.716490,SUCCESS,Peer transfer,False,NONE
TXN_100759,ACC_00102,ACC_00251,15885.01,NEFT,2026-06-07T13:19:02.716490,SUCCESS,Invoice settlement,False,NONE
TXN_100760,ACC_00125,ACC_00084,1317.67,IMPS,2026-06-01T15:19:02.716490,SUCCESS,Rent payment,False,NONE
TXN_100761,ACC_00229,ACC_00239,4701.76,IMPS,2026-06-02T16:19:02.716490,SUCCESS,Rent payment,False,NONE
TXN_100762,ACC_00172,ACC_00244,26853.09,UPI,2026-06-20T08:19:02.716490,SUCCESS,Grocery,False,NONE
TXN_100763,ACC_00254,ACC_00123,9240.08,UPI,2026-06-14T11:19:02.716490,SUCCESS,Utility bill,False,NONE
TXN_100764,ACC_00146,ACC_00272,15230.93,NEFT,2026-06-28T11:19:02.716490,SUCCESS,Invoice settlement,False,NONE
TXN_100765,ACC_00117,ACC_00275,3052.9,NEFT,2026-06-23T15:19:02.716490,SUCCESS,Utility bill,False,NONE
TXN_100766,ACC_00161,ACC_00091,9409.23,UPI,2026-06-25T22:19:02.716490,SUCCESS,Utility bill,False,NONE
TXN_100767,ACC_00093,ACC_00201,34290.06,NEFT,2026-06-06T09:19:02.716490,SUCCESS,Rent payment,False,NONE
TXN_100768,ACC_00241,ACC_00201,4240.85,UPI,2026-06-17T03:19:02.716490,SUCCESS,Peer transfer,False,NONE
TXN_100769,ACC_00240,ACC_00103,31985.02,UPI,2026-06-21T22:19:02.716490,SUCCESS,Grocery,False,NONE
TXN_100770,ACC_00222,ACC_00262,9145.57,NEFT,2026-06-13T14:19:02.716490,SUCCESS,Rent payment,False,NONE
TXN_100771,ACC_00243,ACC_00239,529.93,NEFT,2026-06-01T11:19:02.716490,SUCCESS,Invoice settlement,False,NONE
TXN_100772,ACC_00114,ACC_00255,11879.16,UPI,2026-06-12T08:19:02.716490,SUCCESS,Peer transfer,False,NONE
TXN_100773,ACC_00257,ACC_00273,17428.44,IMPS,2026-06-13T02:19:02.716490,SUCCESS,Grocery,False,NONE
TXN_100774,ACC_00214,ACC_00133,614.1,UPI,2026-06-22T05:19:02.716490,SUCCESS,Peer transfer,False,NONE
TXN_100775,ACC_00213,ACC_00167,12003.67,UPI,2026-06-09T02:19:02.716490,SUCCESS,Grocery,False,NONE
TXN_100776,ACC_00169,ACC_00212,29940.3,NEFT,2026-06-09T16:19:02.716490,SUCCESS,Invoice settlement,False,NONE
TXN_100777,ACC_00241,ACC_00127,6593.33,IMPS,2026-06-01T02:19:02.716490,SUCCESS,Rent payment,False,NONE
TXN_100778,ACC_00152,ACC_00254,13958.61,IMPS,2026-06-03T10:19:02.716490,SUCCESS,Invoice settlement,False,NONE
TXN_100779,ACC_00200,ACC_00097,31039.89,UPI,2026-06-14T13:19:02.716490,SUCCESS,Rent payment,False,NONE
TXN_100780,ACC_00085,ACC_00125,1375.08,NEFT,2026-06-17T21:19:02.716490,SUCCESS,Utility bill,False,NONE
TXN_100781,ACC_00092,ACC_00278,19149.05,IMPS,2026-06-09T05:19:02.716490,SUCCESS,Utility bill,False,NONE
TXN_100782,ACC_00080,ACC_00085,12205.34,UPI,2026-06-10T13:19:02.716490,SUCCESS,Utility bill,False,NONE
TXN_100783,ACC_00106,ACC_00130,28345.08,NEFT,2026-06-21T06:19:02.716490,SUCCESS,Peer transfer,False,NONE
TXN_100784,ACC_00114,ACC_00265,20487.43,UPI,2026-06-28T16:19:02.716490,SUCCESS,Rent payment,False,NONE
TXN_100785,ACC_00201,ACC_00243,1157.67,UPI,2026-06-29T09:19:02.716490,SUCCESS,Rent payment,False,NONE
TXN_100786,ACC_00255,ACC_00242,5003.55,UPI,2026-06-05T10:19:02.716490,SUCCESS,Invoice settlement,False,NONE
TXN_100787,ACC_00286,ACC_00279,3856.58,IMPS,2026-06-18T19:19:02.716490,SUCCESS,Grocery,False,NONE
TXN_100788,ACC_00103,ACC_00105,17651.45,UPI,2026-06-25T09:19:02.716490,SUCCESS,Grocery,False,NONE
TXN_100789,ACC_00281,ACC_00127,15204.3,IMPS,2026-06-25T13:19:02.716490,SUCCESS,Utility bill,False,NONE
TXN_100790,ACC_00159,ACC_00106,34166.94,UPI,2026-06-18T07:19:02.716490,SUCCESS,Invoice settlement,False,NONE
TXN_100791,ACC_00290,ACC_00279,7856.5,UPI,2026-06-01T08:19:02.716490,SUCCESS,Invoice settlement,False,NONE
TXN_100792,ACC_00092,ACC_00106,9949.32,UPI,2026-06-24T03:19:02.716490,SUCCESS,Invoice settlement,False,NONE
TXN_100793,ACC_00217,ACC_00118,15633.81,UPI,2026-06-29T08:19:02.716490,SUCCESS,Rent payment,False,NONE
TXN_100794,ACC_00101,ACC_00278,29734.15,UPI,2026-06-19T02:19:02.716490,SUCCESS,Grocery,False,NONE
TXN_100795,ACC_00200,ACC_00096,719.06,IMPS,2026-06-04T16:19:02.716490,SUCCESS,Peer transfer,False,NONE
TXN_100796,ACC_00148,ACC_00182,24425.87,IMPS,2026-06-25T05:19:02.716490,SUCCESS,Rent payment,False,NONE
TXN_100797,ACC_00128,ACC_00112,22573.99,NEFT,2026-06-16T04:19:02.716490,SUCCESS,Rent payment,False,NONE
TXN_100798,ACC_00120,ACC_00232,24362.74,IMPS,2026-06-18T19:19:02.716490,SUCCESS,Utility bill,False,NONE
TXN_100799,ACC_00232,ACC_00098,22138.11,NEFT,2026-06-24T23:19:02.716490,SUCCESS,Utility bill,False,NONE
TXN_100800,ACC_00077,ACC_00218,8629.55,UPI,2026-06-03T06:19:02.716490,SUCCESS,Peer transfer,False,NONE
TXN_100801,ACC_00168,ACC_00296,26758.92,UPI,2026-06-17T06:19:02.716490,SUCCESS,Utility bill,False,NONE
TXN_100802,ACC_00273,ACC_00236,23246.79,UPI,2026-06-07T15:19:02.716490,SUCCESS,Grocery,False,NONE
TXN_100803,ACC_00279,ACC_00114,24140.91,NEFT,2026-06-29T05:19:02.716490,SUCCESS,Rent payment,False,NONE
TXN_100804,ACC_00116,ACC_00247,32332.22,NEFT,2026-06-01T10:19:02.716490,SUCCESS,Invoice settlement,False,NONE
TXN_100805,ACC_00129,ACC_00187,9172.67,UPI,2026-06-19T04:19:02.716490,SUCCESS,Grocery,False,NONE
TXN_100806,ACC_00265,ACC_00089,32407.72,UPI,2026-06-04T19:19:02.716490,SUCCESS,Utility bill,False,NONE
TXN_100807,ACC_00207,ACC_00105,2944.65,NEFT,2026-06-07T13:19:02.716490,SUCCESS,Peer transfer,False,NONE
TXN_100808,ACC_00224,ACC_00159,14957.79,NEFT,2026-06-23T11:19:02.716490,SUCCESS,Rent payment,False,NONE
TXN_100809,ACC_00275,ACC_00104,11751.56,IMPS,2026-06-02T21:19:02.716490,SUCCESS,Utility bill,False,NONE
TXN_100810,ACC_00298,ACC_00127,13455.87,NEFT,2026-06-06T16:19:02.716490,SUCCESS,Peer transfer,False,NONE
TXN_100811,ACC_00200,ACC_00089,31221.87,IMPS,2026-06-03T20:19:02.716490,SUCCESS,Utility bill,False,NONE
TXN_100812,ACC_00121,ACC_00175,13385.24,UPI,2026-06-14T13:19:02.716490,SUCCESS,Invoice settlement,False,NONE
TXN_100813,ACC_00145,ACC_00127,12088.25,IMPS,2026-06-01T12:19:02.716490,SUCCESS,Grocery,False,NONE
TXN_100814,ACC_00147,ACC_00110,4333.27,NEFT,2026-06-14T04:19:02.716490,SUCCESS,Rent payment,False,NONE
TXN_100815,ACC_00270,ACC_00163,8084.95,UPI,2026-06-09T09:19:02.716490,SUCCESS,Peer transfer,False,NONE
TXN_100816,ACC_00119,ACC_00223,33969.69,UPI,2026-06-26T21:19:02.716490,SUCCESS,Utility bill,False,NONE
TXN_100817,ACC_00295,ACC_00209,17377.86,NEFT,2026-06-06T08:19:02.716490,SUCCESS,Utility bill,False,NONE
TXN_100818,ACC_00147,ACC_00079,25685.61,UPI,2026-06-22T21:19:02.716490,SUCCESS,Invoice settlement,False,NONE
TXN_100819,ACC_00187,ACC_00224,8173.03,UPI,2026-06-29T08:19:02.716490,SUCCESS,Peer transfer,False,NONE
TXN_100820,ACC_00077,ACC_00182,34316.35,IMPS,2026-06-01T05:19:02.716490,SUCCESS,Peer transfer,False,NONE
TXN_100821,ACC_00084,ACC_00184,18823.7,UPI,2026-06-15T12:19:02.716490,SUCCESS,Utility bill,False,NONE
TXN_100822,ACC_00202,ACC_00137,3366.66,IMPS,2026-06-23T14:19:02.716490,SUCCESS,Utility bill,False,NONE
TXN_100823,ACC_00131,ACC_00109,12865.0,UPI,2026-06-07T10:19:02.716490,SUCCESS,Grocery,False,NONE
TXN_100824,ACC_00198,ACC_00247,11016.86,IMPS,2026-06-22T04:19:02.716490,SUCCESS,Peer transfer,False,NONE
TXN_100825,ACC_00082,ACC_00192,16499.74,NEFT,2026-06-04T12:19:02.716490,SUCCESS,Rent payment,False,NONE
TXN_100826,ACC_00278,ACC_00299,13279.51,IMPS,2026-06-14T12:19:02.716490,SUCCESS,Grocery,False,NONE
TXN_100827,ACC_00296,ACC_00236,2939.1,NEFT,2026-06-28T12:19:02.716490,SUCCESS,Peer transfer,False,NONE
TXN_100828,ACC_00084,ACC_00151,15193.63,IMPS,2026-06-08T12:19:02.716490,SUCCESS,Peer transfer,False,NONE
TXN_100829,ACC_00223,ACC_00279,7646.55,IMPS,2026-06-20T16:19:02.716490,SUCCESS,Invoice settlement,False,NONE
TXN_100830,ACC_00264,ACC_00090,18258.41,NEFT,2026-06-29T11:19:02.716490,SUCCESS,Grocery,False,NONE
TXN_100831,ACC_00104,ACC_00174,13112.88,NEFT,2026-06-18T15:19:02.716490,SUCCESS,Invoice settlement,False,NONE
TXN_100832,ACC_00120,ACC_00241,19778.27,IMPS,2026-06-02T07:19:02.716490,SUCCESS,Rent payment,False,NONE
TXN_100833,ACC_00111,ACC_00161,8732.83,NEFT,2026-06-03T10:19:02.716490,SUCCESS,Peer transfer,False,NONE
TXN_100834,ACC_00299,ACC_00255,7737.89,NEFT,2026-06-22T21:19:02.716490,SUCCESS,Invoice settlement,False,NONE
TXN_100835,ACC_00144,ACC_00204,23967.82,UPI,2026-06-07T15:19:02.716490,SUCCESS,Invoice settlement,False,NONE
TXN_100836,ACC_00164,ACC_00191,17274.83,NEFT,2026-06-15T17:19:02.716490,SUCCESS,Peer transfer,False,NONE
TXN_100837,ACC_00249,ACC_00287,18883.51,IMPS,2026-06-09T04:19:02.716490,SUCCESS,Invoice settlement,False,NONE
TXN_100838,ACC_00280,ACC_00248,33115.1,UPI,2026-06-24T16:19:02.716490,SUCCESS,Utility bill,False,NONE
TXN_100839,ACC_00098,ACC_00096,13978.55,UPI,2026-06-04T23:19:02.716490,SUCCESS,Grocery,False,NONE
TXN_100840,ACC_00118,ACC_00146,4364.85,UPI,2026-06-04T05:19:02.716490,SUCCESS,Rent payment,False,NONE
TXN_100841,ACC_00209,ACC_00236,1282.81,IMPS,2026-06-13T11:19:02.716490,SUCCESS,Rent payment,False,NONE
TXN_100842,ACC_00197,ACC_00164,14994.48,UPI,2026-06-23T10:19:02.716490,SUCCESS,Invoice settlement,False,NONE
TXN_100843,ACC_00124,ACC_00092,1260.26,IMPS,2026-06-24T21:19:02.716490,SUCCESS,Invoice settlement,False,NONE
TXN_100844,ACC_00181,ACC_00224,12326.34,NEFT,2026-06-20T00:19:02.716490,SUCCESS,Peer transfer,False,NONE
TXN_100845,ACC_00246,ACC_00254,18790.73,NEFT,2026-06-17T04:19:02.716490,SUCCESS,Invoice settlement,False,NONE
TXN_100846,ACC_00221,ACC_00109,31490.73,NEFT,2026-06-08T19:19:02.716490,SUCCESS,Rent payment,False,NONE
TXN_100847,ACC_00199,ACC_00171,33989.98,UPI,2026-06-23T15:19:02.716490,SUCCESS,Invoice settlement,False,NONE
TXN_100848,ACC_00148,ACC_00192,33489.38,IMPS,2026-06-18T19:19:02.716490,SUCCESS,Peer transfer,False,NONE
TXN_100849,ACC_00149,ACC_00122,34075.61,IMPS,2026-06-26T12:19:02.716490,SUCCESS,Rent payment,False,NONE
TXN_100850,ACC_00117,ACC_00136,4533.65,UPI,2026-06-10T08:19:02.716490,SUCCESS,Utility bill,False,NONE
TXN_100851,ACC_00142,ACC_00170,6865.13,UPI,2026-06-17T12:19:02.716490,SUCCESS,Invoice settlement,False,NONE
TXN_100852,ACC_00164,ACC_00113,13365.57,IMPS,2026-06-16T19:19:02.716490,SUCCESS,Invoice settlement,False,NONE
TXN_100853,ACC_00107,ACC_00082,14457.4,NEFT,2026-06-14T18:19:02.716490,SUCCESS,Invoice settlement,False,NONE
TXN_100854,ACC_00115,ACC_00077,33970.18,NEFT,2026-06-17T06:19:02.716490,SUCCESS,Invoice settlement,False,NONE
TXN_100855,ACC_00197,ACC_00150,33951.39,IMPS,2026-06-24T08:19:02.716490,SUCCESS,Rent payment,False,NONE
TXN_100856,ACC_00280,ACC_00220,25634.76,NEFT,2026-06-29T04:19:02.716490,SUCCESS,Grocery,False,NONE
TXN_100857,ACC_00263,ACC_00198,31556.02,IMPS,2026-06-04T11:19:02.716490,SUCCESS,Grocery,False,NONE
TXN_100858,ACC_00154,ACC_00082,14356.23,NEFT,2026-06-25T21:19:02.716490,SUCCESS,Invoice settlement,False,NONE
TXN_100859,ACC_00099,ACC_00159,2398.66,IMPS,2026-06-19T20:19:02.716490,SUCCESS,Peer transfer,False,NONE
TXN_100860,ACC_00132,ACC_00276,32780.45,UPI,2026-06-07T20:19:02.716490,SUCCESS,Grocery,False,NONE
TXN_100861,ACC_00213,ACC_00293,15868.3,IMPS,2026-06-20T16:19:02.716490,SUCCESS,Utility bill,False,NONE
TXN_100862,ACC_00125,ACC_00201,11462.64,UPI,2026-06-19T06:19:02.716490,SUCCESS,Invoice settlement,False,NONE
TXN_100863,ACC_00177,ACC_00113,25200.75,NEFT,2026-06-13T01:19:02.716490,SUCCESS,Invoice settlement,False,NONE
TXN_100864,ACC_00079,ACC_00148,12399.75,IMPS,2026-06-09T04:19:02.716490,SUCCESS,Grocery,False,NONE
TXN_100865,ACC_00131,ACC_00262,31129.27,NEFT,2026-06-23T03:19:02.716490,SUCCESS,Invoice settlement,False,NONE
TXN_100866,ACC_00117,ACC_00282,25616.02,IMPS,2026-06-28T03:19:02.716490,SUCCESS,Utility bill,False,NONE
TXN_100867,ACC_00111,ACC_00289,20757.71,UPI,2026-06-01T18:19:02.716490,SUCCESS,Invoice settlement,False,NONE
TXN_100868,ACC_00197,ACC_00298,18622.89,IMPS,2026-06-09T16:19:02.716490,SUCCESS,Utility bill,False,NONE
TXN_100869,ACC_00098,ACC_00077,14626.39,NEFT,2026-06-28T22:19:02.716490,SUCCESS,Rent payment,False,NONE
TXN_100870,ACC_00218,ACC_00194,25003.52,UPI,2026-06-23T18:19:02.716490,SUCCESS,Rent payment,False,NONE
TXN_100871,ACC_00289,ACC_00173,10486.48,NEFT,2026-06-14T15:19:02.716490,SUCCESS,Peer transfer,False,NONE
TXN_100872,ACC_00153,ACC_00202,19795.2,UPI,2026-06-13T21:19:02.716490,SUCCESS,Grocery,False,NONE
TXN_100873,ACC_00115,ACC_00143,10855.84,NEFT,2026-06-20T10:19:02.716490,SUCCESS,Grocery,False,NONE
TXN_100874,ACC_00243,ACC_00246,31297.69,NEFT,2026-06-12T19:19:02.716490,SUCCESS,Rent payment,False,NONE
TXN_100875,ACC_00083,ACC_00106,26882.78,IMPS,2026-06-14T16:19:02.716490,SUCCESS,Invoice settlement,False,NONE
TXN_100876,ACC_00224,ACC_00199,20012.32,IMPS,2026-06-26T22:19:02.716490,SUCCESS,Utility bill,False,NONE
TXN_100877,ACC_00253,ACC_00285,4625.64,IMPS,2026-06-16T13:19:02.716490,SUCCESS,Grocery,False,NONE
TXN_100878,ACC_00292,ACC_00142,6118.23,NEFT,2026-05-31T18:19:02.716490,SUCCESS,Utility bill,False,NONE
TXN_100879,ACC_00300,ACC_00253,5174.66,NEFT,2026-06-04T15:19:02.716490,SUCCESS,Invoice settlement,False,NONE
TXN_100880,ACC_00183,ACC_00238,31967.61,NEFT,2026-06-10T15:19:02.716490,SUCCESS,Invoice settlement,False,NONE
TXN_100881,ACC_00211,ACC_00239,32802.94,IMPS,2026-06-15T20:19:02.716490,SUCCESS,Rent payment,False,NONE
TXN_100882,ACC_00271,ACC_00100,21157.31,NEFT,2026-06-05T07:19:02.716490,SUCCESS,Invoice settlement,False,NONE
TXN_100883,ACC_00287,ACC_00292,24131.37,IMPS,2026-06-08T22:19:02.716490,SUCCESS,Invoice settlement,False,NONE
TXN_100884,ACC_00100,ACC_00212,20511.61,UPI,2026-06-25T18:19:02.716490,SUCCESS,Rent payment,False,NONE
TXN_100885,ACC_00208,ACC_00148,13368.99,NEFT,2026-06-15T03:19:02.716490,SUCCESS,Rent payment,False,NONE
TXN_100886,ACC_00102,ACC_00131,5832.14,IMPS,2026-06-06T20:19:02.716490,SUCCESS,Peer transfer,False,NONE
TXN_100887,ACC_00252,ACC_00288,33361.08,IMPS,2026-06-27T07:19:02.716490,SUCCESS,Peer transfer,False,NONE
TXN_100888,ACC_00255,ACC_00269,28189.02,UPI,2026-06-13T04:19:02.716490,SUCCESS,Grocery,False,NONE
TXN_100889,ACC_00285,ACC_00109,32357.64,NEFT,2026-06-15T01:19:02.716490,SUCCESS,Invoice settlement,False,NONE
TXN_100890,ACC_00111,ACC_00285,15746.86,NEFT,2026-06-19T06:19:02.716490,SUCCESS,Rent payment,False,NONE
TXN_100891,ACC_00257,ACC_00153,1492.2,UPI,2026-06-25T17:19:02.716490,SUCCESS,Rent payment,False,NONE
TXN_100892,ACC_00295,ACC_00253,5411.4,UPI,2026-06-06T23:19:02.716490,SUCCESS,Rent payment,False,NONE
TXN_100893,ACC_00109,ACC_00096,15155.78,UPI,2026-06-23T17:19:02.716490,SUCCESS,Grocery,False,NONE
TXN_100894,ACC_00274,ACC_00199,26628.02,UPI,2026-05-31T20:19:02.716490,SUCCESS,Grocery,False,NONE
TXN_100895,ACC_00279,ACC_00244,18215.03,UPI,2026-06-01T05:19:02.716490,SUCCESS,Invoice settlement,False,NONE
TXN_100896,ACC_00087,ACC_00092,10906.78,UPI,2026-05-30T17:19:02.716490,SUCCESS,Peer transfer,False,NONE
TXN_100897,ACC_00128,ACC_00226,31590.53,NEFT,2026-06-05T11:19:02.716490,SUCCESS,Grocery,False,NONE
TXN_100898,ACC_00099,ACC_00113,29682.22,NEFT,2026-06-08T08:19:02.716490,SUCCESS,Invoice settlement,False,NONE
TXN_100899,ACC_00117,ACC_00294,17771.89,UPI,2026-06-23T09:19:02.716490,SUCCESS,Peer transfer,False,NONE
TXN_100900,ACC_00221,ACC_00093,3919.15,IMPS,2026-06-17T14:19:02.716490,SUCCESS,Rent payment,False,NONE
TXN_100901,ACC_00259,ACC_00125,33767.1,UPI,2026-06-05T07:19:02.716490,SUCCESS,Grocery,False,NONE
TXN_100902,ACC_00130,ACC_00205,29869.74,IMPS,2026-06-15T01:19:02.716490,SUCCESS,Peer transfer,False,NONE
TXN_100903,ACC_00123,ACC_00188,23736.64,NEFT,2026-06-02T19:19:02.716490,SUCCESS,Utility bill,False,NONE
TXN_100904,ACC_00184,ACC_00130,18241.66,NEFT,2026-06-12T17:19:02.716490,SUCCESS,Grocery,False,NONE
TXN_100905,ACC_00195,ACC_00104,18430.6,IMPS,2026-06-15T01:19:02.716490,SUCCESS,Invoice settlement,False,NONE
TXN_100906,ACC_00218,ACC_00260,1901.0,UPI,2026-06-10T05:19:02.716490,SUCCESS,Utility bill,False,NONE
TXN_100907,ACC_00148,ACC_00192,21213.44,NEFT,2026-06-09T11:19:02.716490,SUCCESS,Rent payment,False,NONE
TXN_100908,ACC_00217,ACC_00180,10525.33,UPI,2026-06-27T03:19:02.716490,SUCCESS,Grocery,False,NONE
TXN_100909,ACC_00291,ACC_00281,16910.85,UPI,2026-06-21T01:19:02.716490,SUCCESS,Grocery,False,NONE
TXN_100910,ACC_00248,ACC_00201,23687.29,IMPS,2026-06-12T04:19:02.716490,SUCCESS,Grocery,False,NONE
TXN_100911,ACC_00106,ACC_00112,14121.0,UPI,2026-06-22T08:19:02.716490,SUCCESS,Rent payment,False,NONE
TXN_100912,ACC_00092,ACC_00169,34144.66,IMPS,2026-06-09T20:19:02.716490,SUCCESS,Utility bill,False,NONE
TXN_100913,ACC_00107,ACC_00135,29414.77,NEFT,2026-06-23T05:19:02.716490,SUCCESS,Peer transfer,False,NONE
TXN_100914,ACC_00227,ACC_00145,26592.45,NEFT,2026-06-25T10:19:02.716490,SUCCESS,Invoice settlement,False,NONE
TXN_100915,ACC_00197,ACC_00246,21309.21,IMPS,2026-06-12T05:19:02.716490,SUCCESS,Invoice settlement,False,NONE
TXN_100916,ACC_00113,ACC_00272,16184.9,NEFT,2026-06-02T22:19:02.716490,SUCCESS,Utility bill,False,NONE
TXN_100917,ACC_00135,ACC_00236,33012.9,IMPS,2026-05-30T17:19:02.716490,SUCCESS,Grocery,False,NONE
TXN_100918,ACC_00288,ACC_00093,17685.65,NEFT,2026-05-30T19:19:02.716490,SUCCESS,Peer transfer,False,NONE
TXN_100919,ACC_00249,ACC_00159,5769.41,UPI,2026-06-19T09:19:02.716490,SUCCESS,Grocery,False,NONE
TXN_100920,ACC_00245,ACC_00268,18438.24,UPI,2026-06-15T04:19:02.716490,SUCCESS,Invoice settlement,False,NONE
TXN_100921,ACC_00245,ACC_00203,17413.64,NEFT,2026-06-08T07:19:02.716490,SUCCESS,Peer transfer,False,NONE
TXN_100922,ACC_00215,ACC_00080,33364.03,UPI,2026-06-01T03:19:02.716490,SUCCESS,Utility bill,False,NONE
TXN_100923,ACC_00191,ACC_00156,29924.16,UPI,2026-06-14T04:19:02.716490,SUCCESS,Grocery,False,NONE
TXN_100924,ACC_00121,ACC_00218,23249.68,IMPS,2026-06-23T23:19:02.716490,SUCCESS,Rent payment,False,NONE
TXN_100925,ACC_00201,ACC_00186,5139.84,NEFT,2026-06-22T02:19:02.716490,SUCCESS,Grocery,False,NONE
TXN_100926,ACC_00221,ACC_00248,17424.1,IMPS,2026-06-17T11:19:02.716490,SUCCESS,Peer transfer,False,NONE
TXN_100927,ACC_00196,ACC_00197,19897.81,UPI,2026-06-05T06:19:02.716490,SUCCESS,Utility bill,False,NONE
TXN_100928,ACC_00143,ACC_00202,20891.06,IMPS,2026-06-12T09:19:02.716490,SUCCESS,Invoice settlement,False,NONE
TXN_100929,ACC_00272,ACC_00148,11556.66,UPI,2026-05-31T08:19:02.716490,SUCCESS,Rent payment,False,NONE
TXN_100930,ACC_00290,ACC_00169,12536.25,UPI,2026-06-23T08:19:02.716490,SUCCESS,Invoice settlement,False,NONE
TXN_100931,ACC_00173,ACC_00100,15271.11,NEFT,2026-06-11T03:19:02.716490,SUCCESS,Grocery,False,NONE
TXN_100932,ACC_00245,ACC_00138,9042.68,IMPS,2026-06-19T23:19:02.716490,SUCCESS,Grocery,False,NONE
TXN_100933,ACC_00252,ACC_00092,30478.43,UPI,2026-06-03T00:19:02.716490,SUCCESS,Grocery,False,NONE
TXN_100934,ACC_00213,ACC_00159,1789.53,IMPS,2026-06-21T03:19:02.716490,SUCCESS,Peer transfer,False,NONE
TXN_100935,ACC_00183,ACC_00144,1203.88,UPI,2026-06-15T08:19:02.716490,SUCCESS,Invoice settlement,False,NONE
TXN_100936,ACC_00172,ACC_00222,13965.38,NEFT,2026-06-17T17:19:02.716490,SUCCESS,Grocery,False,NONE
TXN_100937,ACC_00252,ACC_00248,7603.84,IMPS,2026-06-15T06:19:02.716490,SUCCESS,Invoice settlement,False,NONE
TXN_100938,ACC_00118,ACC_00233,10833.47,NEFT,2026-06-12T20:19:02.716490,SUCCESS,Grocery,False,NONE
TXN_100939,ACC_00291,ACC_00293,18986.27,UPI,2026-06-08T22:19:02.716490,SUCCESS,Invoice settlement,False,NONE
TXN_100940,ACC_00222,ACC_00178,28258.8,UPI,2026-06-19T13:19:02.716490,SUCCESS,Peer transfer,False,NONE
TXN_100941,ACC_00100,ACC_00227,12120.91,IMPS,2026-06-02T08:19:02.716490,SUCCESS,Utility bill,False,NONE
TXN_100942,ACC_00185,ACC_00129,12482.42,NEFT,2026-06-02T10:19:02.716490,SUCCESS,Peer transfer,False,NONE
TXN_100943,ACC_00281,ACC_00152,15435.41,UPI,2026-06-17T00:19:02.716490,SUCCESS,Utility bill,False,NONE
TXN_100944,ACC_00178,ACC_00140,22061.25,IMPS,2026-06-14T11:19:02.716490,SUCCESS,Rent payment,False,NONE
TXN_100945,ACC_00080,ACC_00236,24764.94,IMPS,2026-06-26T19:19:02.716490,SUCCESS,Utility bill,False,NONE
TXN_100946,ACC_00130,ACC_00245,33693.04,NEFT,2026-06-23T04:19:02.716490,SUCCESS,Peer transfer,False,NONE
TXN_100947,ACC_00283,ACC_00233,29920.73,IMPS,2026-06-29T03:19:02.716490,SUCCESS,Grocery,False,NONE
TXN_100948,ACC_00209,ACC_00127,13067.48,UPI,2026-06-03T21:19:02.716490,SUCCESS,Invoice settlement,False,NONE
TXN_100949,ACC_00292,ACC_00187,14653.98,IMPS,2026-06-26T16:19:02.716490,SUCCESS,Rent payment,False,NONE
TXN_100950,ACC_00292,ACC_00181,9709.25,UPI,2026-06-09T10:19:02.716490,SUCCESS,Invoice settlement,False,NONE
TXN_100951,ACC_00251,ACC_00229,8646.48,UPI,2026-06-06T17:19:02.716490,SUCCESS,Rent payment,False,NONE
TXN_100952,ACC_00083,ACC_00138,27998.04,NEFT,2026-06-09T04:19:02.716490,SUCCESS,Peer transfer,False,NONE
TXN_100953,ACC_00187,ACC_00184,22818.81,UPI,2026-05-31T20:19:02.716490,SUCCESS,Invoice settlement,False,NONE
TXN_100954,ACC_00110,ACC_00083,9414.69,IMPS,2026-06-24T22:19:02.716490,SUCCESS,Peer transfer,False,NONE
TXN_100955,ACC_00121,ACC_00240,29911.98,UPI,2026-06-23T05:19:02.716490,SUCCESS,Grocery,False,NONE
TXN_100956,ACC_00296,ACC_00097,11329.71,NEFT,2026-06-08T16:19:02.716490,SUCCESS,Invoice settlement,False,NONE
TXN_100957,ACC_00247,ACC_00244,31057.32,UPI,2026-06-12T13:19:02.716490,SUCCESS,Rent payment,False,NONE
TXN_100958,ACC_00104,ACC_00222,25839.57,IMPS,2026-06-28T17:19:02.716490,SUCCESS,Peer transfer,False,NONE
TXN_100959,ACC_00274,ACC_00210,9187.38,UPI,2026-06-27T16:19:02.716490,SUCCESS,Peer transfer,False,NONE
TXN_100960,ACC_00107,ACC_00273,28330.71,IMPS,2026-06-10T08:19:02.716490,SUCCESS,Utility bill,False,NONE
TXN_100961,ACC_00282,ACC_00267,26166.58,UPI,2026-06-29T03:19:02.716490,SUCCESS,Rent payment,False,NONE
TXN_100962,ACC_00103,ACC_00120,7886.75,NEFT,2026-06-08T04:19:02.716490,SUCCESS,Invoice settlement,False,NONE
TXN_100963,ACC_00296,ACC_00226,2429.43,IMPS,2026-06-17T01:19:02.716490,SUCCESS,Grocery,False,NONE
TXN_100964,ACC_00157,ACC_00215,15120.46,NEFT,2026-06-20T21:19:02.716490,SUCCESS,Rent payment,False,NONE
TXN_100965,ACC_00168,ACC_00197,25190.66,UPI,2026-06-25T23:19:02.716490,SUCCESS,Peer transfer,False,NONE
TXN_100966,ACC_00084,ACC_00291,26011.02,IMPS,2026-06-24T15:19:02.716490,SUCCESS,Rent payment,False,NONE
TXN_100967,ACC_00140,ACC_00217,13771.81,NEFT,2026-06-20T12:19:02.716490,SUCCESS,Grocery,False,NONE
TXN_100968,ACC_00212,ACC_00297,8655.18,UPI,2026-06-14T02:19:02.716490,SUCCESS,Utility bill,False,NONE
TXN_100969,ACC_00141,ACC_00153,3613.64,NEFT,2026-06-25T21:19:02.716490,SUCCESS,Rent payment,False,NONE
TXN_100970,ACC_00296,ACC_00117,32098.23,IMPS,2026-06-20T00:19:02.716490,SUCCESS,Utility bill,False,NONE
TXN_100971,ACC_00278,ACC_00084,9954.26,NEFT,2026-06-02T05:19:02.716490,SUCCESS,Utility bill,False,NONE
TXN_100972,ACC_00291,ACC_00161,25249.82,UPI,2026-06-27T17:19:02.716490,SUCCESS,Invoice settlement,False,NONE
TXN_100973,ACC_00205,ACC_00092,12639.04,IMPS,2026-06-19T13:19:02.716490,SUCCESS,Invoice settlement,False,NONE
TXN_100974,ACC_00192,ACC_00253,1443.61,IMPS,2026-06-01T10:19:02.716490,SUCCESS,Rent payment,False,NONE
TXN_100975,ACC_00237,ACC_00189,27790.17,NEFT,2026-06-03T14:19:02.716490,SUCCESS,Rent payment,False,NONE
TXN_100976,ACC_00236,ACC_00154,11323.4,UPI,2026-06-01T17:19:02.716490,SUCCESS,Rent payment,False,NONE
TXN_100977,ACC_00208,ACC_00258,33953.43,UPI,2026-06-26T10:19:02.716490,SUCCESS,Peer transfer,False,NONE
TXN_100978,ACC_00251,ACC_00181,27846.16,NEFT,2026-06-10T04:19:02.716490,SUCCESS,Rent payment,False,NONE
TXN_100979,ACC_00142,ACC_00120,24217.61,NEFT,2026-06-26T00:19:02.716490,SUCCESS,Rent payment,False,NONE
TXN_100980,ACC_00097,ACC_00182,13182.18,IMPS,2026-06-12T02:19:02.716490,SUCCESS,Rent payment,False,NONE
TXN_100981,ACC_00218,ACC_00241,21614.11,NEFT,2026-06-06T16:19:02.716490,SUCCESS,Rent payment,False,NONE
TXN_100982,ACC_00143,ACC_00255,29888.17,IMPS,2026-06-01T02:19:02.716490,SUCCESS,Utility bill,False,NONE
TXN_100983,ACC_00229,ACC_00142,5649.17,IMPS,2026-06-10T19:19:02.716490,SUCCESS,Grocery,False,NONE
TXN_100984,ACC_00079,ACC_00259,18641.4,IMPS,2026-06-24T04:19:02.716490,SUCCESS,Utility bill,False,NONE
TXN_100985,ACC_00106,ACC_00133,25117.95,NEFT,2026-06-05T22:19:02.716490,SUCCESS,Utility bill,False,NONE
TXN_100986,ACC_00173,ACC_00109,15380.15,UPI,2026-06-06T09:19:02.716490,SUCCESS,Invoice settlement,False,NONE
TXN_100987,ACC_00262,ACC_00249,7033.03,UPI,2026-06-05T03:19:02.716490,SUCCESS,Grocery,False,NONE
TXN_100988,ACC_00150,ACC_00143,8624.25,NEFT,2026-06-13T21:19:02.716490,SUCCESS,Peer transfer,False,NONE
TXN_100989,ACC_00251,ACC_00241,16306.66,UPI,2026-05-31T05:19:02.716490,SUCCESS,Invoice settlement,False,NONE
TXN_100990,ACC_00253,ACC_00177,24196.41,IMPS,2026-06-22T02:19:02.716490,SUCCESS,Utility bill,False,NONE
TXN_100991,ACC_00264,ACC_00228,9339.78,UPI,2026-06-03T07:19:02.716490,SUCCESS,Grocery,False,NONE
TXN_100992,ACC_00161,ACC_00136,16747.17,IMPS,2026-06-11T09:19:02.716490,SUCCESS,Peer transfer,False,NONE
TXN_100993,ACC_00257,ACC_00267,28439.93,IMPS,2026-05-30T22:19:02.716490,SUCCESS,Peer transfer,False,NONE
TXN_100994,ACC_00173,ACC_00153,34224.57,UPI,2026-06-21T01:19:02.716490,SUCCESS,Peer transfer,False,NONE
TXN_100995,ACC_00086,ACC_00224,6688.34,NEFT,2026-06-05T06:19:02.716490,SUCCESS,Invoice settlement,False,NONE
TXN_100996,ACC_00300,ACC_00195,5051.22,IMPS,2026-06-10T12:19:02.716490,SUCCESS,Utility bill,False,NONE
TXN_100997,ACC_00112,ACC_00142,4531.05,NEFT,2026-05-31T18:19:02.716490,SUCCESS,Invoice settlement,False,NONE
TXN_100998,ACC_00267,ACC_00168,32455.18,IMPS,2026-06-08T22:19:02.716490,SUCCESS,Invoice settlement,False,NONE
TXN_100999,ACC_00208,ACC_00156,15534.25,IMPS,2026-06-05T00:19:02.716490,SUCCESS,Utility bill,False,NONE
